Order ID,Order Date,Ship Date,Ship Mode,Segment,Country,Region,Category,Sub-Category,Product Name,Sales,Quantity,Discount,Profit
ORD-100001,2021-05-02,2021-05-05,Second Class,Corporate,Romania,Europe,Furniture,Bookcases,Library Wall Unit,358.91,8,0.1,794.304
ORD-100002,2023-03-17,2023-03-19,First Class,Home Office,Russia,Europe,Technology,Accessories,USB Hub,644.57,5,0.0,199.76
ORD-100003,2022-12-01,2022-12-08,Second Class,Consumer,Nigeria,MEA,Furniture,Furnishings,Desk Lamp,1601.68,3,0.2,1409.1440000000002
ORD-100004,2022-01-23,2022-01-24,Standard Class,Consumer,France,Europe,Furniture,Bookcases,Library Wall Unit,3380.06,2,0.4,120.366
ORD-100005,2021-02-04,2021-02-10,First Class,Corporate,Australia,APAC,Technology,Machines,Laminator Machine,1374.8,2,0.25,927.9975
ORD-100006,2021-06-11,2021-06-13,First Class,Consumer,Brazil,LATAM,Office Supplies,Binders,Presentation Binder,3132.95,8,0.2,558.336
ORD-100007,2021-08-05,2021-08-09,First Class,Consumer,Ireland,Europe,Furniture,Furnishings,Desk Lamp,2128.55,9,0.0,-464.04
ORD-100008,2022-08-16,2022-08-19,First Class,Consumer,Canada,North America,Furniture,Furnishings,Plant Holder,2767.71,5,0.4,194.68200000000002
ORD-100009,2023-03-16,2023-03-19,Standard Class,Consumer,New Zealand,APAC,Technology,Phones,Office Phone System,2073.63,6,0.5,395.43
ORD-100010,2022-05-18,2022-05-25,Second Class,Home Office,Greece,Europe,Furniture,Bookcases,Corner Bookcase,903.68,9,0.4,-264.924
ORD-100011,2022-04-30,2022-05-07,Standard Class,Consumer,Sweden,Europe,Technology,Copiers,Color Laser Copier,2119.42,4,0.2,133.144
ORD-100012,2023-03-07,2023-03-11,Standard Class,Consumer,Nigeria,MEA,Office Supplies,Binders,3-Ring Binder,772.36,4,0.5,122.995
ORD-100013,2022-09-25,2022-09-29,Standard Class,Consumer,Chile,LATAM,Furniture,Bookcases,Corner Bookcase,1240.47,3,0.2,-97.03200000000001
ORD-100014,2022-10-26,2022-11-02,Standard Class,Corporate,Colombia,LATAM,Furniture,Tables,Conference Table,597.34,8,0.3,300.174
ORD-100015,2024-02-11,2024-02-16,Standard Class,Consumer,Venezuela,LATAM,Office Supplies,Art,Art Supplies Kit,1004.09,1,0.5,451.0
ORD-100016,2024-02-28,2024-03-04,Second Class,Consumer,Australia,APAC,Office Supplies,Fasteners,Paper Clips,1718.19,6,0.2,836.7280000000001
ORD-100017,2021-07-17,2021-07-23,Standard Class,Corporate,Netherlands,Europe,Technology,Phones,Headset Premium,1879.85,1,0.3,166.45299999999997
ORD-100018,2021-05-27,2021-05-31,Second Class,Consumer,Brazil,LATAM,Furniture,Bookcases,Library Wall Unit,2261.65,4,0.3,762.412
ORD-100019,2021-05-31,2021-06-07,Second Class,Corporate,Romania,Europe,Office Supplies,Supplies,Scissors,3071.91,3,0.2,814.368
ORD-100020,2021-09-11,2021-09-15,Same Day,Consumer,UAE,MEA,Furniture,Furnishings,Plant Holder,1958.44,7,0.3,98.98
ORD-100021,2022-09-20,2022-09-23,First Class,Consumer,Indonesia,APAC,Technology,Machines,Folding Machine,3275.37,4,0.15,882.8695
ORD-100022,2023-05-28,2023-05-30,Standard Class,Home Office,Greece,Europe,Office Supplies,Paper,Notebook Set,1704.79,3,0.3,-66.759
ORD-100023,2024-11-16,2024-11-23,Standard Class,Consumer,Germany,Europe,Furniture,Tables,Conference Table,2526.08,1,0.5,172.875
ORD-100024,2024-07-30,2024-08-02,Standard Class,Home Office,Nigeria,MEA,Office Supplies,Labels,Shipping Labels,2783.89,1,0.0,-50.94
ORD-100025,2024-04-10,2024-04-14,Standard Class,Corporate,Peru,LATAM,Technology,Machines,Laminator Machine,1650.11,5,0.15,298.6645
ORD-100026,2024-01-28,2024-02-01,Same Day,Consumer,New Zealand,APAC,Furniture,Furnishings,Desk Lamp,2987.0,5,0.2,93.992
ORD-100027,2022-11-17,2022-11-19,Second Class,Home Office,France,Europe,Office Supplies,Paper,Cardstock Pack,2156.38,6,0.2,-142.24800000000002
ORD-100028,2021-09-03,2021-09-10,Second Class,Corporate,Colombia,LATAM,Office Supplies,Binders,Presentation Binder,1034.64,7,0.4,817.956
ORD-100029,2021-01-20,2021-01-21,Second Class,Consumer,South Korea,APAC,Furniture,Furnishings,Filing Cabinet,257.58,3,0.2,-349.184
ORD-100030,2022-07-29,2022-08-04,Standard Class,Corporate,Portugal,Europe,Office Supplies,Supplies,Hole Punch,1010.03,6,0.0,-414.1
ORD-100031,2023-12-13,2023-12-17,Standard Class,Consumer,Brazil,LATAM,Technology,Accessories,Mouse Wireless,763.22,5,0.2,-242.96
ORD-100032,2021-09-26,2021-09-28,Second Class,Corporate,Thailand,APAC,Office Supplies,Fasteners,Stapler Set,1811.89,3,0.0,417.29
ORD-100033,2023-03-02,2023-03-09,Same Day,Consumer,Indonesia,APAC,Office Supplies,Fasteners,Rubber Bands,2438.95,5,0.0,-101.42
ORD-100034,2022-05-03,2022-05-08,Second Class,Corporate,United States,North America,Technology,Accessories,Keyboard Dual,986.97,7,0.1,816.264
ORD-100035,2024-05-28,2024-06-02,Standard Class,Corporate,France,Europe,Office Supplies,Supplies,Hole Punch,338.61,4,0.1,531.5400000000001
ORD-100036,2021-12-23,2021-12-30,Standard Class,Consumer,UAE,MEA,Office Supplies,Supplies,Scissors,177.73,6,0.1,1385.424
ORD-100037,2024-09-10,2024-09-15,First Class,Consumer,Denmark,Europe,Office Supplies,Binders,Accordion Folder,578.64,8,0.2,1337.424
ORD-100038,2023-08-15,2023-08-18,Standard Class,Corporate,Chile,LATAM,Technology,Machines,Folding Machine,2874.03,3,0.0,1710.74
ORD-100039,2024-06-30,2024-07-03,Standard Class,Consumer,Spain,Europe,Technology,Machines,Postal Scale,2167.71,7,0.0,1008.16
ORD-100040,2024-05-04,2024-05-06,Standard Class,Consumer,Belgium,Europe,Office Supplies,Binders,Presentation Binder,2441.61,8,0.0,461.28
ORD-100041,2024-01-28,2024-02-01,Standard Class,Corporate,Austria,Europe,Office Supplies,Envelopes,Business Envelope,1308.34,7,0.25,1120.7775
ORD-100042,2023-05-17,2023-05-18,Second Class,Corporate,Norway,Europe,Furniture,Furnishings,Desk Lamp,1328.27,1,0.0,1400.85
ORD-100043,2024-06-10,2024-06-13,Standard Class,Consumer,Nigeria,MEA,Furniture,Bookcases,Library Wall Unit,328.59,7,0.0,818.91
ORD-100044,2024-03-20,2024-03-21,Standard Class,Corporate,Israel,MEA,Furniture,Chairs,Stack Chair Set,405.99,5,0.4,1044.462
ORD-100045,2022-10-20,2022-10-27,Standard Class,Corporate,Mexico,LATAM,Technology,Accessories,USB Hub,509.04,1,0.15,-260.5675
ORD-100046,2021-01-29,2021-02-03,Standard Class,Home Office,Sweden,Europe,Office Supplies,Paper,Cardstock Pack,823.97,8,0.0,1524.83
ORD-100047,2024-06-29,2024-07-06,Standard Class,Corporate,Saudi Arabia,MEA,Technology,Copiers,Multifunction Copier,1691.02,6,0.2,380.568
ORD-100048,2024-05-28,2024-06-03,Standard Class,Consumer,UAE,MEA,Technology,Copiers,Desktop Scanner,206.5,8,0.3,848.183
ORD-100049,2024-12-03,2024-12-04,Standard Class,Consumer,France,Europe,Furniture,Furnishings,Filing Cabinet,790.35,6,0.4,-283.224
ORD-100050,2021-07-22,2021-07-26,Standard Class,Home Office,Norway,Europe,Furniture,Chairs,Stack Chair Set,267.55,3,0.0,1729.4
ORD-100051,2024-10-28,2024-11-03,Standard Class,Corporate,Argentina,LATAM,Technology,Phones,Wireless Phone Pro,2049.26,7,0.3,1123.5559999999998
ORD-100052,2024-10-03,2024-10-07,Standard Class,Corporate,Spain,Europe,Office Supplies,Art,Art Supplies Kit,1628.31,2,0.1,1566.999
ORD-100053,2022-04-06,2022-04-10,Standard Class,Consumer,Colombia,LATAM,Office Supplies,Fasteners,Paper Clips,955.64,3,0.15,1431.859
ORD-100054,2024-06-28,2024-07-03,First Class,Consumer,United Kingdom,Europe,Technology,Phones,Office Phone System,585.27,8,0.0,1288.49
ORD-100055,2023-04-07,2023-04-10,Standard Class,Corporate,Argentina,LATAM,Technology,Phones,Headset Premium,1996.09,1,0.0,-415.31
ORD-100056,2023-02-10,2023-02-15,First Class,Home Office,United States,North America,Furniture,Furnishings,Wall Clock,2052.17,5,0.1,1117.161
ORD-100057,2022-11-16,2022-11-21,Standard Class,Consumer,Indonesia,APAC,Furniture,Chairs,Executive Leather Chair,733.22,1,0.0,1241.1
ORD-100058,2021-04-28,2021-05-01,Standard Class,Corporate,Portugal,Europe,Technology,Machines,Laminator Machine,1825.37,1,0.15,1467.389
ORD-100059,2023-07-08,2023-07-15,Standard Class,Corporate,Switzerland,Europe,Office Supplies,Storage,Storage Box,2748.49,2,0.5,-5.09
ORD-100060,2023-05-09,2023-05-12,Standard Class,Corporate,Hungary,Europe,Office Supplies,Labels,Shipping Labels,3165.51,4,0.3,477.52599999999995
ORD-100061,2021-05-13,2021-05-18,First Class,Corporate,Russia,Europe,Technology,Machines,Shredder Pro,523.29,8,0.0,631.87
ORD-100062,2021-02-12,2021-02-15,Standard Class,Consumer,Turkey,MEA,Furniture,Tables,Standing Desk,274.76,9,0.2,-164.39200000000002
ORD-100063,2021-10-08,2021-10-11,Standard Class,Corporate,Denmark,Europe,Technology,Accessories,Keyboard Dual,3061.37,2,0.4,8.91
ORD-100064,2023-04-18,2023-04-19,Standard Class,Consumer,Egypt,MEA,Furniture,Tables,Folding Table,1875.14,2,0.0,657.86
ORD-100065,2021-08-27,2021-09-02,Second Class,Corporate,Thailand,APAC,Technology,Phones,Office Phone System,557.85,1,0.4,898.2539999999999
ORD-100066,2021-02-25,2021-03-03,Standard Class,Home Office,Japan,APAC,Furniture,Bookcases,5-Shelf Bookcase,834.05,7,0.25,867.8925
ORD-100067,2023-07-08,2023-07-14,Second Class,Consumer,UAE,MEA,Office Supplies,Storage,Storage Cabinet,2626.16,2,0.4,188.72400000000002
ORD-100068,2024-07-20,2024-07-27,Standard Class,Consumer,China,APAC,Furniture,Bookcases,5-Shelf Bookcase,321.32,9,0.0,288.73
ORD-100069,2021-04-21,2021-04-27,Standard Class,Consumer,South Korea,APAC,Office Supplies,Storage,Storage Box,2058.08,8,0.25,369.615
ORD-100070,2021-11-11,2021-11-16,Second Class,Consumer,Indonesia,APAC,Office Supplies,Paper,Copy Paper A4,1162.92,9,0.0,-482.67
ORD-100071,2021-12-16,2021-12-23,First Class,Consumer,Egypt,MEA,Office Supplies,Labels,Barcode Labels,204.23,9,0.2,-304.992
ORD-100072,2021-03-16,2021-03-20,Standard Class,Consumer,Denmark,Europe,Furniture,Furnishings,Plant Holder,28.5,6,0.0,628.72
ORD-100073,2023-11-16,2023-11-19,Standard Class,Corporate,Hungary,Europe,Technology,Accessories,USB Hub,2936.65,5,0.15,1467.4315000000001
ORD-100074,2021-01-01,2021-01-03,Standard Class,Corporate,Germany,Europe,Technology,Machines,Postal Scale,2689.55,6,0.1,597.636
ORD-100075,2021-01-10,2021-01-15,Standard Class,Consumer,Austria,Europe,Furniture,Bookcases,Library Wall Unit,231.18,2,0.25,1022.0325
ORD-100076,2024-12-13,2024-12-19,Second Class,Corporate,United States,North America,Technology,Phones,Wireless Phone Pro,382.38,5,0.0,-214.12
ORD-100077,2024-09-05,2024-09-11,First Class,Consumer,Netherlands,Europe,Furniture,Tables,Folding Table,177.85,8,0.5,664.555
ORD-100078,2021-03-19,2021-03-21,Standard Class,Consumer,Mexico,LATAM,Office Supplies,Storage,Storage Box,3178.45,9,0.4,241.572
ORD-100079,2023-11-13,2023-11-20,Second Class,Home Office,Ireland,Europe,Technology,Machines,Shredder Pro,1764.49,9,0.0,1569.02
ORD-100080,2022-08-02,2022-08-09,Standard Class,Corporate,Australia,APAC,Office Supplies,Envelopes,Tyvek Envelope,2559.62,4,0.0,726.96
ORD-100081,2023-09-24,2023-09-27,Standard Class,Consumer,Romania,Europe,Technology,Machines,Postal Scale,2606.37,4,0.15,970.9975
ORD-100082,2023-03-26,2023-03-30,Standard Class,Consumer,United Kingdom,Europe,Technology,Accessories,USB Hub,1604.93,4,0.25,491.445
ORD-100083,2024-12-05,2024-12-12,Second Class,Consumer,Japan,APAC,Furniture,Chairs,Stack Chair Set,2098.57,4,0.0,1147.21
ORD-100084,2024-03-03,2024-03-10,Standard Class,Home Office,Colombia,LATAM,Furniture,Furnishings,Wall Clock,1622.4,8,0.0,906.34
ORD-100085,2023-06-07,2023-06-12,Second Class,Corporate,Israel,MEA,Technology,Machines,Folding Machine,2478.26,1,0.4,-204.888
ORD-100086,2023-03-25,2023-03-30,Standard Class,Home Office,Belgium,Europe,Office Supplies,Supplies,Scissors,3447.1,4,0.15,1212.2955
ORD-100087,2024-12-25,2024-12-26,Second Class,Consumer,United States,North America,Technology,Accessories,Mouse Wireless,2607.43,4,0.3,-342.545
ORD-100088,2024-05-18,2024-05-21,First Class,Home Office,New Zealand,APAC,Technology,Copiers,Multifunction Copier,2583.88,1,0.5,-212.225
ORD-100089,2021-10-12,2021-10-19,Standard Class,Consumer,Russia,Europe,Furniture,Bookcases,Corner Bookcase,978.78,2,0.1,616.41
ORD-100090,2024-10-15,2024-10-16,Standard Class,Consumer,Saudi Arabia,MEA,Furniture,Chairs,Gaming Chair X,1055.59,7,0.0,-17.22
ORD-100091,2021-10-13,2021-10-16,Standard Class,Consumer,Indonesia,APAC,Office Supplies,Supplies,Tape Dispenser,239.32,3,0.0,706.1
ORD-100092,2024-07-11,2024-07-16,Standard Class,Corporate,Chile,LATAM,Furniture,Tables,Standing Desk,273.51,3,0.4,73.62599999999999
ORD-100093,2024-04-16,2024-04-23,Standard Class,Consumer,Vietnam,APAC,Office Supplies,Art,Framed Print,2309.64,1,0.3,7.377999999999999
ORD-100094,2024-06-16,2024-06-21,Standard Class,Consumer,Russia,Europe,Technology,Copiers,Color Laser Copier,633.12,1,0.25,-203.45999999999998
ORD-100095,2021-06-14,2021-06-20,Same Day,Corporate,Norway,Europe,Office Supplies,Supplies,Ruler Set,725.4,7,0.0,-470.1
ORD-100096,2024-08-01,2024-08-05,Standard Class,Consumer,India,APAC,Furniture,Bookcases,5-Shelf Bookcase,2466.77,1,0.1,257.562
ORD-100097,2021-09-18,2021-09-23,Standard Class,Corporate,Singapore,APAC,Technology,Accessories,Mouse Wireless,1438.85,9,0.0,1480.46
ORD-100098,2021-05-08,2021-05-09,Standard Class,Home Office,Greece,Europe,Office Supplies,Labels,Address Labels,1701.88,1,0.3,522.0319999999999
ORD-100099,2021-01-04,2021-01-06,First Class,Consumer,Thailand,APAC,Furniture,Bookcases,5-Shelf Bookcase,1844.66,2,0.2,857.056
ORD-100100,2021-02-03,2021-02-04,Standard Class,Corporate,Brazil,LATAM,Office Supplies,Supplies,Scissors,1424.32,6,0.4,693.882
ORD-100101,2021-06-17,2021-06-19,First Class,Home Office,Singapore,APAC,Office Supplies,Envelopes,Tyvek Envelope,2105.8,9,0.1,-86.98500000000001
ORD-100102,2021-05-10,2021-05-14,Standard Class,Consumer,Thailand,APAC,Furniture,Tables,Conference Table,3355.61,1,0.0,-292.22
ORD-100103,2024-02-11,2024-02-14,Standard Class,Consumer,UAE,MEA,Furniture,Chairs,Stack Chair Set,1046.95,3,0.15,505.68199999999996
ORD-100104,2023-01-21,2023-01-25,Standard Class,Consumer,Israel,MEA,Office Supplies,Labels,Address Labels,575.43,4,0.5,723.37
ORD-100105,2022-12-14,2022-12-15,Standard Class,Corporate,Thailand,APAC,Technology,Accessories,USB Hub,1450.65,8,0.4,334.36199999999997
ORD-100106,2021-04-12,2021-04-14,Same Day,Consumer,Greece,Europe,Technology,Accessories,USB Hub,369.8,5,0.5,804.91
ORD-100107,2021-08-04,2021-08-07,Standard Class,Corporate,Saudi Arabia,MEA,Office Supplies,Paper,Notebook Set,2565.46,5,0.0,1015.2
ORD-100108,2022-05-04,2022-05-09,Second Class,Home Office,South Africa,MEA,Office Supplies,Supplies,Scissors,2348.01,7,0.0,-84.68
ORD-100109,2021-05-17,2021-05-20,Second Class,Consumer,Egypt,MEA,Office Supplies,Binders,Accordion Folder,3236.14,2,0.5,835.905
ORD-100110,2022-09-07,2022-09-08,Standard Class,Home Office,Argentina,LATAM,Technology,Accessories,Keyboard Dual,2279.08,8,0.0,789.56
ORD-100111,2023-09-10,2023-09-14,Standard Class,Corporate,Thailand,APAC,Office Supplies,Storage,Storage Box,2007.77,8,0.0,738.32
ORD-100112,2024-02-06,2024-02-12,Standard Class,Corporate,Nigeria,MEA,Furniture,Chairs,Executive Leather Chair,1467.1,3,0.4,1066.674
ORD-100113,2023-03-25,2023-03-29,Standard Class,Home Office,Sweden,Europe,Furniture,Tables,Folding Table,193.87,1,0.1,543.15
ORD-100114,2021-12-06,2021-12-11,Standard Class,Consumer,South Africa,MEA,Technology,Phones,Office Phone System,2565.63,1,0.0,574.81
ORD-100115,2022-12-06,2022-12-11,Standard Class,Consumer,Switzerland,Europe,Office Supplies,Art,Poster Set,3457.15,9,0.0,400.75
ORD-100116,2022-12-11,2022-12-18,Standard Class,Corporate,Germany,Europe,Technology,Accessories,USB Hub,3078.12,8,0.5,789.285
ORD-100117,2024-08-26,2024-08-31,First Class,Consumer,Portugal,Europe,Furniture,Bookcases,Library Wall Unit,2908.94,2,0.3,4.984
ORD-100118,2023-12-07,2023-12-14,Standard Class,Consumer,Venezuela,LATAM,Office Supplies,Storage,Storage Cabinet,3094.41,3,0.0,1788.29
ORD-100119,2021-06-09,2021-06-12,Standard Class,Corporate,Singapore,APAC,Technology,Accessories,Cable Kit,793.3,8,0.3,604.632
ORD-100120,2023-09-15,2023-09-20,Standard Class,Home Office,Mexico,LATAM,Furniture,Tables,Coffee Table,3111.73,9,0.0,1482.89
ORD-100121,2023-09-11,2023-09-15,Standard Class,Corporate,Canada,North America,Technology,Machines,Postal Scale,1310.68,8,0.5,581.935
ORD-100122,2023-08-31,2023-09-01,Second Class,Consumer,UAE,MEA,Office Supplies,Labels,Address Labels,224.69,3,0.4,488.41799999999995
ORD-100123,2021-08-04,2021-08-07,Second Class,Home Office,Ireland,Europe,Office Supplies,Supplies,Hole Punch,3039.88,1,0.5,747.39
ORD-100124,2021-07-10,2021-07-13,Second Class,Corporate,New Zealand,APAC,Furniture,Bookcases,5-Shelf Bookcase,2636.98,7,0.1,1373.4
ORD-100125,2021-03-23,2021-03-27,Standard Class,Corporate,Denmark,Europe,Technology,Accessories,Cable Kit,1951.07,7,0.0,160.19
ORD-100126,2022-12-01,2022-12-06,Standard Class,Corporate,Vietnam,APAC,Technology,Phones,Wireless Phone Pro,2731.66,6,0.0,1250.36
ORD-100127,2024-05-30,2024-06-04,Second Class,Consumer,Spain,Europe,Furniture,Furnishings,Filing Cabinet,367.76,4,0.0,1082.14
ORD-100128,2023-06-05,2023-06-06,Second Class,Corporate,Germany,Europe,Technology,Machines,Postal Scale,212.14,8,0.5,730.275
ORD-100129,2023-10-28,2023-11-02,Second Class,Consumer,Mexico,LATAM,Technology,Phones,Headset Premium,87.21,6,0.0,80.77
ORD-100130,2024-01-28,2024-02-02,Same Day,Consumer,Poland,Europe,Office Supplies,Binders,Presentation Binder,2991.19,7,0.5,3.885
ORD-100131,2023-04-29,2023-05-05,Standard Class,Corporate,Australia,APAC,Technology,Accessories,Keyboard Dual,537.19,5,0.1,871.749
ORD-100132,2023-07-23,2023-07-30,Standard Class,Home Office,Brazil,LATAM,Technology,Phones,Wireless Phone Pro,2612.97,3,0.0,998.83
ORD-100133,2024-08-25,2024-09-01,Standard Class,Home Office,Italy,Europe,Office Supplies,Fasteners,Stapler Set,1593.39,2,0.0,-458.92
ORD-100134,2022-06-11,2022-06-12,Standard Class,Home Office,Belgium,Europe,Furniture,Furnishings,Plant Holder,14.3,7,0.0,896.8
ORD-100135,2023-10-11,2023-10-16,Standard Class,Consumer,Turkey,MEA,Furniture,Tables,Folding Table,948.79,8,0.25,160.3725
ORD-100136,2024-10-21,2024-10-28,Standard Class,Consumer,Sweden,Europe,Furniture,Furnishings,Desk Lamp,2104.07,9,0.0,1691.09
ORD-100137,2023-06-08,2023-06-14,Standard Class,Consumer,New Zealand,APAC,Technology,Accessories,Mouse Wireless,507.31,6,0.15,-13.77
ORD-100138,2021-08-13,2021-08-14,Standard Class,Home Office,Finland,Europe,Office Supplies,Supplies,Ruler Set,3090.04,1,0.0,322.94
ORD-100139,2021-05-23,2021-05-25,Second Class,Consumer,Romania,Europe,Office Supplies,Labels,Barcode Labels,153.73,1,0.25,722.8425
ORD-100140,2024-12-10,2024-12-11,Standard Class,Home Office,France,Europe,Technology,Accessories,USB Hub,2484.62,8,0.25,856.8000000000001
ORD-100141,2021-07-27,2021-07-31,Second Class,Consumer,Turkey,MEA,Office Supplies,Fasteners,Stapler Set,2095.19,6,0.4,363.648
ORD-100142,2023-06-28,2023-06-29,Second Class,Corporate,New Zealand,APAC,Office Supplies,Labels,Barcode Labels,3052.52,3,0.2,465.13599999999997
ORD-100143,2023-07-03,2023-07-06,Standard Class,Corporate,Thailand,APAC,Furniture,Bookcases,5-Shelf Bookcase,807.31,8,0.3,444.17799999999994
ORD-100144,2024-05-15,2024-05-16,Standard Class,Consumer,Chile,LATAM,Office Supplies,Storage,File Cart,2943.18,1,0.1,1055.241
ORD-100145,2021-06-01,2021-06-03,Same Day,Consumer,Russia,Europe,Furniture,Furnishings,Plant Holder,3035.94,9,0.0,-432.39
ORD-100146,2023-01-25,2023-01-28,Second Class,Corporate,Portugal,Europe,Office Supplies,Fasteners,Rubber Bands,1000.65,3,0.0,952.59
ORD-100147,2024-08-14,2024-08-18,First Class,Corporate,China,APAC,Furniture,Bookcases,Corner Bookcase,1311.24,2,0.2,359.97600000000006
ORD-100148,2021-01-14,2021-01-21,Standard Class,Consumer,Hungary,Europe,Furniture,Chairs,Executive Leather Chair,1263.72,2,0.2,-99.12
ORD-100149,2024-12-18,2024-12-22,Standard Class,Home Office,South Korea,APAC,Furniture,Furnishings,Filing Cabinet,466.75,7,0.5,766.265
ORD-100150,2021-05-13,2021-05-17,Standard Class,Corporate,Mexico,LATAM,Office Supplies,Envelopes,Padded Mailer,2061.72,1,0.3,-81.05999999999999
ORD-100151,2021-11-01,2021-11-02,Standard Class,Consumer,Turkey,MEA,Furniture,Bookcases,5-Shelf Bookcase,2471.8,8,0.15,-22.5845
ORD-100152,2021-10-09,2021-10-14,Standard Class,Consumer,Turkey,MEA,Office Supplies,Labels,Shipping Labels,2243.61,3,0.15,-73.083
ORD-100153,2022-11-24,2022-11-26,Standard Class,Consumer,United Kingdom,Europe,Furniture,Chairs,Stack Chair Set,3378.26,2,0.3,678.986
ORD-100154,2024-08-10,2024-08-14,Standard Class,Corporate,Romania,Europe,Technology,Machines,Laminator Machine,448.84,4,0.0,-35.74
ORD-100155,2024-10-13,2024-10-18,Standard Class,Corporate,Japan,APAC,Office Supplies,Envelopes,Business Envelope,3372.08,2,0.0,1427.67
ORD-100156,2021-10-30,2021-10-31,Second Class,Consumer,UAE,MEA,Technology,Accessories,Cable Kit,116.05,8,0.3,760.1370000000001
ORD-100157,2023-12-29,2023-12-30,Standard Class,Corporate,Finland,Europe,Furniture,Bookcases,Library Wall Unit,382.01,2,0.0,891.39
ORD-100158,2022-08-12,2022-08-19,Second Class,Home Office,Canada,North America,Furniture,Chairs,Ergo Chair Pro,2587.19,4,0.0,429.52
ORD-100159,2024-07-26,2024-07-29,First Class,Home Office,Vietnam,APAC,Office Supplies,Storage,Shelving Unit,3042.46,1,0.25,137.10000000000002
ORD-100160,2021-05-23,2021-05-28,Second Class,Corporate,India,APAC,Furniture,Chairs,Stack Chair Set,1337.66,9,0.0,46.35
ORD-100161,2023-09-01,2023-09-03,Second Class,Consumer,Venezuela,LATAM,Technology,Machines,Shredder Pro,2660.11,9,0.0,747.44
ORD-100162,2024-03-02,2024-03-04,Standard Class,Corporate,Japan,APAC,Office Supplies,Labels,Address Labels,1847.92,4,0.5,629.615
ORD-100163,2022-09-11,2022-09-18,First Class,Corporate,Brazil,LATAM,Office Supplies,Binders,Accordion Folder,3139.53,5,0.3,704.0529999999999
ORD-100164,2023-08-22,2023-08-27,Standard Class,Consumer,China,APAC,Furniture,Chairs,Executive Leather Chair,1004.21,3,0.25,162.0075
ORD-100165,2024-09-30,2024-10-06,Standard Class,Consumer,Austria,Europe,Office Supplies,Binders,Presentation Binder,642.21,7,0.2,143.31199999999998
ORD-100166,2024-11-09,2024-11-13,Standard Class,Home Office,Venezuela,LATAM,Office Supplies,Envelopes,Padded Mailer,161.51,7,0.15,1176.5105
ORD-100167,2022-11-13,2022-11-14,Standard Class,Corporate,Nigeria,MEA,Furniture,Tables,Conference Table,836.68,5,0.0,132.05
ORD-100168,2023-09-20,2023-09-27,Second Class,Consumer,Indonesia,APAC,Technology,Accessories,USB Hub,2057.26,1,0.0,1499.3
ORD-100169,2022-02-23,2022-02-27,Standard Class,Consumer,Finland,Europe,Technology,Phones,Wireless Phone Pro,729.59,9,0.3,449.7919999999999
ORD-100170,2022-09-29,2022-10-06,Standard Class,Corporate,Australia,APAC,Technology,Copiers,Multifunction Copier,2538.56,7,0.25,-153.51749999999998
ORD-100171,2021-02-05,2021-02-10,Second Class,Home Office,Indonesia,APAC,Office Supplies,Labels,Shipping Labels,3130.73,3,0.3,170.625
ORD-100172,2022-06-01,2022-06-05,Standard Class,Consumer,Brazil,LATAM,Furniture,Bookcases,5-Shelf Bookcase,825.66,5,0.25,1143.135
ORD-100173,2024-02-28,2024-03-06,Standard Class,Consumer,France,Europe,Office Supplies,Art,Framed Print,1330.88,6,0.0,1789.61
ORD-100174,2022-03-29,2022-04-03,Standard Class,Corporate,Poland,Europe,Office Supplies,Art,Art Supplies Kit,2226.01,9,0.2,585.92
ORD-100175,2022-05-30,2022-06-05,Same Day,Consumer,Switzerland,Europe,Furniture,Bookcases,5-Shelf Bookcase,828.9,3,0.25,-340.455
ORD-100176,2023-09-05,2023-09-12,Second Class,Corporate,Turkey,MEA,Furniture,Chairs,Executive Leather Chair,3027.75,5,0.15,-113.55999999999999
ORD-100177,2023-02-09,2023-02-12,Standard Class,Consumer,Mexico,LATAM,Furniture,Bookcases,Corner Bookcase,844.3,1,0.5,699.08
ORD-100178,2021-05-23,2021-05-29,First Class,Consumer,Poland,Europe,Office Supplies,Art,Poster Set,1987.35,4,0.4,391.59
ORD-100179,2021-05-14,2021-05-17,Second Class,Corporate,Venezuela,LATAM,Office Supplies,Labels,Shipping Labels,2767.21,4,0.3,169.267
ORD-100180,2021-09-23,2021-09-24,Same Day,Consumer,Greece,Europe,Office Supplies,Storage,Shelving Unit,2017.32,6,0.0,1622.34
ORD-100181,2023-06-18,2023-06-21,Standard Class,Corporate,Mexico,LATAM,Furniture,Tables,Folding Table,1401.33,9,0.1,-197.95499999999998
ORD-100182,2023-11-02,2023-11-06,Standard Class,Consumer,Egypt,MEA,Office Supplies,Art,Framed Print,1098.24,4,0.0,138.83
ORD-100183,2021-10-14,2021-10-17,Standard Class,Corporate,Brazil,LATAM,Furniture,Bookcases,Corner Bookcase,1979.9,2,0.4,-7.776
ORD-100184,2021-03-24,2021-03-25,Same Day,Corporate,Netherlands,Europe,Office Supplies,Envelopes,Tyvek Envelope,506.45,9,0.0,-91.14
ORD-100185,2024-10-14,2024-10-18,First Class,Home Office,South Africa,MEA,Furniture,Furnishings,Plant Holder,1078.83,4,0.0,712.2
ORD-100186,2022-04-28,2022-05-05,Standard Class,Home Office,Romania,Europe,Office Supplies,Fasteners,Paper Clips,1844.01,6,0.2,949.848
ORD-100187,2021-09-03,2021-09-09,Standard Class,Consumer,Nigeria,MEA,Furniture,Tables,Coffee Table,916.75,7,0.4,-38.22
ORD-100188,2021-12-04,2021-12-09,Second Class,Home Office,United Kingdom,Europe,Furniture,Chairs,Ergo Chair Pro,3358.92,4,0.0,-247.61
ORD-100189,2022-06-30,2022-07-04,Standard Class,Consumer,Netherlands,Europe,Technology,Phones,Headset Premium,859.74,2,0.25,1023.435
ORD-100190,2021-04-15,2021-04-16,First Class,Corporate,Belgium,Europe,Furniture,Tables,Standing Desk,2308.84,9,0.0,1360.43
ORD-100191,2021-08-20,2021-08-25,Standard Class,Home Office,Peru,LATAM,Furniture,Chairs,Executive Leather Chair,2889.71,7,0.0,388.6
ORD-100192,2022-04-12,2022-04-17,Standard Class,Consumer,Nigeria,MEA,Furniture,Bookcases,5-Shelf Bookcase,2583.64,1,0.2,851.616
ORD-100193,2022-10-26,2022-10-27,First Class,Corporate,Sweden,Europe,Furniture,Bookcases,Library Wall Unit,3348.19,5,0.25,234.36
ORD-100194,2022-07-17,2022-07-20,Second Class,Home Office,Vietnam,APAC,Technology,Machines,Laminator Machine,1448.34,5,0.15,1069.3509999999999
ORD-100195,2023-07-10,2023-07-11,Second Class,Consumer,Spain,Europe,Office Supplies,Fasteners,Paper Clips,1342.97,2,0.0,-220.81
ORD-100196,2023-02-06,2023-02-08,Standard Class,Home Office,Germany,Europe,Office Supplies,Paper,Copy Paper A4,1134.53,4,0.5,876.965
ORD-100197,2024-06-03,2024-06-06,Second Class,Corporate,Sweden,Europe,Furniture,Furnishings,Wall Clock,162.64,1,0.25,657.465
ORD-100198,2023-03-01,2023-03-05,Standard Class,Corporate,Canada,North America,Furniture,Furnishings,Wall Clock,850.02,5,0.0,1539.93
ORD-100199,2023-02-19,2023-02-20,First Class,Consumer,Egypt,MEA,Technology,Accessories,Keyboard Dual,1908.62,5,0.1,1575.279
ORD-100200,2022-08-21,2022-08-27,Standard Class,Corporate,Vietnam,APAC,Office Supplies,Fasteners,Stapler Set,3446.5,6,0.0,-251.73
ORD-100201,2024-12-01,2024-12-05,Standard Class,Home Office,Egypt,MEA,Technology,Machines,Laminator Machine,2567.48,5,0.0,669.23
ORD-100202,2024-02-26,2024-03-02,Second Class,Home Office,Indonesia,APAC,Technology,Phones,Office Phone System,568.65,8,0.0,1205.94
ORD-100203,2022-04-18,2022-04-20,First Class,Consumer,France,Europe,Furniture,Furnishings,Plant Holder,2600.79,7,0.5,-33.77
ORD-100204,2021-11-10,2021-11-16,First Class,Corporate,New Zealand,APAC,Furniture,Chairs,Gaming Chair X,2916.05,9,0.0,1244.96
ORD-100205,2024-05-19,2024-05-24,Standard Class,Home Office,Turkey,MEA,Technology,Machines,Laminator Machine,445.25,4,0.0,1294.92
ORD-100206,2022-02-09,2022-02-11,Second Class,Consumer,Greece,Europe,Office Supplies,Envelopes,Padded Mailer,2172.37,4,0.3,274.155
ORD-100207,2021-12-02,2021-12-04,Standard Class,Corporate,Saudi Arabia,MEA,Technology,Copiers,Multifunction Copier,1969.58,4,0.25,666.015
ORD-100208,2024-09-04,2024-09-10,First Class,Consumer,Portugal,Europe,Office Supplies,Binders,Accordion Folder,530.01,8,0.4,676.602
ORD-100209,2024-04-21,2024-04-22,Standard Class,Consumer,Denmark,Europe,Technology,Machines,Postal Scale,319.22,4,0.0,875.92
ORD-100210,2024-07-07,2024-07-11,Standard Class,Corporate,Israel,MEA,Technology,Phones,Office Phone System,2751.92,6,0.5,600.985
ORD-100211,2023-08-31,2023-09-03,Standard Class,Consumer,UAE,MEA,Furniture,Chairs,Gaming Chair X,94.43,6,0.15,587.8430000000001
ORD-100212,2022-08-04,2022-08-09,Standard Class,Consumer,Thailand,APAC,Technology,Phones,Headset Premium,1621.45,4,0.0,500.91
ORD-100213,2022-10-03,2022-10-04,Standard Class,Corporate,United Kingdom,Europe,Office Supplies,Binders,Presentation Binder,34.53,9,0.15,15.3085
ORD-100214,2023-05-26,2023-05-28,Standard Class,Home Office,Philippines,APAC,Furniture,Bookcases,5-Shelf Bookcase,994.83,7,0.0,133.91
ORD-100215,2021-07-24,2021-07-30,Standard Class,Corporate,Mexico,LATAM,Office Supplies,Supplies,Ruler Set,238.13,4,0.25,-294.7875
ORD-100216,2023-12-30,2024-01-06,Standard Class,Consumer,Argentina,LATAM,Office Supplies,Storage,Storage Box,836.38,8,0.5,857.905
ORD-100217,2021-05-22,2021-05-23,Second Class,Home Office,China,APAC,Technology,Phones,Office Phone System,1735.74,5,0.0,-166.58
ORD-100218,2022-01-19,2022-01-23,Same Day,Consumer,Poland,Europe,Office Supplies,Envelopes,Business Envelope,1229.78,9,0.0,-152.13
ORD-100219,2022-08-16,2022-08-21,Standard Class,Home Office,Germany,Europe,Technology,Accessories,USB Hub,803.66,9,0.2,902.416
ORD-100220,2023-05-03,2023-05-08,Standard Class,Consumer,Saudi Arabia,MEA,Office Supplies,Labels,Shipping Labels,3310.49,9,0.0,-275.61
ORD-100221,2024-08-10,2024-08-14,Standard Class,Corporate,South Africa,MEA,Technology,Phones,Headset Premium,1252.35,3,0.0,1308.44
ORD-100222,2021-08-02,2021-08-09,Second Class,Consumer,Norway,Europe,Technology,Phones,Office Phone System,725.04,5,0.15,-109.0295
ORD-100223,2023-05-31,2023-06-07,Second Class,Corporate,Mexico,LATAM,Technology,Phones,Wireless Phone Pro,1938.27,8,0.0,1591.21
ORD-100224,2022-08-24,2022-08-27,Second Class,Consumer,Finland,Europe,Office Supplies,Art,Canvas Pack,1337.67,3,0.1,1546.47
ORD-100225,2022-04-30,2022-05-05,Second Class,Consumer,Italy,Europe,Office Supplies,Supplies,Ruler Set,1100.1,9,0.25,522.33
ORD-100226,2021-09-16,2021-09-19,First Class,Consumer,Turkey,MEA,Office Supplies,Art,Poster Set,976.4,8,0.15,-149.906
ORD-100227,2022-09-05,2022-09-09,Second Class,Home Office,United States,North America,Technology,Machines,Folding Machine,2797.09,6,0.0,1529.56
ORD-100228,2023-10-10,2023-10-15,Standard Class,Home Office,Italy,Europe,Technology,Accessories,Mouse Wireless,2540.9,2,0.0,1793.28
ORD-100229,2021-07-15,2021-07-16,Standard Class,Corporate,Denmark,Europe,Technology,Copiers,Color Laser Copier,2882.12,5,0.0,-68.95
ORD-100230,2024-11-01,2024-11-04,Second Class,Corporate,Belgium,Europe,Furniture,Furnishings,Filing Cabinet,3155.52,9,0.1,76.446
ORD-100231,2021-06-05,2021-06-07,Standard Class,Corporate,Nigeria,MEA,Technology,Machines,Folding Machine,361.22,5,0.0,-173.46
ORD-100232,2024-04-14,2024-04-20,Second Class,Corporate,New Zealand,APAC,Technology,Copiers,Desktop Scanner,2585.86,3,0.0,-209.59
ORD-100233,2022-03-30,2022-03-31,Standard Class,Corporate,South Africa,MEA,Office Supplies,Binders,Accordion Folder,2296.94,1,0.25,-249.645
ORD-100234,2021-08-15,2021-08-16,Standard Class,Consumer,France,Europe,Office Supplies,Paper,Notebook Set,1070.77,4,0.0,1503.77
ORD-100235,2022-10-08,2022-10-11,Second Class,Home Office,Romania,Europe,Furniture,Bookcases,5-Shelf Bookcase,10.66,2,0.25,279.645
ORD-100236,2022-08-19,2022-08-20,Same Day,Consumer,Mexico,LATAM,Furniture,Furnishings,Filing Cabinet,156.67,8,0.4,1033.416
ORD-100237,2021-10-11,2021-10-15,Second Class,Home Office,Nigeria,MEA,Furniture,Bookcases,Corner Bookcase,3436.48,9,0.5,472.475
ORD-100238,2022-11-07,2022-11-08,Standard Class,Consumer,Indonesia,APAC,Technology,Machines,Shredder Pro,854.21,1,0.25,114.6075
ORD-100239,2021-02-10,2021-02-14,Second Class,Consumer,Mexico,LATAM,Technology,Phones,Headset Premium,235.07,8,0.0,1035.95
ORD-100240,2022-04-22,2022-04-28,Standard Class,Consumer,Vietnam,APAC,Office Supplies,Paper,Photo Paper,2783.08,3,0.5,894.755
ORD-100241,2023-10-10,2023-10-15,Standard Class,Consumer,Egypt,MEA,Technology,Phones,Wireless Phone Pro,1843.09,9,0.0,1497.67
ORD-100242,2022-03-14,2022-03-18,Standard Class,Corporate,Portugal,Europe,Furniture,Furnishings,Desk Lamp,1630.87,9,0.0,1552.8
ORD-100243,2021-06-28,2021-07-02,Second Class,Corporate,Belgium,Europe,Office Supplies,Supplies,Scissors,2370.73,4,0.15,1113.1005
ORD-100244,2024-10-16,2024-10-17,Standard Class,Consumer,France,Europe,Office Supplies,Art,Poster Set,948.67,6,0.15,1317.8400000000001
ORD-100245,2024-11-04,2024-11-06,First Class,Corporate,Argentina,LATAM,Furniture,Chairs,Gaming Chair X,3400.65,1,0.0,-48.98
ORD-100246,2021-02-18,2021-02-24,Standard Class,Corporate,Greece,Europe,Furniture,Furnishings,Plant Holder,182.74,8,0.5,720.515
ORD-100247,2022-09-10,2022-09-13,Standard Class,Consumer,Finland,Europe,Office Supplies,Fasteners,Paper Clips,164.91,9,0.3,964.8589999999998
ORD-100248,2021-07-02,2021-07-03,First Class,Corporate,Venezuela,LATAM,Furniture,Chairs,Gaming Chair X,113.54,3,0.5,-98.79
ORD-100249,2022-04-01,2022-04-06,Standard Class,Consumer,Vietnam,APAC,Furniture,Chairs,Gaming Chair X,2501.97,1,0.4,1017.984
ORD-100250,2022-12-28,2022-12-29,Standard Class,Consumer,United Kingdom,Europe,Furniture,Bookcases,Corner Bookcase,2117.25,2,0.0,-236.68
ORD-100251,2023-07-25,2023-07-29,Second Class,Consumer,Switzerland,Europe,Furniture,Bookcases,Corner Bookcase,3152.12,3,0.3,1166.1789999999999
ORD-100252,2023-06-29,2023-07-01,Second Class,Home Office,Belgium,Europe,Furniture,Tables,Standing Desk,494.66,9,0.3,-101.542
ORD-100253,2024-10-05,2024-10-07,Standard Class,Home Office,France,Europe,Office Supplies,Storage,Storage Box,50.86,3,0.5,308.9
ORD-100254,2021-08-11,2021-08-12,Standard Class,Consumer,Thailand,APAC,Technology,Accessories,USB Hub,2554.82,9,0.15,1228.1565
ORD-100255,2023-11-20,2023-11-24,Standard Class,Consumer,Malaysia,APAC,Office Supplies,Art,Canvas Pack,799.71,3,0.0,1472.39
ORD-100256,2024-02-16,2024-02-20,Standard Class,Consumer,China,APAC,Furniture,Bookcases,Library Wall Unit,1381.48,8,0.2,541.496
ORD-100257,2024-03-17,2024-03-20,Standard Class,Home Office,Chile,LATAM,Furniture,Bookcases,5-Shelf Bookcase,98.81,2,0.0,283.39
ORD-100258,2021-11-21,2021-11-23,Second Class,Consumer,Denmark,Europe,Technology,Accessories,Mouse Wireless,2947.61,8,0.15,462.57000000000005
ORD-100259,2022-03-19,2022-03-22,Standard Class,Consumer,Germany,Europe,Furniture,Chairs,Executive Leather Chair,3374.42,4,0.4,-246.18599999999998
ORD-100260,2023-06-30,2023-07-05,Second Class,Consumer,Malaysia,APAC,Technology,Accessories,Mouse Wireless,1019.46,5,0.4,-139.72799999999998
ORD-100261,2021-07-20,2021-07-21,Same Day,Consumer,Singapore,APAC,Furniture,Bookcases,Library Wall Unit,317.82,4,0.0,386.68
ORD-100262,2022-11-05,2022-11-10,Standard Class,Consumer,Peru,LATAM,Office Supplies,Art,Framed Print,2669.04,7,0.0,319.23
ORD-100263,2023-10-01,2023-10-06,Standard Class,Consumer,Portugal,Europe,Furniture,Bookcases,Corner Bookcase,3382.8,7,0.0,298.74
ORD-100264,2021-05-19,2021-05-23,Second Class,Consumer,Chile,LATAM,Technology,Machines,Postal Scale,1412.21,1,0.0,1524.72
ORD-100265,2022-06-04,2022-06-08,Standard Class,Corporate,Ireland,Europe,Office Supplies,Paper,Photo Paper,2985.43,5,0.0,1585.97
ORD-100266,2021-09-03,2021-09-08,Standard Class,Consumer,Colombia,LATAM,Furniture,Tables,Coffee Table,2613.05,7,0.1,1194.0120000000002
ORD-100267,2021-05-27,2021-05-29,Standard Class,Home Office,Turkey,MEA,Furniture,Tables,Standing Desk,3433.65,4,0.15,725.968
ORD-100268,2022-12-16,2022-12-17,Standard Class,Corporate,Austria,Europe,Office Supplies,Storage,Storage Box,1274.32,1,0.0,1557.24
ORD-100269,2023-06-22,2023-06-27,Second Class,Corporate,Colombia,LATAM,Office Supplies,Art,Canvas Pack,1672.93,9,0.25,1098.0825
ORD-100270,2024-09-08,2024-09-11,Standard Class,Home Office,Saudi Arabia,MEA,Furniture,Chairs,Ergo Chair Pro,117.46,7,0.0,596.74
ORD-100271,2021-05-06,2021-05-11,Standard Class,Corporate,Belgium,Europe,Office Supplies,Storage,File Cart,1261.92,2,0.3,98.80499999999999
ORD-100272,2023-03-05,2023-03-06,Standard Class,Home Office,Switzerland,Europe,Furniture,Tables,Coffee Table,323.44,7,0.0,1197.1
ORD-100273,2021-07-07,2021-07-08,Second Class,Consumer,South Korea,APAC,Furniture,Chairs,Stack Chair Set,2683.74,4,0.0,911.29
ORD-100274,2022-02-18,2022-02-25,Standard Class,Consumer,Ireland,Europe,Technology,Phones,Office Phone System,240.37,3,0.25,-183.52499999999998
ORD-100275,2021-12-24,2021-12-26,Standard Class,Consumer,Sweden,Europe,Furniture,Furnishings,Filing Cabinet,278.25,7,0.0,1327.39
ORD-100276,2021-04-21,2021-04-28,Standard Class,Consumer,South Africa,MEA,Office Supplies,Art,Poster Set,821.02,7,0.0,1348.01
ORD-100277,2021-11-17,2021-11-18,Standard Class,Consumer,Mexico,LATAM,Office Supplies,Fasteners,Stapler Set,2245.26,5,0.1,-5.724
ORD-100278,2022-06-28,2022-07-04,Second Class,Consumer,Indonesia,APAC,Furniture,Chairs,Executive Leather Chair,1594.27,4,0.25,581.7825
ORD-100279,2022-02-12,2022-02-19,First Class,Corporate,Turkey,MEA,Office Supplies,Labels,Shipping Labels,1938.23,4,0.5,641.65
ORD-100280,2024-01-04,2024-01-05,First Class,Home Office,Argentina,LATAM,Technology,Copiers,Desktop Scanner,2622.77,9,0.0,675.6
ORD-100281,2023-03-29,2023-03-30,Standard Class,Corporate,UAE,MEA,Office Supplies,Supplies,Tape Dispenser,1197.89,9,0.5,700.72
ORD-100282,2023-06-30,2023-07-03,Standard Class,Home Office,Malaysia,APAC,Technology,Phones,Headset Premium,1524.02,1,0.15,312.65549999999996
ORD-100283,2023-07-18,2023-07-22,Standard Class,Corporate,Italy,Europe,Technology,Phones,Wireless Phone Pro,2218.16,8,0.2,-391.968
ORD-100284,2022-06-07,2022-06-08,Same Day,Corporate,Poland,Europe,Furniture,Chairs,Stack Chair Set,2369.62,9,0.3,-180.362
ORD-100285,2024-08-20,2024-08-27,Standard Class,Consumer,Indonesia,APAC,Technology,Machines,Postal Scale,1756.4,9,0.0,552.71
ORD-100286,2023-11-03,2023-11-05,First Class,Consumer,Argentina,LATAM,Office Supplies,Storage,Storage Cabinet,1936.72,4,0.0,-12.41
ORD-100287,2022-09-13,2022-09-20,Standard Class,Home Office,Canada,North America,Office Supplies,Storage,Shelving Unit,2131.05,2,0.3,-130.07399999999998
ORD-100288,2022-06-24,2022-06-30,Standard Class,Home Office,India,APAC,Office Supplies,Storage,Storage Cabinet,705.26,4,0.1,144.936
ORD-100289,2023-12-04,2023-12-11,Standard Class,Consumer,Greece,Europe,Furniture,Chairs,Ergo Chair Pro,2925.83,5,0.15,234.5065
ORD-100290,2021-04-21,2021-04-27,Standard Class,Consumer,Nigeria,MEA,Furniture,Furnishings,Filing Cabinet,1862.97,6,0.0,-477.18
ORD-100291,2021-04-29,2021-05-03,Second Class,Consumer,Malaysia,APAC,Furniture,Furnishings,Filing Cabinet,942.71,1,0.25,-148.1325
ORD-100292,2023-01-15,2023-01-17,Standard Class,Consumer,Italy,Europe,Technology,Accessories,USB Hub,644.27,7,0.1,257.53499999999997
ORD-100293,2022-04-29,2022-05-04,Standard Class,Consumer,India,APAC,Furniture,Tables,Folding Table,3409.94,3,0.3,530.6139999999999
ORD-100294,2023-12-19,2023-12-23,Standard Class,Consumer,Japan,APAC,Furniture,Bookcases,5-Shelf Bookcase,3149.1,9,0.0,887.57
ORD-100295,2024-02-02,2024-02-03,Standard Class,Corporate,Sweden,Europe,Technology,Machines,Laminator Machine,844.66,8,0.0,752.31
ORD-100296,2021-12-28,2021-12-29,Standard Class,Consumer,China,APAC,Office Supplies,Paper,Copy Paper A4,2182.22,3,0.5,878.9
ORD-100297,2022-07-18,2022-07-24,Standard Class,Consumer,Japan,APAC,Technology,Copiers,Color Laser Copier,1023.86,9,0.3,760.9
ORD-100298,2021-09-05,2021-09-11,Standard Class,Consumer,UAE,MEA,Furniture,Tables,Conference Table,1460.59,6,0.5,625.25
ORD-100299,2022-08-21,2022-08-27,Second Class,Home Office,Norway,Europe,Furniture,Tables,Conference Table,1614.23,3,0.15,446.03749999999997
ORD-100300,2021-02-19,2021-02-22,Same Day,Consumer,Philippines,APAC,Furniture,Bookcases,5-Shelf Bookcase,1377.59,6,0.3,-32.949
ORD-100301,2021-10-01,2021-10-04,Standard Class,Corporate,Greece,Europe,Technology,Accessories,Cable Kit,624.57,6,0.15,-399.52549999999997
ORD-100302,2021-09-02,2021-09-04,Second Class,Consumer,Brazil,LATAM,Technology,Phones,Headset Premium,3385.01,8,0.4,358.122
ORD-100303,2023-01-24,2023-01-30,Second Class,Consumer,Norway,Europe,Technology,Accessories,USB Hub,2994.67,9,0.1,-431.289
ORD-100304,2023-05-22,2023-05-24,First Class,Consumer,Czech Republic,Europe,Office Supplies,Fasteners,Stapler Set,1806.25,6,0.1,58.824
ORD-100305,2024-06-24,2024-06-27,First Class,Consumer,Belgium,Europe,Technology,Machines,Postal Scale,3342.42,1,0.3,875.2239999999999
ORD-100306,2024-10-14,2024-10-17,First Class,Corporate,Venezuela,LATAM,Technology,Machines,Folding Machine,971.66,1,0.0,1782.62
ORD-100307,2023-12-18,2023-12-20,Standard Class,Corporate,Belgium,Europe,Furniture,Bookcases,Corner Bookcase,3214.65,4,0.2,530.96
ORD-100308,2021-12-20,2021-12-25,Standard Class,Consumer,Netherlands,Europe,Furniture,Chairs,Ergo Chair Pro,794.87,4,0.1,1038.663
ORD-100309,2021-07-18,2021-07-25,Standard Class,Home Office,Egypt,MEA,Technology,Machines,Shredder Pro,3164.11,8,0.1,418.257
ORD-100310,2021-08-09,2021-08-10,Standard Class,Consumer,Germany,Europe,Technology,Accessories,Keyboard Dual,1041.97,7,0.3,236.60699999999997
ORD-100311,2021-02-09,2021-02-16,First Class,Consumer,China,APAC,Technology,Phones,Wireless Phone Pro,1169.35,2,0.25,233.2425
ORD-100312,2022-09-20,2022-09-27,Standard Class,Consumer,Germany,Europe,Technology,Accessories,USB Hub,3259.22,5,0.3,-349.979
ORD-100313,2024-01-14,2024-01-19,Standard Class,Consumer,Brazil,LATAM,Furniture,Chairs,Executive Leather Chair,1536.81,3,0.15,1000.8665
ORD-100314,2024-09-28,2024-09-30,Standard Class,Corporate,Chile,LATAM,Office Supplies,Storage,File Cart,1067.23,5,0.3,57.028999999999996
ORD-100315,2022-05-19,2022-05-25,First Class,Home Office,Mexico,LATAM,Furniture,Tables,Folding Table,1382.25,5,0.25,765.2475000000001
ORD-100316,2023-09-04,2023-09-07,Standard Class,Consumer,Denmark,Europe,Office Supplies,Binders,Accordion Folder,2203.23,6,0.3,232.351
ORD-100317,2024-04-29,2024-04-30,Standard Class,Corporate,Peru,LATAM,Technology,Phones,Headset Premium,610.59,1,0.3,372.58899999999994
ORD-100318,2022-02-11,2022-02-13,First Class,Consumer,Australia,APAC,Technology,Machines,Laminator Machine,2554.14,9,0.0,-429.03
ORD-100319,2021-09-02,2021-09-05,Second Class,Consumer,New Zealand,APAC,Furniture,Chairs,Ergo Chair Pro,424.87,1,0.2,610.728
ORD-100320,2022-01-04,2022-01-07,Standard Class,Consumer,Saudi Arabia,MEA,Technology,Accessories,Mouse Wireless,2739.78,3,0.25,1000.77
ORD-100321,2023-07-14,2023-07-17,Standard Class,Consumer,Finland,Europe,Office Supplies,Binders,3-Ring Binder,2474.61,1,0.0,743.69
ORD-100322,2022-10-21,2022-10-25,Same Day,Consumer,United States,North America,Furniture,Bookcases,Corner Bookcase,801.28,9,0.0,1057.45
ORD-100323,2023-04-20,2023-04-27,Standard Class,Corporate,Philippines,APAC,Technology,Accessories,Keyboard Dual,1101.89,7,0.0,1456.56
ORD-100324,2021-04-23,2021-04-27,Standard Class,Corporate,Indonesia,APAC,Technology,Accessories,Keyboard Dual,1013.84,5,0.5,223.405
ORD-100325,2023-06-07,2023-06-10,Second Class,Home Office,Brazil,LATAM,Furniture,Chairs,Ergo Chair Pro,1251.93,2,0.3,753.564
ORD-100326,2024-03-10,2024-03-14,Same Day,Consumer,United Kingdom,Europe,Technology,Accessories,Cable Kit,2353.46,7,0.2,369.73600000000005
ORD-100327,2024-11-16,2024-11-18,First Class,Home Office,Belgium,Europe,Furniture,Furnishings,Filing Cabinet,1580.91,1,0.0,1732.56
ORD-100328,2024-05-12,2024-05-19,Standard Class,Consumer,United Kingdom,Europe,Office Supplies,Paper,Copy Paper A4,932.32,2,0.3,841.6589999999999
ORD-100329,2021-08-07,2021-08-12,Second Class,Consumer,Australia,APAC,Office Supplies,Labels,Shipping Labels,3240.07,4,0.5,244.93
ORD-100330,2023-03-13,2023-03-19,Standard Class,Corporate,Turkey,MEA,Technology,Machines,Laminator Machine,3377.9,9,0.0,1045.73
ORD-100331,2023-12-25,2023-12-28,First Class,Corporate,Brazil,LATAM,Furniture,Bookcases,Library Wall Unit,379.61,5,0.5,597.015
ORD-100332,2021-10-11,2021-10-12,Standard Class,Corporate,Peru,LATAM,Furniture,Bookcases,Corner Bookcase,63.73,4,0.2,65.704
ORD-100333,2022-09-10,2022-09-16,First Class,Consumer,Austria,Europe,Technology,Phones,Office Phone System,3419.75,1,0.4,-288.516
ORD-100334,2022-10-06,2022-10-11,First Class,Corporate,Greece,Europe,Technology,Phones,Headset Premium,1799.42,3,0.25,20.325000000000003
ORD-100335,2021-02-08,2021-02-09,Standard Class,Corporate,Malaysia,APAC,Furniture,Chairs,Executive Leather Chair,2866.11,4,0.0,-6.87
ORD-100336,2023-08-21,2023-08-27,Standard Class,Consumer,United Kingdom,Europe,Technology,Machines,Shredder Pro,2127.49,2,0.2,1142.824
ORD-100337,2022-01-22,2022-01-24,Second Class,Consumer,Hungary,Europe,Technology,Copiers,Color Laser Copier,1802.5,7,0.25,1328.715
ORD-100338,2021-10-22,2021-10-23,Standard Class,Consumer,Japan,APAC,Technology,Accessories,Cable Kit,3029.52,1,0.15,1255.9515
ORD-100339,2024-04-26,2024-05-02,Standard Class,Corporate,Argentina,LATAM,Technology,Phones,Office Phone System,1502.33,4,0.0,993.44
ORD-100340,2024-03-08,2024-03-10,Standard Class,Home Office,Czech Republic,Europe,Technology,Machines,Shredder Pro,86.48,4,0.15,557.6424999999999
ORD-100341,2023-10-24,2023-10-30,Standard Class,Consumer,Malaysia,APAC,Office Supplies,Supplies,Ruler Set,50.11,9,0.0,1625.26
ORD-100342,2022-03-31,2022-04-03,Second Class,Consumer,Egypt,MEA,Furniture,Chairs,Ergo Chair Pro,2851.3,4,0.0,-246.01
ORD-100343,2021-10-04,2021-10-09,Standard Class,Consumer,United Kingdom,Europe,Furniture,Furnishings,Plant Holder,1244.72,4,0.25,986.5274999999999
ORD-100344,2024-10-17,2024-10-19,Standard Class,Consumer,Vietnam,APAC,Technology,Machines,Postal Scale,3294.51,1,0.0,-264.09
ORD-100345,2022-09-22,2022-09-27,Standard Class,Consumer,Canada,North America,Office Supplies,Storage,Storage Box,2372.52,1,0.2,449.79200000000003
ORD-100346,2022-10-15,2022-10-21,Standard Class,Consumer,Switzerland,Europe,Furniture,Bookcases,Corner Bookcase,1352.96,7,0.0,1203.44
ORD-100347,2023-01-28,2023-01-29,Standard Class,Corporate,Egypt,MEA,Office Supplies,Envelopes,Padded Mailer,1214.85,3,0.4,188.892
ORD-100348,2021-09-04,2021-09-11,Standard Class,Corporate,Austria,Europe,Office Supplies,Paper,Cardstock Pack,1374.7,3,0.15,4.2245
ORD-100349,2021-01-19,2021-01-22,Standard Class,Consumer,Chile,LATAM,Technology,Phones,Wireless Phone Pro,2440.54,1,0.0,253.37
ORD-100350,2022-07-14,2022-07-15,Same Day,Consumer,Sweden,Europe,Office Supplies,Paper,Cardstock Pack,1740.01,7,0.25,818.8275
ORD-100351,2023-03-28,2023-04-04,Standard Class,Home Office,India,APAC,Furniture,Chairs,Executive Leather Chair,1473.26,1,0.0,1471.81
ORD-100352,2024-03-13,2024-03-14,Second Class,Consumer,France,Europe,Technology,Phones,Wireless Phone Pro,2562.29,9,0.25,923.3025
ORD-100353,2022-09-22,2022-09-23,Standard Class,Consumer,Belgium,Europe,Furniture,Tables,Folding Table,1865.21,3,0.0,1466.44
ORD-100354,2024-06-09,2024-06-11,Standard Class,Consumer,Thailand,APAC,Technology,Copiers,Color Laser Copier,3157.19,2,0.25,1138.4325000000001
ORD-100355,2022-11-16,2022-11-18,Second Class,Consumer,Italy,Europe,Technology,Phones,Headset Premium,1320.39,6,0.0,1793.52
ORD-100356,2021-02-09,2021-02-12,Second Class,Consumer,Singapore,APAC,Furniture,Bookcases,Library Wall Unit,2476.15,4,0.5,174.905
ORD-100357,2023-06-17,2023-06-23,Standard Class,Home Office,Netherlands,Europe,Office Supplies,Fasteners,Stapler Set,2949.72,9,0.0,1277.46
ORD-100358,2024-10-23,2024-10-28,Standard Class,Consumer,China,APAC,Furniture,Furnishings,Plant Holder,1232.21,4,0.0,-466.36
ORD-100359,2023-07-14,2023-07-16,Standard Class,Corporate,Indonesia,APAC,Furniture,Bookcases,Library Wall Unit,3179.72,7,0.0,496.28
ORD-100360,2024-07-16,2024-07-19,Standard Class,Corporate,UAE,MEA,Office Supplies,Envelopes,Business Envelope,955.59,8,0.25,166.35000000000002
ORD-100361,2021-10-27,2021-10-30,First Class,Consumer,Ireland,Europe,Furniture,Bookcases,Corner Bookcase,665.84,1,0.4,660.696
ORD-100362,2022-01-19,2022-01-25,First Class,Corporate,Italy,Europe,Technology,Accessories,Mouse Wireless,2426.33,3,0.15,1037.799
ORD-100363,2023-05-18,2023-05-25,Standard Class,Corporate,United States,North America,Office Supplies,Envelopes,Business Envelope,933.58,7,0.1,1236.924
ORD-100364,2021-12-06,2021-12-10,Second Class,Corporate,Germany,Europe,Technology,Copiers,Desktop Scanner,535.62,8,0.0,567.18
ORD-100365,2023-04-08,2023-04-14,First Class,Home Office,Nigeria,MEA,Office Supplies,Envelopes,Business Envelope,2337.3,6,0.3,1095.647
ORD-100366,2024-07-05,2024-07-08,First Class,Home Office,Ireland,Europe,Technology,Phones,Headset Premium,2846.37,6,0.5,898.725
ORD-100367,2021-12-31,2022-01-03,First Class,Corporate,Malaysia,APAC,Furniture,Bookcases,Library Wall Unit,852.82,1,0.0,-448.42
ORD-100368,2022-05-16,2022-05-19,Standard Class,Consumer,Egypt,MEA,Technology,Accessories,Mouse Wireless,64.94,8,0.0,1124.16
ORD-100369,2022-12-10,2022-12-15,First Class,Consumer,Austria,Europe,Technology,Copiers,Color Laser Copier,1414.15,3,0.3,-238.378
ORD-100370,2024-07-23,2024-07-26,Standard Class,Corporate,Belgium,Europe,Technology,Copiers,Color Laser Copier,3040.75,2,0.2,738.0880000000001
ORD-100371,2023-11-04,2023-11-07,First Class,Corporate,United Kingdom,Europe,Technology,Phones,Office Phone System,3322.71,2,0.5,529.16
ORD-100372,2022-07-25,2022-08-01,Standard Class,Corporate,Argentina,LATAM,Technology,Copiers,Multifunction Copier,3410.12,6,0.4,465.46799999999996
ORD-100373,2023-08-01,2023-08-02,Second Class,Consumer,United States,North America,Technology,Machines,Postal Scale,2932.41,2,0.0,1076.41
ORD-100374,2022-06-16,2022-06-22,Standard Class,Consumer,Finland,Europe,Technology,Copiers,Color Laser Copier,3186.64,8,0.4,254.60399999999998
ORD-100375,2023-05-26,2023-05-29,First Class,Consumer,Sweden,Europe,Office Supplies,Envelopes,Business Envelope,191.44,8,0.25,23.1225
ORD-100376,2023-12-05,2023-12-08,Standard Class,Corporate,Saudi Arabia,MEA,Technology,Machines,Shredder Pro,3102.47,5,0.2,127.19200000000001
ORD-100377,2022-09-23,2022-09-24,Second Class,Home Office,Canada,North America,Technology,Copiers,Multifunction Copier,1632.88,5,0.0,299.27
ORD-100378,2022-05-09,2022-05-12,Standard Class,Home Office,Italy,Europe,Furniture,Chairs,Gaming Chair X,2765.04,7,0.4,16.523999999999997
ORD-100379,2024-01-13,2024-01-16,Standard Class,Consumer,Turkey,MEA,Office Supplies,Labels,Shipping Labels,3448.71,9,0.25,-177.60750000000002
ORD-100380,2023-05-12,2023-05-16,Standard Class,Consumer,Philippines,APAC,Technology,Machines,Laminator Machine,2894.9,1,0.0,1050.19
ORD-100381,2021-06-15,2021-06-22,Second Class,Home Office,Norway,Europe,Furniture,Tables,Standing Desk,3453.68,8,0.2,-218.608
ORD-100382,2022-05-01,2022-05-03,Standard Class,Corporate,Denmark,Europe,Technology,Copiers,Desktop Scanner,1774.23,8,0.0,-492.78
ORD-100383,2021-04-16,2021-04-21,Standard Class,Home Office,Poland,Europe,Furniture,Chairs,Stack Chair Set,1470.94,9,0.15,992.3834999999999
ORD-100384,2024-07-18,2024-07-25,First Class,Corporate,Peru,LATAM,Office Supplies,Storage,Storage Cabinet,1887.7,7,0.0,1259.87
ORD-100385,2022-03-23,2022-03-27,Second Class,Consumer,Ireland,Europe,Office Supplies,Storage,Storage Box,1696.3,3,0.2,-184.69600000000003
ORD-100386,2021-08-12,2021-08-18,Standard Class,Corporate,Peru,LATAM,Office Supplies,Supplies,Hole Punch,3162.51,1,0.0,-96.37
ORD-100387,2024-03-01,2024-03-05,Second Class,Consumer,Indonesia,APAC,Furniture,Chairs,Gaming Chair X,1938.79,9,0.5,-87.595
ORD-100388,2023-01-08,2023-01-14,Standard Class,Consumer,Hungary,Europe,Furniture,Tables,Coffee Table,2117.44,6,0.25,588.87
ORD-100389,2024-01-05,2024-01-06,First Class,Home Office,Brazil,LATAM,Office Supplies,Supplies,Hole Punch,2555.83,5,0.0,1047.36
ORD-100390,2024-11-30,2024-12-04,Standard Class,Home Office,New Zealand,APAC,Technology,Accessories,USB Hub,12.28,2,0.0,942.86
ORD-100391,2024-07-20,2024-07-22,Standard Class,Consumer,Sweden,Europe,Furniture,Tables,Folding Table,837.43,7,0.25,-16.995
ORD-100392,2024-07-19,2024-07-26,Standard Class,Consumer,UAE,MEA,Technology,Copiers,Multifunction Copier,1710.56,2,0.0,1119.39
ORD-100393,2022-08-29,2022-09-03,Standard Class,Home Office,Sweden,Europe,Office Supplies,Envelopes,Padded Mailer,168.63,1,0.25,16.125
ORD-100394,2022-01-19,2022-01-23,Standard Class,Corporate,China,APAC,Furniture,Furnishings,Filing Cabinet,981.86,9,0.0,1635.28
ORD-100395,2021-05-20,2021-05-21,Standard Class,Corporate,Israel,MEA,Furniture,Furnishings,Wall Clock,2709.1,9,0.3,-45.486
ORD-100396,2023-06-02,2023-06-05,Standard Class,Corporate,Colombia,LATAM,Office Supplies,Art,Framed Print,1993.94,1,0.0,44.95
ORD-100397,2023-08-04,2023-08-10,Standard Class,Home Office,Belgium,Europe,Furniture,Chairs,Gaming Chair X,76.85,3,0.15,-253.844
ORD-100398,2023-12-23,2023-12-26,Standard Class,Consumer,Venezuela,LATAM,Technology,Copiers,Color Laser Copier,2233.46,1,0.15,901.4675
ORD-100399,2024-05-26,2024-05-27,Standard Class,Corporate,Hungary,Europe,Office Supplies,Labels,Barcode Labels,992.84,4,0.4,688.1460000000001
ORD-100400,2023-03-07,2023-03-08,Standard Class,Corporate,New Zealand,APAC,Technology,Machines,Shredder Pro,320.57,8,0.0,1651.61
ORD-100401,2023-07-01,2023-07-05,Standard Class,Consumer,Japan,APAC,Office Supplies,Art,Poster Set,962.6,7,0.3,1120.308
ORD-100402,2023-07-05,2023-07-07,First Class,Consumer,France,Europe,Office Supplies,Supplies,Tape Dispenser,628.4,8,0.1,-212.373
ORD-100403,2024-07-29,2024-08-05,Second Class,Consumer,Colombia,LATAM,Furniture,Bookcases,Library Wall Unit,1414.4,2,0.0,1242.17
ORD-100404,2022-11-01,2022-11-04,Standard Class,Consumer,Germany,Europe,Technology,Machines,Laminator Machine,1203.96,9,0.0,1411.18
ORD-100405,2024-03-12,2024-03-14,Standard Class,Corporate,Nigeria,MEA,Furniture,Tables,Conference Table,1056.8,4,0.3,-85.309
ORD-100406,2021-04-01,2021-04-03,Second Class,Consumer,United Kingdom,Europe,Office Supplies,Paper,Notebook Set,379.43,3,0.15,597.7455
ORD-100407,2021-07-22,2021-07-27,Standard Class,Home Office,France,Europe,Office Supplies,Binders,3-Ring Binder,2732.16,5,0.2,265.24
ORD-100408,2021-12-26,2021-12-30,Second Class,Consumer,Thailand,APAC,Office Supplies,Envelopes,Business Envelope,2163.13,7,0.4,789.4979999999999
ORD-100409,2022-08-29,2022-08-30,Standard Class,Consumer,Japan,APAC,Technology,Machines,Postal Scale,120.91,5,0.25,224.46750000000003
ORD-100410,2021-04-21,2021-04-22,Standard Class,Consumer,Denmark,Europe,Furniture,Furnishings,Desk Lamp,892.47,6,0.4,836.5020000000001
ORD-100411,2022-06-13,2022-06-19,Standard Class,Consumer,Saudi Arabia,MEA,Office Supplies,Labels,Barcode Labels,739.62,1,0.15,487.38149999999996
ORD-100412,2022-10-17,2022-10-23,Standard Class,Consumer,Mexico,LATAM,Furniture,Tables,Coffee Table,2668.97,1,0.1,-27.207
ORD-100413,2021-01-26,2021-02-02,Standard Class,Corporate,Brazil,LATAM,Furniture,Tables,Standing Desk,1669.83,4,0.15,-109.82
ORD-100414,2022-07-10,2022-07-17,Standard Class,Home Office,Argentina,LATAM,Furniture,Chairs,Executive Leather Chair,1797.93,3,0.0,990.94
ORD-100415,2024-09-02,2024-09-07,First Class,Home Office,Turkey,MEA,Technology,Machines,Shredder Pro,1313.37,2,0.0,521.47
ORD-100416,2022-04-08,2022-04-15,Standard Class,Corporate,Austria,Europe,Furniture,Tables,Standing Desk,1015.14,8,0.5,-216.47
ORD-100417,2024-05-02,2024-05-09,Standard Class,Consumer,South Africa,MEA,Office Supplies,Art,Framed Print,344.09,8,0.25,1295.9625
ORD-100418,2023-05-26,2023-05-29,Standard Class,Home Office,Denmark,Europe,Furniture,Bookcases,5-Shelf Bookcase,1334.86,9,0.0,-289.84
ORD-100419,2021-06-20,2021-06-26,Standard Class,Corporate,Hungary,Europe,Office Supplies,Binders,3-Ring Binder,521.06,5,0.15,1418.905
ORD-100420,2024-12-18,2024-12-20,First Class,Consumer,Vietnam,APAC,Furniture,Bookcases,Corner Bookcase,1804.19,5,0.4,490.79999999999995
ORD-100421,2024-01-25,2024-01-29,Second Class,Home Office,Peru,LATAM,Technology,Copiers,Color Laser Copier,1141.97,1,0.3,-10.472
ORD-100422,2021-05-30,2021-06-06,Standard Class,Consumer,Norway,Europe,Office Supplies,Supplies,Tape Dispenser,938.09,3,0.3,621.684
ORD-100423,2022-12-15,2022-12-18,First Class,Consumer,Poland,Europe,Office Supplies,Paper,Cardstock Pack,3106.05,5,0.0,756.85
ORD-100424,2023-11-15,2023-11-17,Standard Class,Consumer,Switzerland,Europe,Furniture,Furnishings,Filing Cabinet,3143.9,9,0.4,169.95
ORD-100425,2021-04-09,2021-04-12,Standard Class,Corporate,New Zealand,APAC,Furniture,Tables,Coffee Table,92.74,5,0.15,1480.5214999999998
ORD-100426,2021-02-23,2021-02-26,Standard Class,Home Office,Saudi Arabia,MEA,Office Supplies,Supplies,Tape Dispenser,147.48,1,0.0,403.66
ORD-100427,2021-10-25,2021-10-29,Standard Class,Consumer,UAE,MEA,Office Supplies,Paper,Photo Paper,1280.75,4,0.2,-388.48800000000006
ORD-100428,2022-12-04,2022-12-11,Second Class,Corporate,UAE,MEA,Technology,Copiers,Color Laser Copier,1801.01,8,0.5,676.495
ORD-100429,2022-09-22,2022-09-27,Standard Class,Consumer,Saudi Arabia,MEA,Furniture,Furnishings,Desk Lamp,2196.33,5,0.2,-11.528
ORD-100430,2021-08-16,2021-08-23,Standard Class,Consumer,Spain,Europe,Technology,Phones,Wireless Phone Pro,1859.49,3,0.4,-12.15
ORD-100431,2024-04-02,2024-04-04,Standard Class,Consumer,Czech Republic,Europe,Technology,Copiers,Multifunction Copier,1435.51,2,0.1,1262.6280000000002
ORD-100432,2021-08-09,2021-08-13,Standard Class,Corporate,Switzerland,Europe,Furniture,Bookcases,Library Wall Unit,3102.44,4,0.0,-219.14
ORD-100433,2024-08-04,2024-08-08,Standard Class,Corporate,Indonesia,APAC,Office Supplies,Labels,Barcode Labels,378.51,5,0.0,1009.69
ORD-100434,2022-08-12,2022-08-14,Same Day,Consumer,Netherlands,Europe,Furniture,Tables,Standing Desk,1561.4,7,0.0,1747.74
ORD-100435,2024-09-24,2024-10-01,First Class,Corporate,Switzerland,Europe,Technology,Machines,Laminator Machine,1642.21,2,0.5,222.87
ORD-100436,2024-08-18,2024-08-25,First Class,Corporate,Australia,APAC,Office Supplies,Art,Art Supplies Kit,3271.17,8,0.0,-202.9
ORD-100437,2024-06-02,2024-06-05,Standard Class,Corporate,Egypt,MEA,Technology,Accessories,Mouse Wireless,3471.95,1,0.1,1134.306
ORD-100438,2024-08-12,2024-08-14,Standard Class,Consumer,Australia,APAC,Office Supplies,Supplies,Ruler Set,2361.7,3,0.0,1055.91
ORD-100439,2021-01-30,2021-02-03,Standard Class,Corporate,Venezuela,LATAM,Office Supplies,Binders,3-Ring Binder,972.97,9,0.4,655.446
ORD-100440,2022-02-25,2022-03-03,Standard Class,Corporate,Ireland,Europe,Furniture,Chairs,Gaming Chair X,467.1,6,0.3,1017.611
ORD-100441,2021-01-12,2021-01-13,Second Class,Consumer,Malaysia,APAC,Technology,Phones,Office Phone System,1634.03,9,0.4,-187.392
ORD-100442,2024-12-02,2024-12-08,Standard Class,Consumer,Portugal,Europe,Technology,Machines,Shredder Pro,1042.8,9,0.0,-384.04
ORD-100443,2022-09-14,2022-09-20,Standard Class,Corporate,Italy,Europe,Furniture,Furnishings,Plant Holder,2940.97,8,0.0,1609.72
ORD-100444,2021-07-25,2021-08-01,Standard Class,Corporate,Italy,Europe,Office Supplies,Supplies,Tape Dispenser,2445.44,4,0.25,991.53
ORD-100445,2022-04-25,2022-04-30,Standard Class,Home Office,Finland,Europe,Furniture,Furnishings,Plant Holder,959.12,5,0.0,249.39
ORD-100446,2023-10-02,2023-10-09,Standard Class,Corporate,Mexico,LATAM,Technology,Copiers,Desktop Scanner,1952.46,7,0.0,1412.49
ORD-100447,2023-02-07,2023-02-10,Second Class,Home Office,Israel,MEA,Office Supplies,Envelopes,Business Envelope,1052.75,1,0.1,1024.1280000000002
ORD-100448,2021-09-08,2021-09-12,First Class,Consumer,Saudi Arabia,MEA,Technology,Accessories,Cable Kit,1984.45,9,0.15,1162.9615000000001
ORD-100449,2021-03-13,2021-03-20,Standard Class,Home Office,Denmark,Europe,Office Supplies,Binders,3-Ring Binder,1685.37,7,0.5,704.18
ORD-100450,2021-07-12,2021-07-19,Same Day,Home Office,Russia,Europe,Technology,Phones,Office Phone System,1151.02,1,0.0,624.78
ORD-100451,2021-07-07,2021-07-10,Standard Class,Corporate,Turkey,MEA,Office Supplies,Supplies,Scissors,2336.49,4,0.0,1232.99
ORD-100452,2022-10-15,2022-10-20,Second Class,Corporate,Germany,Europe,Technology,Accessories,Mouse Wireless,99.66,6,0.0,631.73
ORD-100453,2023-05-08,2023-05-11,Standard Class,Consumer,Thailand,APAC,Office Supplies,Storage,File Cart,1679.93,9,0.0,999.37
ORD-100454,2022-10-28,2022-10-30,Standard Class,Corporate,Peru,LATAM,Technology,Copiers,Color Laser Copier,2872.04,6,0.0,645.7
ORD-100455,2024-06-09,2024-06-12,Standard Class,Corporate,Brazil,LATAM,Office Supplies,Art,Poster Set,483.55,8,0.2,779.3760000000001
ORD-100456,2024-12-15,2024-12-21,Standard Class,Corporate,Germany,Europe,Furniture,Furnishings,Filing Cabinet,2566.04,9,0.3,991.4589999999998
ORD-100457,2024-10-03,2024-10-09,Standard Class,Corporate,Germany,Europe,Technology,Machines,Postal Scale,1931.15,7,0.0,844.45
ORD-100458,2024-04-02,2024-04-08,Standard Class,Consumer,Israel,MEA,Furniture,Tables,Conference Table,575.11,1,0.0,539.0
ORD-100459,2021-12-24,2021-12-26,Same Day,Consumer,Switzerland,Europe,Furniture,Chairs,Stack Chair Set,2152.79,5,0.15,842.299
ORD-100460,2023-10-06,2023-10-07,Standard Class,Corporate,Hungary,Europe,Technology,Phones,Office Phone System,640.01,9,0.2,566.4720000000001
ORD-100461,2023-07-19,2023-07-23,Standard Class,Consumer,Hungary,Europe,Technology,Machines,Postal Scale,2572.94,6,0.4,-3.414
ORD-100462,2023-07-09,2023-07-12,Standard Class,Consumer,India,APAC,Office Supplies,Binders,3-Ring Binder,1041.18,4,0.5,530.15
ORD-100463,2024-10-10,2024-10-17,First Class,Consumer,Norway,Europe,Office Supplies,Paper,Cardstock Pack,3046.08,4,0.1,-283.122
ORD-100464,2024-07-25,2024-07-28,Standard Class,Consumer,Peru,LATAM,Office Supplies,Binders,Accordion Folder,2772.02,4,0.0,206.04
ORD-100465,2022-01-25,2022-01-31,Same Day,Home Office,India,APAC,Furniture,Chairs,Stack Chair Set,2115.64,8,0.15,492.9065
ORD-100466,2024-06-06,2024-06-10,First Class,Consumer,Argentina,LATAM,Technology,Accessories,USB Hub,3327.36,7,0.3,1056.937
ORD-100467,2023-02-09,2023-02-13,Standard Class,Corporate,Italy,Europe,Technology,Phones,Wireless Phone Pro,94.14,6,0.0,878.76
ORD-100468,2022-01-13,2022-01-16,Standard Class,Consumer,Malaysia,APAC,Office Supplies,Art,Poster Set,2893.93,2,0.0,312.14
ORD-100469,2024-04-23,2024-04-28,Second Class,Corporate,Belgium,Europe,Office Supplies,Binders,Accordion Folder,1455.35,7,0.0,939.0
ORD-100470,2023-12-13,2023-12-16,Second Class,Consumer,Canada,North America,Office Supplies,Envelopes,Padded Mailer,801.44,7,0.4,-189.456
ORD-100471,2023-09-02,2023-09-05,Standard Class,Consumer,Belgium,Europe,Technology,Copiers,Color Laser Copier,188.51,6,0.0,1532.2
ORD-100472,2022-03-27,2022-04-01,Standard Class,Consumer,Japan,APAC,Technology,Accessories,Keyboard Dual,1940.98,3,0.3,548.177
ORD-100473,2024-12-19,2024-12-25,Standard Class,Consumer,Sweden,Europe,Furniture,Chairs,Stack Chair Set,1899.03,5,0.0,259.9
ORD-100474,2024-09-30,2024-10-01,First Class,Consumer,South Africa,MEA,Office Supplies,Supplies,Ruler Set,2789.73,9,0.0,323.72
ORD-100475,2024-03-10,2024-03-13,Standard Class,Home Office,Malaysia,APAC,Office Supplies,Fasteners,Paper Clips,1946.01,2,0.5,-245.185
ORD-100476,2023-09-19,2023-09-23,Standard Class,Corporate,Chile,LATAM,Technology,Machines,Laminator Machine,2032.87,4,0.3,-191.534
ORD-100477,2022-08-29,2022-09-03,Standard Class,Corporate,France,Europe,Office Supplies,Supplies,Tape Dispenser,836.86,9,0.0,-88.23
ORD-100478,2022-08-11,2022-08-18,Standard Class,Corporate,Israel,MEA,Office Supplies,Binders,Presentation Binder,1535.31,9,0.2,1039.664
ORD-100479,2024-12-22,2024-12-23,First Class,Home Office,Greece,Europe,Technology,Phones,Office Phone System,2211.2,7,0.15,-71.3575
ORD-100480,2024-08-05,2024-08-08,Second Class,Consumer,Indonesia,APAC,Office Supplies,Art,Canvas Pack,1831.38,4,0.0,1701.55
ORD-100481,2024-09-28,2024-10-02,Second Class,Consumer,Greece,Europe,Office Supplies,Fasteners,Stapler Set,3487.88,3,0.25,-101.1825
ORD-100482,2022-10-25,2022-10-28,Standard Class,Consumer,Nigeria,MEA,Furniture,Tables,Folding Table,2345.57,7,0.5,152.335
ORD-100483,2023-07-29,2023-07-31,Standard Class,Consumer,China,APAC,Furniture,Chairs,Ergo Chair Pro,251.35,8,0.0,316.11
ORD-100484,2022-06-17,2022-06-19,Standard Class,Corporate,Peru,LATAM,Technology,Accessories,Mouse Wireless,1800.98,1,0.2,183.84000000000003
ORD-100485,2021-10-24,2021-10-30,Standard Class,Consumer,Chile,LATAM,Furniture,Furnishings,Desk Lamp,3178.97,6,0.15,-378.182
ORD-100486,2021-05-26,2021-05-27,Standard Class,Consumer,Mexico,LATAM,Office Supplies,Supplies,Hole Punch,1272.15,8,0.0,1562.12
ORD-100487,2021-12-11,2021-12-13,Standard Class,Home Office,Austria,Europe,Furniture,Chairs,Ergo Chair Pro,2198.12,7,0.0,906.79
ORD-100488,2023-05-22,2023-05-29,Standard Class,Consumer,Canada,North America,Furniture,Tables,Coffee Table,1352.72,9,0.15,727.77
ORD-100489,2022-06-26,2022-06-27,Standard Class,Consumer,Brazil,LATAM,Furniture,Furnishings,Wall Clock,756.84,8,0.0,328.86
ORD-100490,2021-06-03,2021-06-07,Standard Class,Home Office,Denmark,Europe,Technology,Machines,Laminator Machine,938.33,3,0.3,1076.733
ORD-100491,2023-07-27,2023-08-01,First Class,Corporate,United Kingdom,Europe,Technology,Accessories,Mouse Wireless,2523.35,9,0.25,726.39
ORD-100492,2024-08-14,2024-08-19,First Class,Consumer,Vietnam,APAC,Furniture,Tables,Conference Table,741.0,5,0.4,958.182
ORD-100493,2024-03-20,2024-03-25,Standard Class,Consumer,Canada,North America,Technology,Accessories,Cable Kit,1068.82,3,0.1,1135.323
ORD-100494,2024-02-28,2024-02-29,Standard Class,Consumer,South Korea,APAC,Technology,Accessories,Keyboard Dual,2555.29,7,0.4,702.036
ORD-100495,2021-11-21,2021-11-24,Standard Class,Consumer,France,Europe,Office Supplies,Storage,Shelving Unit,1400.0,3,0.25,1048.4925
ORD-100496,2023-05-20,2023-05-24,Standard Class,Corporate,China,APAC,Furniture,Furnishings,Wall Clock,1324.6,3,0.0,-356.41
ORD-100497,2022-08-18,2022-08-20,Standard Class,Consumer,Israel,MEA,Office Supplies,Supplies,Hole Punch,1915.27,7,0.5,652.845
ORD-100498,2024-02-24,2024-02-25,First Class,Consumer,Austria,Europe,Furniture,Tables,Folding Table,197.67,8,0.5,337.155
ORD-100499,2022-11-19,2022-11-24,Standard Class,Consumer,Portugal,Europe,Technology,Copiers,Desktop Scanner,2392.46,7,0.5,683.74
ORD-100500,2021-07-10,2021-07-16,Second Class,Consumer,Turkey,MEA,Office Supplies,Storage,File Cart,890.58,3,0.15,175.4655
ORD-100501,2024-01-16,2024-01-17,Standard Class,Consumer,India,APAC,Technology,Phones,Headset Premium,2873.73,5,0.0,-64.85
ORD-100502,2024-11-13,2024-11-16,Standard Class,Corporate,Austria,Europe,Furniture,Chairs,Stack Chair Set,2485.77,3,0.0,578.22
ORD-100503,2022-10-25,2022-10-27,Standard Class,Consumer,Peru,LATAM,Furniture,Chairs,Stack Chair Set,1433.15,2,0.15,258.85049999999995
ORD-100504,2024-10-16,2024-10-18,Same Day,Consumer,Austria,Europe,Technology,Machines,Laminator Machine,2716.51,4,0.0,9.49
ORD-100505,2022-05-17,2022-05-24,Standard Class,Consumer,Portugal,Europe,Office Supplies,Fasteners,Rubber Bands,3080.9,9,0.15,-301.58
ORD-100506,2024-01-23,2024-01-28,First Class,Consumer,Colombia,LATAM,Office Supplies,Binders,3-Ring Binder,1643.25,5,0.15,-42.381
ORD-100507,2022-05-18,2022-05-20,Standard Class,Consumer,South Africa,MEA,Office Supplies,Binders,3-Ring Binder,3258.58,7,0.0,1216.63
ORD-100508,2023-03-30,2023-03-31,Standard Class,Consumer,Saudi Arabia,MEA,Technology,Phones,Wireless Phone Pro,2001.96,9,0.1,1334.502
ORD-100509,2021-06-06,2021-06-12,Second Class,Home Office,Australia,APAC,Furniture,Bookcases,Corner Bookcase,2567.68,1,0.0,1162.4
ORD-100510,2021-02-28,2021-03-01,Standard Class,Consumer,Finland,Europe,Furniture,Furnishings,Plant Holder,2518.33,9,0.2,-334.512
ORD-100511,2023-12-16,2023-12-17,Standard Class,Consumer,Brazil,LATAM,Office Supplies,Supplies,Tape Dispenser,1377.42,2,0.15,242.131
ORD-100512,2023-07-08,2023-07-14,First Class,Consumer,Czech Republic,Europe,Technology,Copiers,Multifunction Copier,44.59,2,0.4,-247.98
ORD-100513,2021-07-12,2021-07-16,Standard Class,Corporate,India,APAC,Office Supplies,Binders,Accordion Folder,3472.55,4,0.0,-276.06
ORD-100514,2024-12-29,2025-01-01,Standard Class,Consumer,Egypt,MEA,Office Supplies,Labels,Address Labels,73.78,4,0.25,-256.5825
ORD-100515,2021-03-24,2021-03-30,Standard Class,Consumer,Japan,APAC,Furniture,Tables,Conference Table,1948.87,7,0.0,335.53
ORD-100516,2022-07-08,2022-07-10,Second Class,Corporate,Belgium,Europe,Office Supplies,Storage,Storage Cabinet,2941.59,2,0.2,1428.5600000000002
ORD-100517,2022-07-23,2022-07-27,First Class,Home Office,Hungary,Europe,Office Supplies,Fasteners,Paper Clips,82.45,2,0.0,1388.88
ORD-100518,2022-05-07,2022-05-10,Standard Class,Home Office,Belgium,Europe,Office Supplies,Envelopes,Business Envelope,2990.26,8,0.4,406.26
ORD-100519,2024-11-15,2024-11-19,First Class,Consumer,United States,North America,Office Supplies,Supplies,Hole Punch,2124.68,2,0.0,1235.43
ORD-100520,2024-01-10,2024-01-15,Standard Class,Corporate,South Africa,MEA,Technology,Machines,Laminator Machine,2906.08,6,0.3,689.3109999999999
ORD-100521,2024-01-26,2024-02-02,Standard Class,Corporate,Israel,MEA,Furniture,Tables,Standing Desk,3328.36,7,0.5,155.175
ORD-100522,2023-04-28,2023-05-05,Standard Class,Home Office,China,APAC,Furniture,Bookcases,Library Wall Unit,2174.64,3,0.0,-58.36
ORD-100523,2021-02-01,2021-02-08,First Class,Home Office,Portugal,Europe,Furniture,Chairs,Ergo Chair Pro,2830.86,7,0.3,189.00699999999998
ORD-100524,2023-07-06,2023-07-12,Second Class,Consumer,Mexico,LATAM,Office Supplies,Fasteners,Rubber Bands,854.02,1,0.4,1035.4859999999999
ORD-100525,2021-02-01,2021-02-08,Standard Class,Home Office,Israel,MEA,Office Supplies,Storage,Storage Cabinet,2659.99,1,0.5,671.08
ORD-100526,2024-05-23,2024-05-27,Standard Class,Home Office,Australia,APAC,Technology,Machines,Shredder Pro,98.47,1,0.5,-185.9
ORD-100527,2022-01-01,2022-01-02,Standard Class,Consumer,Czech Republic,Europe,Technology,Phones,Office Phone System,323.26,5,0.3,-340.263
ORD-100528,2024-01-23,2024-01-25,Standard Class,Consumer,Russia,Europe,Furniture,Furnishings,Desk Lamp,2598.07,5,0.0,1534.3
ORD-100529,2021-04-11,2021-04-16,Standard Class,Consumer,Russia,Europe,Office Supplies,Envelopes,Business Envelope,1154.16,9,0.0,-235.72
ORD-100530,2021-09-22,2021-09-27,Standard Class,Corporate,Germany,Europe,Office Supplies,Storage,Storage Cabinet,907.15,5,0.2,968.7840000000001
ORD-100531,2024-02-29,2024-03-02,Second Class,Consumer,UAE,MEA,Furniture,Tables,Standing Desk,3211.1,3,0.0,188.23
ORD-100532,2022-10-28,2022-10-31,First Class,Corporate,Italy,Europe,Furniture,Furnishings,Wall Clock,3450.33,4,0.1,794.862
ORD-100533,2024-02-27,2024-02-28,Second Class,Consumer,Vietnam,APAC,Office Supplies,Art,Art Supplies Kit,79.88,6,0.4,505.12199999999996
ORD-100534,2023-03-22,2023-03-24,Second Class,Consumer,Romania,Europe,Office Supplies,Supplies,Ruler Set,722.18,7,0.0,1221.8
ORD-100535,2022-09-12,2022-09-18,Second Class,Consumer,Thailand,APAC,Technology,Copiers,Multifunction Copier,1055.84,1,0.25,799.1624999999999
ORD-100536,2024-05-13,2024-05-20,Standard Class,Consumer,Philippines,APAC,Office Supplies,Envelopes,Padded Mailer,1363.06,2,0.0,1471.02
ORD-100537,2024-09-24,2024-09-26,Standard Class,Home Office,Vietnam,APAC,Technology,Copiers,Desktop Scanner,3279.17,6,0.0,-225.42
ORD-100538,2022-04-25,2022-04-28,Standard Class,Consumer,Italy,Europe,Technology,Accessories,Cable Kit,1196.62,5,0.5,-153.095
ORD-100539,2022-08-04,2022-08-11,First Class,Consumer,India,APAC,Technology,Phones,Headset Premium,2763.69,9,0.0,-48.08
ORD-100540,2022-04-17,2022-04-22,Second Class,Home Office,Saudi Arabia,MEA,Office Supplies,Envelopes,Business Envelope,1529.53,7,0.4,983.628
ORD-100541,2023-08-21,2023-08-27,Second Class,Consumer,Philippines,APAC,Technology,Accessories,Cable Kit,2842.39,1,0.2,705.0720000000001
ORD-100542,2021-07-16,2021-07-19,Same Day,Corporate,Sweden,Europe,Office Supplies,Binders,3-Ring Binder,3229.89,1,0.4,516.57
ORD-100543,2023-04-21,2023-04-23,Second Class,Corporate,Japan,APAC,Furniture,Bookcases,Library Wall Unit,1855.01,5,0.0,-45.62
ORD-100544,2023-09-08,2023-09-14,First Class,Consumer,Turkey,MEA,Furniture,Tables,Folding Table,1958.02,2,0.2,1243.864
ORD-100545,2021-03-27,2021-03-31,First Class,Corporate,Poland,Europe,Technology,Phones,Wireless Phone Pro,2984.22,6,0.0,934.09
ORD-100546,2021-02-26,2021-03-04,Standard Class,Home Office,Hungary,Europe,Technology,Accessories,Keyboard Dual,1606.94,1,0.5,650.45
ORD-100547,2021-04-20,2021-04-21,Standard Class,Home Office,Chile,LATAM,Furniture,Furnishings,Plant Holder,2692.93,9,0.5,660.725
ORD-100548,2021-10-16,2021-10-21,Standard Class,Corporate,Ireland,Europe,Office Supplies,Fasteners,Paper Clips,885.61,1,0.1,-367.362
ORD-100549,2021-03-29,2021-04-03,Standard Class,Corporate,Greece,Europe,Technology,Accessories,USB Hub,3097.98,5,0.4,257.856
ORD-100550,2022-06-09,2022-06-10,Standard Class,Corporate,Venezuela,LATAM,Technology,Accessories,Cable Kit,1005.37,3,0.0,547.99
ORD-100551,2023-03-03,2023-03-05,Standard Class,Consumer,Indonesia,APAC,Office Supplies,Fasteners,Stapler Set,206.22,8,0.0,1599.44
ORD-100552,2021-03-31,2021-04-03,Standard Class,Consumer,United Kingdom,Europe,Office Supplies,Labels,Shipping Labels,367.26,2,0.5,604.95
ORD-100553,2021-10-09,2021-10-11,Standard Class,Corporate,Argentina,LATAM,Furniture,Chairs,Executive Leather Chair,2019.07,7,0.25,912.1575
ORD-100554,2023-04-25,2023-04-26,First Class,Corporate,Canada,North America,Technology,Phones,Wireless Phone Pro,468.2,2,0.4,357.32399999999996
ORD-100555,2022-07-31,2022-08-04,Second Class,Consumer,India,APAC,Technology,Copiers,Color Laser Copier,798.01,5,0.2,200.15200000000002
ORD-100556,2022-10-25,2022-10-28,Standard Class,Home Office,Peru,LATAM,Furniture,Chairs,Ergo Chair Pro,720.34,4,0.25,600.345
ORD-100557,2021-12-19,2021-12-23,Standard Class,Consumer,Singapore,APAC,Furniture,Furnishings,Plant Holder,1773.72,5,0.15,815.558
ORD-100558,2022-09-10,2022-09-15,Second Class,Home Office,Chile,LATAM,Technology,Phones,Office Phone System,2371.39,6,0.0,945.55
ORD-100559,2022-01-12,2022-01-19,Standard Class,Home Office,India,APAC,Furniture,Furnishings,Desk Lamp,2587.53,5,0.0,57.19
ORD-100560,2024-07-28,2024-08-04,Second Class,Corporate,Spain,Europe,Office Supplies,Art,Canvas Pack,1326.43,4,0.1,449.478
ORD-100561,2021-04-15,2021-04-21,Standard Class,Consumer,Argentina,LATAM,Technology,Copiers,Desktop Scanner,1384.21,9,0.0,1207.45
ORD-100562,2022-01-03,2022-01-06,Second Class,Consumer,Singapore,APAC,Furniture,Tables,Standing Desk,210.3,3,0.4,630.174
ORD-100563,2021-02-28,2021-03-01,Standard Class,Corporate,UAE,MEA,Furniture,Tables,Standing Desk,2052.69,7,0.0,1648.15
ORD-100564,2022-07-14,2022-07-17,Second Class,Consumer,Ireland,Europe,Technology,Accessories,Mouse Wireless,1805.57,7,0.25,430.365
ORD-100565,2023-08-18,2023-08-24,Standard Class,Home Office,UAE,MEA,Furniture,Bookcases,5-Shelf Bookcase,1357.32,4,0.0,1103.48
ORD-100566,2024-08-27,2024-09-01,Standard Class,Consumer,Nigeria,MEA,Office Supplies,Paper,Cardstock Pack,1465.9,7,0.15,665.2779999999999
ORD-100567,2023-10-07,2023-10-12,Standard Class,Consumer,China,APAC,Technology,Machines,Folding Machine,3003.92,2,0.0,185.08
ORD-100568,2022-06-30,2022-07-02,Standard Class,Consumer,Indonesia,APAC,Furniture,Furnishings,Wall Clock,1207.16,9,0.2,1239.696
ORD-100569,2022-01-27,2022-01-28,Standard Class,Home Office,Spain,Europe,Office Supplies,Labels,Barcode Labels,2524.39,7,0.1,1135.3500000000001
ORD-100570,2023-03-31,2023-04-05,Standard Class,Consumer,Venezuela,LATAM,Furniture,Chairs,Ergo Chair Pro,3276.03,3,0.0,792.45
ORD-100571,2024-11-02,2024-11-06,First Class,Corporate,Sweden,Europe,Office Supplies,Supplies,Scissors,1368.34,6,0.3,1089.235
ORD-100572,2024-10-27,2024-10-31,First Class,Consumer,Colombia,LATAM,Furniture,Furnishings,Wall Clock,1920.09,9,0.1,-154.377
ORD-100573,2024-05-01,2024-05-06,Standard Class,Consumer,Argentina,LATAM,Technology,Accessories,USB Hub,201.83,5,0.0,-310.08
ORD-100574,2024-12-30,2025-01-03,Standard Class,Consumer,France,Europe,Furniture,Bookcases,5-Shelf Bookcase,313.51,5,0.25,1292.31
ORD-100575,2023-04-29,2023-05-04,First Class,Corporate,Poland,Europe,Office Supplies,Storage,Storage Box,2839.29,3,0.25,-217.46249999999998
ORD-100576,2021-09-15,2021-09-22,Standard Class,Corporate,Singapore,APAC,Office Supplies,Storage,Storage Cabinet,2412.3,3,0.0,-9.77
ORD-100577,2022-02-28,2022-03-05,First Class,Consumer,Argentina,LATAM,Furniture,Tables,Coffee Table,204.42,9,0.1,-330.48
ORD-100578,2024-03-15,2024-03-17,Second Class,Corporate,Germany,Europe,Furniture,Chairs,Gaming Chair X,3466.1,2,0.0,1459.25
ORD-100579,2024-07-12,2024-07-19,Standard Class,Home Office,Netherlands,Europe,Technology,Copiers,Multifunction Copier,123.04,3,0.15,1132.4379999999999
ORD-100580,2022-01-14,2022-01-17,Standard Class,Corporate,Thailand,APAC,Furniture,Chairs,Ergo Chair Pro,657.08,7,0.15,445.98650000000004
ORD-100581,2024-01-11,2024-01-15,First Class,Corporate,Vietnam,APAC,Technology,Machines,Shredder Pro,1580.88,2,0.2,315.336
ORD-100582,2024-07-02,2024-07-05,Standard Class,Home Office,Hungary,Europe,Technology,Copiers,Multifunction Copier,3353.9,5,0.0,1426.13
ORD-100583,2022-02-08,2022-02-13,Standard Class,Corporate,South Korea,APAC,Office Supplies,Storage,Shelving Unit,190.28,4,0.25,-135.2775
ORD-100584,2024-10-13,2024-10-17,Standard Class,Consumer,India,APAC,Furniture,Bookcases,Corner Bookcase,3412.42,2,0.0,522.84
ORD-100585,2024-06-29,2024-07-02,Standard Class,Consumer,Switzerland,Europe,Office Supplies,Paper,Photo Paper,319.14,7,0.0,-352.58
ORD-100586,2024-01-07,2024-01-13,First Class,Consumer,Hungary,Europe,Furniture,Tables,Coffee Table,2954.91,2,0.0,1657.0
ORD-100587,2022-10-19,2022-10-26,Standard Class,Consumer,Nigeria,MEA,Office Supplies,Storage,File Cart,896.41,2,0.0,-294.0
ORD-100588,2022-12-18,2022-12-21,Second Class,Corporate,Russia,Europe,Furniture,Furnishings,Filing Cabinet,496.22,6,0.0,1504.65
ORD-100589,2023-03-14,2023-03-21,Second Class,Consumer,Greece,Europe,Technology,Machines,Postal Scale,944.6,9,0.25,-217.185
ORD-100590,2024-06-18,2024-06-21,Standard Class,Corporate,Vietnam,APAC,Office Supplies,Envelopes,Tyvek Envelope,2228.36,2,0.3,902.1249999999999
ORD-100591,2023-04-15,2023-04-18,Standard Class,Consumer,Australia,APAC,Technology,Copiers,Desktop Scanner,2858.16,8,0.1,984.3480000000001
ORD-100592,2024-02-18,2024-02-20,Second Class,Corporate,Romania,Europe,Furniture,Chairs,Ergo Chair Pro,555.7,8,0.15,685.967
ORD-100593,2021-04-27,2021-04-29,Second Class,Consumer,Thailand,APAC,Technology,Copiers,Multifunction Copier,2214.71,2,0.0,-382.32
ORD-100594,2022-02-20,2022-02-24,Standard Class,Consumer,Netherlands,Europe,Furniture,Bookcases,5-Shelf Bookcase,1136.61,2,0.3,541.905
ORD-100595,2023-01-20,2023-01-26,Standard Class,Consumer,Romania,Europe,Furniture,Chairs,Stack Chair Set,1063.28,6,0.0,-237.88
ORD-100596,2024-06-16,2024-06-21,Standard Class,Corporate,Venezuela,LATAM,Furniture,Furnishings,Desk Lamp,129.98,6,0.15,-265.7695
ORD-100597,2024-08-16,2024-08-18,Standard Class,Consumer,Switzerland,Europe,Technology,Copiers,Desktop Scanner,778.94,6,0.15,-140.5135
ORD-100598,2024-10-30,2024-11-03,Standard Class,Consumer,Chile,LATAM,Office Supplies,Labels,Address Labels,3039.32,4,0.25,734.355
ORD-100599,2022-07-19,2022-07-22,Standard Class,Consumer,Switzerland,Europe,Office Supplies,Envelopes,Tyvek Envelope,1353.85,7,0.0,1729.83
ORD-100600,2021-07-01,2021-07-06,First Class,Corporate,Norway,Europe,Office Supplies,Supplies,Hole Punch,605.4,7,0.0,567.2
ORD-100601,2021-01-21,2021-01-28,Second Class,Corporate,Belgium,Europe,Technology,Phones,Office Phone System,3410.79,2,0.5,-144.455
ORD-100602,2024-12-06,2024-12-13,Standard Class,Consumer,Israel,MEA,Office Supplies,Storage,Storage Box,2689.89,6,0.0,-408.12
ORD-100603,2021-09-15,2021-09-17,Standard Class,Consumer,Australia,APAC,Office Supplies,Labels,Address Labels,1646.9,2,0.0,708.23
ORD-100604,2023-10-03,2023-10-05,Standard Class,Consumer,Venezuela,LATAM,Technology,Accessories,Keyboard Dual,2391.97,6,0.4,135.624
ORD-100605,2021-02-16,2021-02-23,Standard Class,Consumer,China,APAC,Technology,Machines,Postal Scale,3405.05,7,0.5,-161.485
ORD-100606,2024-05-25,2024-05-28,Standard Class,Corporate,Colombia,LATAM,Office Supplies,Binders,Presentation Binder,1238.23,1,0.1,940.338
ORD-100607,2021-09-05,2021-09-09,Standard Class,Corporate,Hungary,Europe,Furniture,Furnishings,Wall Clock,1803.94,2,0.3,498.554
ORD-100608,2024-01-13,2024-01-18,Second Class,Corporate,Canada,North America,Technology,Accessories,Cable Kit,653.03,6,0.2,681.5520000000001
ORD-100609,2021-01-14,2021-01-19,Standard Class,Consumer,Ireland,Europe,Furniture,Furnishings,Filing Cabinet,1150.32,9,0.3,610.12
ORD-100610,2024-05-28,2024-06-04,Second Class,Corporate,Russia,Europe,Furniture,Tables,Conference Table,2407.43,7,0.4,186.426
ORD-100611,2024-02-27,2024-03-05,First Class,Corporate,Colombia,LATAM,Office Supplies,Labels,Shipping Labels,2202.93,4,0.3,-179.89999999999998
ORD-100612,2022-05-21,2022-05-23,Second Class,Corporate,France,Europe,Office Supplies,Envelopes,Padded Mailer,2922.26,6,0.1,579.267
ORD-100613,2023-01-19,2023-01-25,Standard Class,Consumer,Russia,Europe,Furniture,Chairs,Ergo Chair Pro,742.61,3,0.2,-76.36
ORD-100614,2022-06-24,2022-06-28,Standard Class,Consumer,Nigeria,MEA,Furniture,Tables,Conference Table,3192.13,1,0.0,35.62
ORD-100615,2021-04-25,2021-04-29,Second Class,Corporate,South Africa,MEA,Technology,Phones,Office Phone System,1573.42,3,0.4,-296.796
ORD-100616,2023-11-29,2023-12-02,First Class,Consumer,Portugal,Europe,Technology,Phones,Office Phone System,913.78,1,0.4,-28.602
ORD-100617,2021-10-03,2021-10-05,Standard Class,Corporate,Peru,LATAM,Technology,Accessories,USB Hub,2397.07,1,0.25,-252.4575
ORD-100618,2022-08-18,2022-08-19,Standard Class,Corporate,Switzerland,Europe,Office Supplies,Art,Framed Print,384.21,3,0.15,459.374
ORD-100619,2021-06-30,2021-07-02,First Class,Consumer,Thailand,APAC,Furniture,Chairs,Gaming Chair X,1245.69,9,0.0,735.73
ORD-100620,2023-02-24,2023-02-28,Standard Class,Consumer,Egypt,MEA,Technology,Copiers,Color Laser Copier,1997.55,9,0.0,-123.68
ORD-100621,2022-05-10,2022-05-13,Standard Class,Corporate,Peru,LATAM,Office Supplies,Labels,Barcode Labels,2796.96,3,0.3,906.9269999999999
ORD-100622,2023-11-02,2023-11-05,Standard Class,Corporate,Czech Republic,Europe,Office Supplies,Supplies,Ruler Set,2011.28,1,0.1,1360.719
ORD-100623,2022-11-28,2022-12-03,Standard Class,Consumer,Canada,North America,Furniture,Chairs,Gaming Chair X,2219.79,9,0.15,981.4014999999999
ORD-100624,2024-06-08,2024-06-11,Standard Class,Consumer,Belgium,Europe,Technology,Phones,Office Phone System,2286.46,3,0.0,870.9
ORD-100625,2021-04-22,2021-04-23,Standard Class,Home Office,Hungary,Europe,Furniture,Tables,Standing Desk,2821.18,4,0.2,819.664
ORD-100626,2023-07-16,2023-07-21,Second Class,Corporate,Chile,LATAM,Furniture,Furnishings,Plant Holder,3375.59,1,0.0,-269.64
ORD-100627,2022-01-21,2022-01-27,Standard Class,Consumer,Italy,Europe,Furniture,Bookcases,Corner Bookcase,1472.06,4,0.3,791.4339999999999
ORD-100628,2023-03-20,2023-03-24,Standard Class,Consumer,Romania,Europe,Technology,Copiers,Color Laser Copier,430.12,2,0.0,203.56
ORD-100629,2024-03-31,2024-04-05,Standard Class,Corporate,United Kingdom,Europe,Office Supplies,Binders,Presentation Binder,1755.12,6,0.15,620.534
ORD-100630,2023-03-22,2023-03-26,Standard Class,Corporate,Sweden,Europe,Technology,Accessories,USB Hub,2088.0,1,0.0,889.9
ORD-100631,2022-07-10,2022-07-16,Standard Class,Consumer,Romania,Europe,Office Supplies,Binders,Presentation Binder,977.23,2,0.5,596.44
ORD-100632,2021-10-08,2021-10-11,First Class,Home Office,Switzerland,Europe,Office Supplies,Paper,Notebook Set,1429.64,8,0.0,-480.18
ORD-100633,2022-02-17,2022-02-24,Standard Class,Corporate,Ireland,Europe,Office Supplies,Storage,Shelving Unit,2615.01,1,0.0,1519.35
ORD-100634,2024-01-01,2024-01-06,Standard Class,Consumer,Finland,Europe,Technology,Machines,Laminator Machine,1546.23,5,0.1,746.91
ORD-100635,2021-01-18,2021-01-20,Standard Class,Consumer,United Kingdom,Europe,Office Supplies,Fasteners,Paper Clips,204.49,7,0.0,604.42
ORD-100636,2022-11-09,2022-11-11,First Class,Home Office,United States,North America,Furniture,Tables,Standing Desk,2518.26,9,0.25,692.34
ORD-100637,2024-06-23,2024-06-29,First Class,Consumer,Saudi Arabia,MEA,Technology,Accessories,USB Hub,1709.03,3,0.15,1331.8990000000001
ORD-100638,2024-11-18,2024-11-23,Standard Class,Home Office,Peru,LATAM,Technology,Machines,Shredder Pro,1065.36,9,0.0,434.56
ORD-100639,2023-10-20,2023-10-22,Standard Class,Consumer,Sweden,Europe,Office Supplies,Storage,Shelving Unit,3446.17,6,0.2,125.144
ORD-100640,2021-05-13,2021-05-16,Standard Class,Home Office,Venezuela,LATAM,Technology,Copiers,Desktop Scanner,866.64,4,0.1,1563.786
ORD-100641,2024-08-09,2024-08-14,Standard Class,Consumer,Chile,LATAM,Technology,Phones,Office Phone System,1430.08,8,0.0,726.61
ORD-100642,2022-10-17,2022-10-21,Second Class,Home Office,Netherlands,Europe,Technology,Accessories,Cable Kit,731.72,9,0.5,171.03
ORD-100643,2024-06-09,2024-06-11,Second Class,Consumer,Venezuela,LATAM,Technology,Accessories,Keyboard Dual,3431.11,9,0.0,-220.31
ORD-100644,2024-11-29,2024-12-02,First Class,Corporate,UAE,MEA,Office Supplies,Paper,Cardstock Pack,3315.56,6,0.2,1020.176
ORD-100645,2023-06-18,2023-06-22,Standard Class,Corporate,Austria,Europe,Furniture,Chairs,Stack Chair Set,2849.85,2,0.25,559.995
ORD-100646,2024-10-02,2024-10-03,Standard Class,Home Office,Poland,Europe,Office Supplies,Envelopes,Business Envelope,1325.76,1,0.2,787.08
ORD-100647,2024-02-28,2024-02-29,Standard Class,Consumer,Czech Republic,Europe,Technology,Machines,Folding Machine,60.16,2,0.2,702.816
ORD-100648,2022-10-22,2022-10-24,First Class,Corporate,United Kingdom,Europe,Furniture,Chairs,Ergo Chair Pro,448.28,9,0.4,369.70199999999994
ORD-100649,2023-07-10,2023-07-11,Standard Class,Home Office,France,Europe,Furniture,Chairs,Stack Chair Set,3368.56,5,0.0,941.72
ORD-100650,2024-12-09,2024-12-14,Same Day,Corporate,Sweden,Europe,Furniture,Bookcases,Corner Bookcase,1597.8,6,0.0,-195.32
ORD-100651,2023-07-31,2023-08-06,Standard Class,Consumer,Turkey,MEA,Office Supplies,Art,Art Supplies Kit,926.81,9,0.25,866.9925000000001
ORD-100652,2024-09-10,2024-09-16,Standard Class,Corporate,Sweden,Europe,Technology,Machines,Shredder Pro,1127.0,8,0.0,-208.36
ORD-100653,2023-01-27,2023-02-02,Standard Class,Consumer,India,APAC,Office Supplies,Envelopes,Tyvek Envelope,2038.81,1,0.3,-41.41199999999999
ORD-100654,2021-06-07,2021-06-10,Standard Class,Consumer,Poland,Europe,Furniture,Bookcases,5-Shelf Bookcase,2791.05,8,0.0,627.72
ORD-100655,2021-01-17,2021-01-20,First Class,Corporate,Vietnam,APAC,Furniture,Bookcases,Corner Bookcase,841.8,3,0.25,464.1825
ORD-100656,2023-05-09,2023-05-11,Same Day,Consumer,Turkey,MEA,Furniture,Furnishings,Filing Cabinet,605.18,1,0.2,194.584
ORD-100657,2021-08-16,2021-08-17,Same Day,Consumer,South Africa,MEA,Office Supplies,Art,Canvas Pack,653.68,6,0.25,101.01
ORD-100658,2021-04-13,2021-04-14,Standard Class,Corporate,South Korea,APAC,Office Supplies,Paper,Photo Paper,2532.46,5,0.15,1367.888
ORD-100659,2023-03-25,2023-04-01,Second Class,Corporate,Israel,MEA,Technology,Phones,Office Phone System,2532.17,8,0.5,791.8
ORD-100660,2023-11-14,2023-11-19,Standard Class,Consumer,Singapore,APAC,Furniture,Tables,Folding Table,2045.63,9,0.5,811.78
ORD-100661,2021-11-16,2021-11-20,Second Class,Corporate,Argentina,LATAM,Office Supplies,Binders,3-Ring Binder,2552.94,6,0.0,-35.21
ORD-100662,2023-09-26,2023-09-30,First Class,Home Office,Chile,LATAM,Technology,Copiers,Color Laser Copier,2549.1,3,0.5,182.365
ORD-100663,2021-09-28,2021-10-02,Standard Class,Consumer,China,APAC,Furniture,Tables,Coffee Table,1442.64,2,0.15,821.1255
ORD-100664,2024-06-06,2024-06-08,First Class,Consumer,UAE,MEA,Technology,Copiers,Desktop Scanner,596.73,2,0.15,364.08899999999994
ORD-100665,2023-07-24,2023-07-30,Standard Class,Corporate,Canada,North America,Technology,Copiers,Color Laser Copier,1773.68,7,0.3,846.797
ORD-100666,2023-03-29,2023-04-05,First Class,Consumer,Malaysia,APAC,Technology,Copiers,Desktop Scanner,1309.35,4,0.25,327.78000000000003
ORD-100667,2023-01-23,2023-01-24,Standard Class,Consumer,Greece,Europe,Furniture,Chairs,Executive Leather Chair,2929.17,2,0.15,605.302
ORD-100668,2022-10-09,2022-10-15,Standard Class,Corporate,France,Europe,Furniture,Tables,Standing Desk,3395.71,1,0.15,156.0515
ORD-100669,2024-08-06,2024-08-13,Second Class,Corporate,Brazil,LATAM,Technology,Accessories,Keyboard Dual,17.62,6,0.15,-148.86899999999997
ORD-100670,2023-01-16,2023-01-19,First Class,Consumer,Argentina,LATAM,Furniture,Bookcases,Library Wall Unit,2687.8,2,0.0,1314.57
ORD-100671,2021-04-10,2021-04-15,Standard Class,Corporate,Japan,APAC,Office Supplies,Labels,Address Labels,375.88,2,0.25,257.3025
ORD-100672,2024-01-21,2024-01-28,Second Class,Corporate,Israel,MEA,Office Supplies,Paper,Copy Paper A4,1289.86,5,0.0,1698.58
ORD-100673,2024-05-05,2024-05-08,Standard Class,Consumer,Singapore,APAC,Office Supplies,Art,Art Supplies Kit,1759.06,4,0.0,981.69
ORD-100674,2024-08-06,2024-08-08,Standard Class,Corporate,Netherlands,Europe,Technology,Copiers,Color Laser Copier,2554.95,9,0.0,895.45
ORD-100675,2024-11-27,2024-12-04,Standard Class,Corporate,Peru,LATAM,Furniture,Tables,Conference Table,617.18,8,0.4,252.456
ORD-100676,2023-01-22,2023-01-24,Same Day,Corporate,Indonesia,APAC,Technology,Machines,Postal Scale,1660.74,6,0.0,-61.68
ORD-100677,2023-02-02,2023-02-06,First Class,Consumer,Argentina,LATAM,Technology,Machines,Shredder Pro,2237.4,2,0.3,719.719
ORD-100678,2022-03-20,2022-03-21,Second Class,Home Office,Belgium,Europe,Furniture,Tables,Standing Desk,2954.45,8,0.0,670.44
ORD-100679,2023-02-24,2023-03-02,Standard Class,Consumer,United States,North America,Technology,Machines,Postal Scale,1878.77,2,0.3,-120.113
ORD-100680,2024-07-28,2024-07-31,First Class,Consumer,Greece,Europe,Office Supplies,Fasteners,Stapler Set,1232.15,7,0.25,266.2275
ORD-100681,2024-08-18,2024-08-24,Second Class,Consumer,Nigeria,MEA,Technology,Machines,Folding Machine,1983.96,5,0.5,-234.46
ORD-100682,2021-11-04,2021-11-10,Standard Class,Consumer,Portugal,Europe,Technology,Machines,Laminator Machine,950.34,9,0.0,1646.85
ORD-100683,2021-04-25,2021-04-26,Standard Class,Corporate,Belgium,Europe,Furniture,Chairs,Executive Leather Chair,1266.37,4,0.3,336.336
ORD-100684,2023-07-10,2023-07-11,Second Class,Consumer,Japan,APAC,Office Supplies,Paper,Copy Paper A4,141.11,6,0.0,670.02
ORD-100685,2023-03-09,2023-03-13,Standard Class,Consumer,UAE,MEA,Office Supplies,Fasteners,Paper Clips,873.65,4,0.15,1186.9315000000001
ORD-100686,2024-01-22,2024-01-25,Second Class,Home Office,Germany,Europe,Technology,Accessories,USB Hub,621.92,7,0.5,404.615
ORD-100687,2023-10-02,2023-10-07,Standard Class,Corporate,Singapore,APAC,Office Supplies,Supplies,Tape Dispenser,2360.9,4,0.3,399.81899999999996
ORD-100688,2021-08-11,2021-08-18,Standard Class,Consumer,Saudi Arabia,MEA,Office Supplies,Envelopes,Tyvek Envelope,219.78,5,0.3,-39.766999999999996
ORD-100689,2023-11-21,2023-11-26,Second Class,Consumer,Norway,Europe,Office Supplies,Storage,Storage Box,3387.85,6,0.1,-90.504
ORD-100690,2021-03-03,2021-03-08,Second Class,Home Office,Malaysia,APAC,Furniture,Bookcases,Library Wall Unit,938.72,7,0.0,481.62
ORD-100691,2024-05-12,2024-05-18,Standard Class,Corporate,Japan,APAC,Furniture,Furnishings,Wall Clock,1748.68,8,0.2,1290.496
ORD-100692,2024-05-16,2024-05-19,Same Day,Corporate,Venezuela,LATAM,Technology,Accessories,USB Hub,1834.26,8,0.15,383.8515
ORD-100693,2022-05-18,2022-05-19,Standard Class,Consumer,Belgium,Europe,Furniture,Furnishings,Filing Cabinet,448.4,7,0.4,922.5719999999999
ORD-100694,2021-08-24,2021-08-27,Standard Class,Corporate,Norway,Europe,Furniture,Bookcases,Corner Bookcase,489.19,2,0.15,722.092
ORD-100695,2023-01-26,2023-02-01,Standard Class,Corporate,United Kingdom,Europe,Office Supplies,Supplies,Ruler Set,2574.32,8,0.3,479.458
ORD-100696,2021-08-09,2021-08-15,Standard Class,Corporate,Chile,LATAM,Office Supplies,Storage,Storage Cabinet,948.33,8,0.5,505.34
ORD-100697,2021-06-10,2021-06-17,Second Class,Home Office,Mexico,LATAM,Technology,Phones,Office Phone System,1015.69,2,0.0,1792.75
ORD-100698,2022-12-02,2022-12-05,Standard Class,Home Office,Venezuela,LATAM,Office Supplies,Labels,Barcode Labels,814.08,4,0.0,1758.36
ORD-100699,2021-02-14,2021-02-18,First Class,Consumer,Philippines,APAC,Office Supplies,Paper,Notebook Set,1254.57,1,0.0,1170.5
ORD-100700,2022-11-18,2022-11-20,Standard Class,Corporate,Norway,Europe,Office Supplies,Storage,Shelving Unit,2640.65,1,0.25,556.635
ORD-100701,2024-09-05,2024-09-08,Standard Class,Corporate,Italy,Europe,Furniture,Furnishings,Wall Clock,3396.83,8,0.0,632.52
ORD-100702,2023-04-19,2023-04-25,Standard Class,Consumer,Malaysia,APAC,Technology,Machines,Postal Scale,841.35,1,0.0,520.51
ORD-100703,2021-04-04,2021-04-11,Second Class,Consumer,Russia,Europe,Technology,Phones,Headset Premium,289.42,8,0.5,-208.64
ORD-100704,2022-08-18,2022-08-20,Standard Class,Corporate,Greece,Europe,Technology,Machines,Folding Machine,3231.86,8,0.0,1444.67
ORD-100705,2024-10-14,2024-10-21,First Class,Consumer,India,APAC,Technology,Copiers,Multifunction Copier,1884.42,2,0.2,754.2560000000001
ORD-100706,2023-07-29,2023-08-02,Same Day,Consumer,Belgium,Europe,Office Supplies,Envelopes,Tyvek Envelope,2925.0,6,0.25,1076.79
ORD-100707,2022-09-07,2022-09-10,Standard Class,Home Office,Australia,APAC,Furniture,Tables,Coffee Table,2345.91,7,0.0,896.04
ORD-100708,2024-03-22,2024-03-23,Standard Class,Consumer,Brazil,LATAM,Furniture,Chairs,Ergo Chair Pro,1961.39,3,0.15,-142.63
ORD-100709,2023-12-12,2023-12-15,Standard Class,Corporate,Chile,LATAM,Technology,Phones,Wireless Phone Pro,2665.91,1,0.2,-397.05600000000004
ORD-100710,2022-05-29,2022-06-05,Second Class,Corporate,Austria,Europe,Furniture,Tables,Conference Table,2370.89,4,0.0,1383.12
ORD-100711,2022-04-13,2022-04-14,Second Class,Consumer,Egypt,MEA,Furniture,Tables,Conference Table,284.0,4,0.0,-320.88
ORD-100712,2024-09-29,2024-10-02,Standard Class,Consumer,South Africa,MEA,Office Supplies,Supplies,Ruler Set,3087.16,1,0.0,1201.0
ORD-100713,2022-12-31,2023-01-05,Second Class,Consumer,Spain,Europe,Office Supplies,Labels,Shipping Labels,2768.89,8,0.0,383.24
ORD-100714,2022-04-22,2022-04-25,Standard Class,Home Office,Venezuela,LATAM,Office Supplies,Storage,Storage Cabinet,2039.75,1,0.1,784.5390000000001
ORD-100715,2023-06-11,2023-06-17,Standard Class,Consumer,Turkey,MEA,Technology,Phones,Wireless Phone Pro,3149.61,7,0.2,-240.38400000000001
ORD-100716,2024-02-23,2024-03-01,Second Class,Consumer,Thailand,APAC,Furniture,Tables,Conference Table,1760.93,3,0.25,-179.6775
ORD-100717,2022-12-17,2022-12-23,Same Day,Corporate,Brazil,LATAM,Office Supplies,Storage,Shelving Unit,2428.15,2,0.2,406.12800000000004
ORD-100718,2022-12-14,2022-12-21,Second Class,Corporate,Austria,Europe,Technology,Phones,Wireless Phone Pro,2059.92,9,0.4,320.72999999999996
ORD-100719,2023-04-11,2023-04-14,First Class,Consumer,Hungary,Europe,Technology,Copiers,Color Laser Copier,1442.99,4,0.4,-38.412
ORD-100720,2021-03-25,2021-03-27,Standard Class,Consumer,India,APAC,Technology,Accessories,Cable Kit,1828.9,7,0.15,-296.7945
ORD-100721,2024-05-21,2024-05-25,First Class,Consumer,United Kingdom,Europe,Technology,Phones,Office Phone System,2787.92,5,0.25,-249.34499999999997
ORD-100722,2024-07-17,2024-07-21,Standard Class,Corporate,Italy,Europe,Office Supplies,Art,Poster Set,869.76,8,0.2,1180.088
ORD-100723,2021-11-17,2021-11-18,Standard Class,Corporate,Russia,Europe,Furniture,Furnishings,Filing Cabinet,2635.69,3,0.5,344.555
ORD-100724,2022-01-22,2022-01-26,Second Class,Consumer,Saudi Arabia,MEA,Office Supplies,Labels,Barcode Labels,2798.33,3,0.0,317.72
ORD-100725,2021-04-01,2021-04-02,Standard Class,Consumer,Singapore,APAC,Office Supplies,Paper,Cardstock Pack,1428.36,1,0.0,1638.82
ORD-100726,2022-12-17,2022-12-19,Second Class,Consumer,Indonesia,APAC,Furniture,Furnishings,Desk Lamp,3001.03,9,0.15,-250.34199999999998
ORD-100727,2022-05-02,2022-05-05,First Class,Corporate,Israel,MEA,Technology,Machines,Postal Scale,2612.61,1,0.4,785.484
ORD-100728,2022-12-01,2022-12-03,Standard Class,Home Office,Japan,APAC,Furniture,Chairs,Ergo Chair Pro,48.44,8,0.25,-97.305
ORD-100729,2022-12-07,2022-12-08,Standard Class,Consumer,Germany,Europe,Furniture,Chairs,Ergo Chair Pro,2677.24,9,0.0,1482.24
ORD-100730,2022-03-17,2022-03-22,Second Class,Consumer,Spain,Europe,Furniture,Tables,Conference Table,1013.03,6,0.3,595.63
ORD-100731,2023-10-30,2023-11-03,First Class,Consumer,Poland,Europe,Furniture,Bookcases,5-Shelf Bookcase,230.53,1,0.0,884.2
ORD-100732,2021-06-13,2021-06-17,Standard Class,Corporate,Czech Republic,Europe,Technology,Accessories,USB Hub,2141.45,8,0.4,96.396
ORD-100733,2023-01-12,2023-01-14,First Class,Corporate,Egypt,MEA,Office Supplies,Supplies,Tape Dispenser,62.43,2,0.4,-224.45399999999998
ORD-100734,2024-09-02,2024-09-06,Standard Class,Consumer,Argentina,LATAM,Furniture,Bookcases,5-Shelf Bookcase,3062.87,9,0.0,1351.71
ORD-100735,2023-12-25,2023-12-30,Standard Class,Home Office,Peru,LATAM,Furniture,Tables,Coffee Table,1116.03,1,0.2,175.632
ORD-100736,2023-09-19,2023-09-22,Standard Class,Consumer,Malaysia,APAC,Furniture,Chairs,Executive Leather Chair,1878.59,1,0.3,336.371
ORD-100737,2023-11-10,2023-11-11,Standard Class,Corporate,Egypt,MEA,Furniture,Bookcases,Corner Bookcase,1785.31,1,0.0,731.58
ORD-100738,2021-02-12,2021-02-14,Standard Class,Consumer,South Korea,APAC,Technology,Phones,Office Phone System,3380.54,6,0.0,1365.54
ORD-100739,2024-08-22,2024-08-27,Standard Class,Home Office,Australia,APAC,Office Supplies,Supplies,Ruler Set,1362.81,8,0.4,947.6759999999999
ORD-100740,2023-02-28,2023-03-02,Standard Class,Corporate,Indonesia,APAC,Technology,Accessories,Mouse Wireless,592.66,2,0.4,409.944
ORD-100741,2024-09-11,2024-09-17,Standard Class,Consumer,Vietnam,APAC,Technology,Copiers,Desktop Scanner,2994.22,7,0.0,1086.59
ORD-100742,2024-02-02,2024-02-05,Standard Class,Corporate,Venezuela,LATAM,Office Supplies,Fasteners,Paper Clips,2222.27,8,0.15,1281.3835
ORD-100743,2022-12-30,2023-01-01,Second Class,Consumer,Denmark,Europe,Office Supplies,Binders,3-Ring Binder,1079.33,9,0.0,483.27
ORD-100744,2024-02-10,2024-02-12,Standard Class,Consumer,Denmark,Europe,Furniture,Furnishings,Filing Cabinet,640.42,6,0.25,839.6999999999999
ORD-100745,2022-01-17,2022-01-19,Standard Class,Consumer,Czech Republic,Europe,Furniture,Chairs,Ergo Chair Pro,27.05,6,0.0,-156.38
ORD-100746,2021-08-27,2021-09-02,First Class,Home Office,Australia,APAC,Technology,Phones,Wireless Phone Pro,1726.17,6,0.4,-140.742
ORD-100747,2024-03-05,2024-03-12,First Class,Corporate,Argentina,LATAM,Office Supplies,Paper,Notebook Set,2672.34,6,0.0,130.39
ORD-100748,2024-03-08,2024-03-12,Standard Class,Home Office,Mexico,LATAM,Technology,Phones,Office Phone System,761.6,4,0.25,784.7624999999999
ORD-100749,2021-08-01,2021-08-05,Standard Class,Home Office,Philippines,APAC,Office Supplies,Fasteners,Rubber Bands,1984.95,4,0.5,-204.51
ORD-100750,2022-07-05,2022-07-09,Standard Class,Corporate,Canada,North America,Furniture,Chairs,Gaming Chair X,564.65,8,0.0,525.09
ORD-100751,2022-12-18,2022-12-20,Second Class,Consumer,Sweden,Europe,Office Supplies,Art,Framed Print,2079.51,4,0.0,1255.58
ORD-100752,2022-03-26,2022-03-27,Standard Class,Home Office,Switzerland,Europe,Office Supplies,Envelopes,Padded Mailer,1663.47,8,0.0,-483.68
ORD-100753,2023-09-30,2023-10-01,Second Class,Corporate,Italy,Europe,Office Supplies,Supplies,Hole Punch,1864.38,1,0.5,823.04
ORD-100754,2023-04-10,2023-04-17,First Class,Corporate,Argentina,LATAM,Technology,Machines,Shredder Pro,1653.15,4,0.4,530.328
ORD-100755,2023-01-05,2023-01-11,Standard Class,Corporate,Hungary,Europe,Office Supplies,Supplies,Scissors,2899.46,6,0.25,-308.0475
ORD-100756,2023-04-05,2023-04-12,First Class,Home Office,Australia,APAC,Office Supplies,Art,Framed Print,3072.15,9,0.25,-103.53750000000001
ORD-100757,2024-01-31,2024-02-06,Standard Class,Consumer,Peru,LATAM,Furniture,Furnishings,Desk Lamp,3250.49,2,0.3,383.558
ORD-100758,2023-08-29,2023-08-30,Second Class,Consumer,Spain,Europe,Furniture,Bookcases,Library Wall Unit,1296.77,3,0.3,273.364
ORD-100759,2021-11-25,2021-11-27,Second Class,Consumer,China,APAC,Technology,Copiers,Multifunction Copier,592.01,2,0.2,527.848
ORD-100760,2024-05-17,2024-05-23,First Class,Consumer,Egypt,MEA,Furniture,Chairs,Gaming Chair X,2592.66,2,0.0,1323.12
ORD-100761,2022-02-21,2022-02-25,Same Day,Consumer,Ireland,Europe,Technology,Phones,Headset Premium,42.88,9,0.4,57.972
ORD-100762,2021-08-17,2021-08-24,Standard Class,Home Office,New Zealand,APAC,Furniture,Furnishings,Wall Clock,2326.05,5,0.3,464.29599999999994
ORD-100763,2024-10-07,2024-10-08,Second Class,Consumer,Canada,North America,Office Supplies,Binders,Presentation Binder,2785.55,1,0.3,370.58699999999993
ORD-100764,2022-03-10,2022-03-11,Standard Class,Consumer,United Kingdom,Europe,Furniture,Chairs,Stack Chair Set,1598.38,1,0.4,956.94
ORD-100765,2024-03-21,2024-03-28,Second Class,Corporate,South Africa,MEA,Technology,Accessories,Mouse Wireless,2107.34,3,0.25,483.29999999999995
ORD-100766,2022-08-03,2022-08-09,Standard Class,Consumer,Colombia,LATAM,Office Supplies,Storage,File Cart,269.76,1,0.0,820.14
ORD-100767,2022-12-20,2022-12-25,Standard Class,Corporate,Norway,Europe,Furniture,Chairs,Executive Leather Chair,1699.8,3,0.25,642.9675
ORD-100768,2022-08-08,2022-08-12,Same Day,Consumer,Netherlands,Europe,Technology,Accessories,Mouse Wireless,2648.45,1,0.0,-400.71
ORD-100769,2023-01-13,2023-01-14,Second Class,Home Office,Spain,Europe,Technology,Phones,Office Phone System,3387.41,5,0.2,728.6560000000001
ORD-100770,2021-09-10,2021-09-17,Standard Class,Consumer,Turkey,MEA,Technology,Copiers,Color Laser Copier,2536.72,5,0.2,-206.624
ORD-100771,2022-01-28,2022-02-04,First Class,Home Office,Malaysia,APAC,Technology,Phones,Wireless Phone Pro,2427.08,7,0.25,546.21
ORD-100772,2023-10-06,2023-10-07,Standard Class,Consumer,Russia,Europe,Technology,Accessories,Cable Kit,1142.53,2,0.2,1277.3280000000002
ORD-100773,2023-01-17,2023-01-18,Standard Class,Corporate,Japan,APAC,Office Supplies,Labels,Barcode Labels,699.1,7,0.3,-146.685
ORD-100774,2024-04-01,2024-04-08,Standard Class,Corporate,France,Europe,Technology,Phones,Wireless Phone Pro,2640.81,6,0.1,828.873
ORD-100775,2022-08-14,2022-08-20,First Class,Consumer,Indonesia,APAC,Furniture,Furnishings,Wall Clock,1784.76,6,0.0,161.75
ORD-100776,2024-01-02,2024-01-05,Standard Class,Home Office,Turkey,MEA,Office Supplies,Labels,Shipping Labels,2188.43,6,0.4,33.636
ORD-100777,2024-05-19,2024-05-21,Second Class,Consumer,Sweden,Europe,Technology,Machines,Laminator Machine,3366.99,8,0.0,-15.78
ORD-100778,2024-10-04,2024-10-08,Second Class,Consumer,Singapore,APAC,Furniture,Chairs,Gaming Chair X,806.07,3,0.0,373.83
ORD-100779,2021-09-14,2021-09-19,Second Class,Consumer,Venezuela,LATAM,Office Supplies,Binders,Accordion Folder,2836.1,3,0.2,83.98400000000001
ORD-100780,2023-09-13,2023-09-20,Standard Class,Home Office,Czech Republic,Europe,Technology,Copiers,Desktop Scanner,1819.21,1,0.3,122.28999999999998
ORD-100781,2023-01-13,2023-01-15,Standard Class,Corporate,United Kingdom,Europe,Technology,Copiers,Color Laser Copier,605.98,8,0.15,-136.731
ORD-100782,2023-09-14,2023-09-21,First Class,Corporate,Austria,Europe,Technology,Copiers,Multifunction Copier,3311.8,6,0.25,1105.8600000000001
ORD-100783,2021-05-04,2021-05-06,Standard Class,Consumer,Singapore,APAC,Furniture,Tables,Folding Table,1908.13,9,0.0,1100.53
ORD-100784,2023-10-05,2023-10-12,Second Class,Home Office,Mexico,LATAM,Office Supplies,Paper,Notebook Set,2103.6,8,0.5,699.275
ORD-100785,2022-05-31,2022-06-05,Standard Class,Corporate,Switzerland,Europe,Technology,Copiers,Color Laser Copier,1546.37,2,0.15,803.5645
ORD-100786,2022-04-04,2022-04-10,Second Class,Home Office,Saudi Arabia,MEA,Technology,Accessories,Keyboard Dual,2861.33,6,0.15,1150.5175
ORD-100787,2024-12-25,2024-12-27,Standard Class,Consumer,Nigeria,MEA,Furniture,Bookcases,Library Wall Unit,1129.29,4,0.0,-160.86
ORD-100788,2021-09-14,2021-09-15,Standard Class,Consumer,Singapore,APAC,Office Supplies,Binders,3-Ring Binder,2124.99,6,0.3,-263.739
ORD-100789,2023-12-08,2023-12-09,First Class,Home Office,Chile,LATAM,Furniture,Chairs,Stack Chair Set,3320.0,1,0.1,1541.061
ORD-100790,2021-02-18,2021-02-21,Standard Class,Corporate,Brazil,LATAM,Furniture,Chairs,Ergo Chair Pro,1711.26,2,0.0,1343.72
ORD-100791,2023-07-05,2023-07-07,Standard Class,Home Office,Saudi Arabia,MEA,Office Supplies,Art,Framed Print,2917.15,9,0.0,1315.37
ORD-100792,2024-03-17,2024-03-23,Standard Class,Corporate,Czech Republic,Europe,Office Supplies,Binders,Accordion Folder,2343.08,6,0.0,518.29
ORD-100793,2022-06-23,2022-06-29,Standard Class,Corporate,Russia,Europe,Furniture,Tables,Folding Table,758.83,9,0.5,833.515
ORD-100794,2022-04-18,2022-04-25,Standard Class,Consumer,Vietnam,APAC,Furniture,Tables,Folding Table,507.86,4,0.0,1408.3
ORD-100795,2021-04-27,2021-04-30,Second Class,Consumer,Saudi Arabia,MEA,Furniture,Bookcases,Corner Bookcase,2722.89,5,0.0,-468.91
ORD-100796,2022-11-16,2022-11-18,Same Day,Corporate,South Africa,MEA,Furniture,Tables,Conference Table,697.9,8,0.0,1005.97
ORD-100797,2022-04-06,2022-04-09,Standard Class,Corporate,Malaysia,APAC,Furniture,Tables,Conference Table,669.88,2,0.4,573.9119999999999
ORD-100798,2021-07-14,2021-07-20,Standard Class,Consumer,Malaysia,APAC,Office Supplies,Binders,3-Ring Binder,1415.72,3,0.2,-235.83200000000002
ORD-100799,2024-04-16,2024-04-18,Standard Class,Home Office,Thailand,APAC,Office Supplies,Supplies,Tape Dispenser,1145.71,1,0.5,79.2
ORD-100800,2022-09-11,2022-09-14,Standard Class,Corporate,India,APAC,Technology,Phones,Office Phone System,458.74,6,0.5,37.385
ORD-100801,2021-08-23,2021-08-27,Standard Class,Consumer,Saudi Arabia,MEA,Technology,Machines,Laminator Machine,1800.96,3,0.4,159.174
ORD-100802,2022-06-17,2022-06-20,Standard Class,Consumer,Saudi Arabia,MEA,Technology,Accessories,Keyboard Dual,1703.54,2,0.5,100.475
ORD-100803,2021-01-28,2021-02-02,Standard Class,Consumer,Venezuela,LATAM,Office Supplies,Supplies,Ruler Set,528.21,5,0.0,712.44
ORD-100804,2021-05-09,2021-05-12,Second Class,Home Office,Philippines,APAC,Technology,Accessories,Mouse Wireless,650.08,1,0.0,697.05
ORD-100805,2022-01-23,2022-01-24,First Class,Consumer,Indonesia,APAC,Furniture,Chairs,Ergo Chair Pro,478.37,1,0.15,1084.4385
ORD-100806,2021-08-01,2021-08-03,First Class,Consumer,Poland,Europe,Furniture,Chairs,Stack Chair Set,1535.65,3,0.15,755.8285
ORD-100807,2023-12-21,2023-12-27,Standard Class,Corporate,New Zealand,APAC,Furniture,Bookcases,Library Wall Unit,907.27,1,0.15,293.029
ORD-100808,2023-05-20,2023-05-27,Second Class,Home Office,Mexico,LATAM,Furniture,Chairs,Executive Leather Chair,1176.16,5,0.15,178.058
ORD-100809,2022-04-17,2022-04-19,First Class,Corporate,Denmark,Europe,Furniture,Furnishings,Filing Cabinet,1909.2,3,0.5,144.41
ORD-100810,2023-01-07,2023-01-09,Standard Class,Consumer,Portugal,Europe,Furniture,Furnishings,Wall Clock,1478.93,5,0.25,658.755
ORD-100811,2021-11-08,2021-11-13,Standard Class,Consumer,India,APAC,Technology,Accessories,USB Hub,263.29,5,0.0,-10.44
ORD-100812,2024-05-05,2024-05-11,Standard Class,Home Office,Japan,APAC,Technology,Machines,Folding Machine,1953.3,1,0.0,83.32
ORD-100813,2024-06-25,2024-07-02,Same Day,Home Office,UAE,MEA,Furniture,Chairs,Gaming Chair X,2696.05,2,0.0,763.32
ORD-100814,2021-04-16,2021-04-19,Second Class,Consumer,United States,North America,Office Supplies,Paper,Notebook Set,3357.3,2,0.0,1163.81
ORD-100815,2023-03-26,2023-04-01,Standard Class,Consumer,Russia,Europe,Furniture,Chairs,Executive Leather Chair,1755.69,5,0.2,-39.824000000000005
ORD-100816,2021-10-02,2021-10-08,First Class,Consumer,Japan,APAC,Office Supplies,Envelopes,Business Envelope,1468.5,9,0.4,1026.6419999999998
ORD-100817,2021-11-03,2021-11-05,Second Class,Home Office,Saudi Arabia,MEA,Furniture,Tables,Folding Table,1437.16,4,0.25,540.45
ORD-100818,2023-09-13,2023-09-19,Standard Class,Corporate,Czech Republic,Europe,Furniture,Chairs,Ergo Chair Pro,2326.63,7,0.0,173.14
ORD-100819,2021-12-08,2021-12-10,First Class,Consumer,Italy,Europe,Technology,Machines,Folding Machine,1291.42,4,0.25,-119.5275
ORD-100820,2023-12-19,2023-12-23,Standard Class,Home Office,Spain,Europe,Office Supplies,Art,Canvas Pack,2572.61,3,0.1,1040.607
ORD-100821,2021-07-27,2021-07-29,Standard Class,Consumer,Canada,North America,Furniture,Bookcases,5-Shelf Bookcase,2887.95,1,0.0,522.01
ORD-100822,2023-04-13,2023-04-16,Same Day,Home Office,New Zealand,APAC,Technology,Phones,Headset Premium,2838.42,8,0.0,32.02
ORD-100823,2022-09-15,2022-09-17,Standard Class,Consumer,United Kingdom,Europe,Technology,Machines,Laminator Machine,2943.81,7,0.15,1150.237
ORD-100824,2023-03-31,2023-04-05,First Class,Home Office,Mexico,LATAM,Technology,Phones,Headset Premium,1128.67,1,0.1,1560.429
ORD-100825,2021-02-02,2021-02-03,Standard Class,Corporate,South Korea,APAC,Furniture,Furnishings,Plant Holder,2386.86,8,0.3,359.09999999999997
ORD-100826,2021-03-08,2021-03-13,Standard Class,Corporate,Belgium,Europe,Technology,Copiers,Multifunction Copier,2339.06,7,0.2,200.984
ORD-100827,2022-07-07,2022-07-09,Standard Class,Consumer,Thailand,APAC,Furniture,Bookcases,Library Wall Unit,1251.65,5,0.15,922.2755
ORD-100828,2024-04-16,2024-04-21,Second Class,Consumer,Poland,Europe,Office Supplies,Art,Framed Print,3117.74,8,0.5,679.13
ORD-100829,2021-01-07,2021-01-14,Second Class,Consumer,Italy,Europe,Furniture,Chairs,Stack Chair Set,2178.91,5,0.1,585.738
ORD-100830,2023-07-01,2023-07-06,Second Class,Corporate,Canada,North America,Office Supplies,Paper,Notebook Set,1204.75,8,0.5,884.275
ORD-100831,2023-02-08,2023-02-15,Standard Class,Corporate,Austria,Europe,Office Supplies,Binders,Accordion Folder,3253.97,3,0.2,666.52
ORD-100832,2022-05-12,2022-05-16,Second Class,Corporate,China,APAC,Technology,Phones,Office Phone System,1078.77,1,0.4,718.926
ORD-100833,2022-09-19,2022-09-24,Second Class,Home Office,Denmark,Europe,Technology,Copiers,Color Laser Copier,2416.47,4,0.0,137.69
ORD-100834,2021-12-05,2021-12-12,Standard Class,Corporate,Finland,Europe,Furniture,Chairs,Executive Leather Chair,32.77,3,0.3,-296.18399999999997
ORD-100835,2021-06-14,2021-06-21,Standard Class,Consumer,Mexico,LATAM,Technology,Machines,Shredder Pro,789.16,2,0.0,774.33
ORD-100836,2022-07-06,2022-07-12,First Class,Corporate,Indonesia,APAC,Furniture,Furnishings,Plant Holder,345.48,1,0.2,451.344
ORD-100837,2021-12-02,2021-12-09,First Class,Consumer,Japan,APAC,Office Supplies,Art,Canvas Pack,2222.14,5,0.4,-12.06
ORD-100838,2021-08-11,2021-08-14,Standard Class,Corporate,Chile,LATAM,Office Supplies,Supplies,Ruler Set,1627.23,9,0.0,-106.07
ORD-100839,2022-10-11,2022-10-15,Standard Class,Corporate,Philippines,APAC,Furniture,Tables,Standing Desk,457.38,6,0.0,799.57
ORD-100840,2022-08-15,2022-08-22,Standard Class,Corporate,Vietnam,APAC,Office Supplies,Paper,Copy Paper A4,292.51,7,0.5,570.32
ORD-100841,2021-10-30,2021-11-06,First Class,Corporate,India,APAC,Furniture,Tables,Folding Table,1768.57,6,0.0,186.66
ORD-100842,2022-11-06,2022-11-11,Second Class,Corporate,United Kingdom,Europe,Office Supplies,Storage,File Cart,1818.58,2,0.15,-364.735
ORD-100843,2024-01-15,2024-01-20,Standard Class,Consumer,South Korea,APAC,Technology,Machines,Laminator Machine,95.12,1,0.5,381.27
ORD-100844,2021-03-11,2021-03-17,Standard Class,Corporate,Finland,Europe,Office Supplies,Storage,File Cart,584.19,7,0.0,-413.01
ORD-100845,2024-10-03,2024-10-09,Standard Class,Consumer,Russia,Europe,Furniture,Chairs,Executive Leather Chair,1777.53,3,0.4,7.866
ORD-100846,2023-12-19,2023-12-23,Standard Class,Consumer,Venezuela,LATAM,Technology,Machines,Shredder Pro,2189.06,7,0.5,401.825
ORD-100847,2024-06-22,2024-06-25,Second Class,Consumer,Norway,Europe,Office Supplies,Paper,Cardstock Pack,2999.99,3,0.5,136.34
ORD-100848,2022-05-17,2022-05-23,First Class,Consumer,Germany,Europe,Furniture,Furnishings,Plant Holder,1853.51,1,0.0,893.11
ORD-100849,2023-06-17,2023-06-24,Standard Class,Corporate,Saudi Arabia,MEA,Office Supplies,Labels,Address Labels,2950.17,3,0.15,540.7955
ORD-100850,2021-09-28,2021-10-02,Second Class,Consumer,India,APAC,Furniture,Furnishings,Desk Lamp,1042.18,5,0.0,813.28
ORD-100851,2023-01-16,2023-01-21,Standard Class,Consumer,Sweden,Europe,Furniture,Bookcases,Library Wall Unit,2016.19,9,0.15,307.43649999999997
ORD-100852,2022-09-18,2022-09-21,Standard Class,Home Office,Philippines,APAC,Office Supplies,Binders,Presentation Binder,2624.56,8,0.0,904.98
ORD-100853,2021-09-01,2021-09-07,Standard Class,Consumer,China,APAC,Office Supplies,Envelopes,Padded Mailer,198.63,1,0.25,1156.4850000000001
ORD-100854,2023-05-29,2023-06-03,Standard Class,Consumer,Denmark,Europe,Furniture,Tables,Coffee Table,1406.54,1,0.3,93.12799999999999
ORD-100855,2023-06-24,2023-06-28,Second Class,Home Office,Greece,Europe,Furniture,Tables,Coffee Table,909.36,4,0.0,827.15
ORD-100856,2022-08-23,2022-08-24,Standard Class,Consumer,Indonesia,APAC,Technology,Copiers,Multifunction Copier,2840.69,8,0.15,1006.9269999999999
ORD-100857,2022-06-22,2022-06-29,Second Class,Corporate,China,APAC,Furniture,Bookcases,5-Shelf Bookcase,1660.16,4,0.15,841.5255
ORD-100858,2021-02-05,2021-02-08,Same Day,Consumer,Italy,Europe,Technology,Machines,Shredder Pro,2988.18,5,0.25,-83.76
ORD-100859,2022-11-04,2022-11-11,Standard Class,Home Office,Mexico,LATAM,Furniture,Bookcases,5-Shelf Bookcase,404.84,6,0.25,252.06
ORD-100860,2022-11-16,2022-11-22,Standard Class,Consumer,Spain,Europe,Office Supplies,Paper,Copy Paper A4,3471.71,7,0.0,141.41
ORD-100861,2022-10-05,2022-10-11,Standard Class,Corporate,Austria,Europe,Technology,Copiers,Desktop Scanner,1859.03,2,0.2,-123.432
ORD-100862,2021-05-13,2021-05-20,First Class,Home Office,India,APAC,Furniture,Furnishings,Plant Holder,969.39,3,0.4,22.926
ORD-100863,2024-11-05,2024-11-06,Standard Class,Consumer,Switzerland,Europe,Technology,Phones,Office Phone System,3226.83,5,0.3,828.044
ORD-100864,2021-01-08,2021-01-12,Second Class,Consumer,China,APAC,Office Supplies,Fasteners,Paper Clips,1695.01,3,0.15,864.841
ORD-100865,2021-07-13,2021-07-15,Second Class,Home Office,Denmark,Europe,Furniture,Tables,Standing Desk,2199.61,3,0.0,172.5
ORD-100866,2024-03-23,2024-03-24,Standard Class,Corporate,Turkey,MEA,Furniture,Tables,Standing Desk,1422.21,4,0.0,91.94
ORD-100867,2023-01-10,2023-01-13,Standard Class,Home Office,Russia,Europe,Technology,Copiers,Desktop Scanner,1832.22,7,0.25,441.2925
ORD-100868,2022-02-20,2022-02-24,Standard Class,Consumer,Denmark,Europe,Office Supplies,Binders,3-Ring Binder,2066.16,9,0.0,1213.83
ORD-100869,2022-04-11,2022-04-14,First Class,Corporate,Portugal,Europe,Furniture,Furnishings,Desk Lamp,867.25,9,0.1,-245.133
ORD-100870,2022-03-25,2022-03-27,Standard Class,Corporate,Argentina,LATAM,Technology,Accessories,Cable Kit,153.01,3,0.0,-268.27
ORD-100871,2023-01-31,2023-02-03,Standard Class,Home Office,Israel,MEA,Technology,Copiers,Multifunction Copier,623.1,1,0.0,273.52
ORD-100872,2024-04-18,2024-04-22,Second Class,Corporate,Germany,Europe,Furniture,Chairs,Executive Leather Chair,3320.8,5,0.1,-133.011
ORD-100873,2024-10-09,2024-10-12,Standard Class,Home Office,Australia,APAC,Technology,Copiers,Multifunction Copier,1457.82,2,0.2,119.80000000000001
ORD-100874,2022-06-13,2022-06-17,Same Day,Home Office,Portugal,Europe,Technology,Accessories,Mouse Wireless,756.17,4,0.3,749.742
ORD-100875,2023-12-28,2024-01-03,Standard Class,Corporate,Peru,LATAM,Technology,Phones,Headset Premium,3020.74,4,0.15,-162.06949999999998
ORD-100876,2023-03-31,2023-04-03,Standard Class,Consumer,Russia,Europe,Furniture,Bookcases,Corner Bookcase,2827.64,9,0.25,1271.3325
ORD-100877,2023-05-08,2023-05-13,Standard Class,Consumer,Chile,LATAM,Technology,Accessories,Mouse Wireless,2399.86,6,0.5,-229.23
ORD-100878,2022-02-07,2022-02-13,Standard Class,Corporate,Vietnam,APAC,Office Supplies,Art,Canvas Pack,1859.12,2,0.2,757.1840000000001
ORD-100879,2022-09-27,2022-09-29,Standard Class,Consumer,Netherlands,Europe,Technology,Phones,Wireless Phone Pro,2937.72,4,0.0,696.42
ORD-100880,2021-12-08,2021-12-13,First Class,Consumer,Italy,Europe,Office Supplies,Labels,Address Labels,1093.91,9,0.15,365.109
ORD-100881,2021-11-14,2021-11-15,Standard Class,Consumer,South Africa,MEA,Office Supplies,Envelopes,Padded Mailer,2483.3,6,0.5,809.23
ORD-100882,2022-09-27,2022-09-30,Standard Class,Corporate,Israel,MEA,Furniture,Bookcases,Library Wall Unit,642.56,2,0.0,-209.75
ORD-100883,2024-08-13,2024-08-14,Standard Class,Consumer,Vietnam,APAC,Technology,Phones,Headset Premium,1323.33,7,0.15,-322.813
ORD-100884,2021-10-09,2021-10-12,First Class,Consumer,Indonesia,APAC,Office Supplies,Storage,Storage Box,1051.59,9,0.15,1495.575
ORD-100885,2021-09-06,2021-09-09,First Class,Consumer,Finland,Europe,Technology,Copiers,Multifunction Copier,250.78,5,0.4,98.556
ORD-100886,2024-09-01,2024-09-07,Standard Class,Consumer,Finland,Europe,Technology,Phones,Wireless Phone Pro,1388.52,5,0.0,-23.25
ORD-100887,2024-05-24,2024-05-27,Standard Class,Corporate,Venezuela,LATAM,Office Supplies,Supplies,Ruler Set,2395.74,3,0.0,1654.98
ORD-100888,2021-11-15,2021-11-16,Standard Class,Consumer,Sweden,Europe,Office Supplies,Envelopes,Padded Mailer,1075.89,4,0.2,999.8000000000001
ORD-100889,2024-02-10,2024-02-13,Standard Class,Consumer,Czech Republic,Europe,Furniture,Furnishings,Plant Holder,1103.65,5,0.4,981.6479999999999
ORD-100890,2022-06-21,2022-06-23,Standard Class,Consumer,Portugal,Europe,Technology,Phones,Headset Premium,3414.32,6,0.5,353.91
ORD-100891,2023-05-14,2023-05-19,Standard Class,Consumer,China,APAC,Furniture,Bookcases,5-Shelf Bookcase,2462.56,5,0.0,-386.95
ORD-100892,2024-09-03,2024-09-09,Second Class,Corporate,Greece,Europe,Furniture,Tables,Standing Desk,2398.31,3,0.1,932.355
ORD-100893,2023-06-09,2023-06-13,Same Day,Home Office,France,Europe,Technology,Copiers,Color Laser Copier,872.75,8,0.0,1756.37
ORD-100894,2021-06-25,2021-07-02,Second Class,Consumer,Japan,APAC,Furniture,Furnishings,Filing Cabinet,2860.9,7,0.0,604.29
ORD-100895,2023-11-19,2023-11-21,Standard Class,Corporate,New Zealand,APAC,Technology,Machines,Shredder Pro,3101.1,4,0.4,403.43399999999997
ORD-100896,2024-07-12,2024-07-19,Standard Class,Consumer,Denmark,Europe,Furniture,Chairs,Ergo Chair Pro,3058.71,7,0.15,724.1405
ORD-100897,2021-09-12,2021-09-17,Standard Class,Consumer,Netherlands,Europe,Furniture,Furnishings,Desk Lamp,3393.34,2,0.0,-336.89
ORD-100898,2022-11-11,2022-11-17,Second Class,Home Office,United Kingdom,Europe,Furniture,Chairs,Gaming Chair X,108.9,9,0.2,482.128
ORD-100899,2022-02-19,2022-02-22,Standard Class,Consumer,Nigeria,MEA,Technology,Phones,Wireless Phone Pro,1784.8,2,0.4,-259.746
ORD-100900,2022-04-20,2022-04-22,First Class,Consumer,Argentina,LATAM,Technology,Accessories,Keyboard Dual,3003.6,4,0.2,-60.24
ORD-100901,2024-09-21,2024-09-25,First Class,Consumer,Russia,Europe,Furniture,Tables,Conference Table,1959.59,8,0.2,-195.76800000000003
ORD-100902,2022-05-26,2022-05-30,Second Class,Consumer,Brazil,LATAM,Furniture,Tables,Conference Table,3293.97,1,0.0,898.31
ORD-100903,2022-12-31,2023-01-05,Standard Class,Consumer,UAE,MEA,Technology,Machines,Folding Machine,3080.54,6,0.25,432.06000000000006
ORD-100904,2021-09-13,2021-09-14,First Class,Consumer,Philippines,APAC,Furniture,Tables,Folding Table,698.63,6,0.0,148.44
ORD-100905,2024-11-24,2024-11-28,First Class,Home Office,Belgium,Europe,Office Supplies,Storage,Storage Box,46.11,5,0.1,1007.1
ORD-100906,2024-12-29,2024-12-30,Standard Class,Home Office,Chile,LATAM,Office Supplies,Paper,Photo Paper,1671.45,9,0.0,835.7
ORD-100907,2024-01-01,2024-01-04,Standard Class,Consumer,Switzerland,Europe,Office Supplies,Binders,Accordion Folder,1807.1,8,0.0,-346.63
ORD-100908,2024-07-28,2024-08-01,Standard Class,Home Office,Venezuela,LATAM,Office Supplies,Fasteners,Rubber Bands,324.78,7,0.15,1470.483
ORD-100909,2021-08-09,2021-08-16,Standard Class,Corporate,Indonesia,APAC,Technology,Phones,Headset Premium,1290.81,6,0.4,872.982
ORD-100910,2022-07-19,2022-07-21,Standard Class,Consumer,UAE,MEA,Office Supplies,Fasteners,Paper Clips,1788.93,6,0.5,265.76
ORD-100911,2024-06-29,2024-07-02,Same Day,Corporate,Philippines,APAC,Technology,Copiers,Color Laser Copier,2664.86,3,0.1,529.47
ORD-100912,2023-12-11,2023-12-14,Standard Class,Consumer,Norway,Europe,Office Supplies,Fasteners,Rubber Bands,3450.65,1,0.15,723.962
ORD-100913,2022-01-22,2022-01-26,Standard Class,Home Office,Japan,APAC,Furniture,Furnishings,Plant Holder,87.25,4,0.5,-12.135
ORD-100914,2024-03-11,2024-03-17,Standard Class,Corporate,New Zealand,APAC,Furniture,Tables,Conference Table,854.44,2,0.2,1249.5120000000002
ORD-100915,2022-11-28,2022-11-30,First Class,Home Office,Venezuela,LATAM,Technology,Copiers,Color Laser Copier,1343.11,1,0.25,906.5025
ORD-100916,2021-09-02,2021-09-08,Second Class,Corporate,Thailand,APAC,Technology,Machines,Postal Scale,362.8,3,0.15,-238.153
ORD-100917,2023-08-13,2023-08-18,First Class,Consumer,Philippines,APAC,Office Supplies,Supplies,Ruler Set,2373.1,6,0.0,1298.49
ORD-100918,2021-01-24,2021-01-31,Standard Class,Consumer,Romania,Europe,Technology,Phones,Office Phone System,1114.59,5,0.2,1005.8240000000001
ORD-100919,2022-04-22,2022-04-28,Standard Class,Consumer,New Zealand,APAC,Office Supplies,Binders,3-Ring Binder,658.55,4,0.0,1786.86
ORD-100920,2024-01-24,2024-01-30,Standard Class,Consumer,Egypt,MEA,Furniture,Bookcases,5-Shelf Bookcase,3245.19,6,0.5,593.325
ORD-100921,2021-12-07,2021-12-10,Standard Class,Home Office,Belgium,Europe,Furniture,Chairs,Gaming Chair X,2284.36,8,0.2,865.9760000000001
ORD-100922,2021-11-21,2021-11-26,Standard Class,Home Office,United Kingdom,Europe,Furniture,Chairs,Ergo Chair Pro,1588.61,7,0.1,919.017
ORD-100923,2021-05-29,2021-05-30,Standard Class,Corporate,India,APAC,Office Supplies,Binders,3-Ring Binder,3184.35,5,0.0,781.21
ORD-100924,2024-09-09,2024-09-14,Standard Class,Consumer,New Zealand,APAC,Furniture,Chairs,Executive Leather Chair,1652.96,1,0.25,1034.25
ORD-100925,2023-09-03,2023-09-07,Standard Class,Corporate,Hungary,Europe,Office Supplies,Supplies,Hole Punch,2810.95,7,0.5,495.44
ORD-100926,2022-07-29,2022-08-02,Standard Class,Corporate,Egypt,MEA,Technology,Accessories,Cable Kit,2704.39,9,0.1,418.131
ORD-100927,2024-07-07,2024-07-12,Standard Class,Corporate,Canada,North America,Furniture,Chairs,Gaming Chair X,1107.89,9,0.3,274.30199999999996
ORD-100928,2024-08-15,2024-08-20,Standard Class,Home Office,Germany,Europe,Technology,Accessories,Cable Kit,613.14,5,0.3,-250.91499999999996
ORD-100929,2022-07-15,2022-07-16,Standard Class,Home Office,UAE,MEA,Office Supplies,Storage,File Cart,1651.43,7,0.0,1254.44
ORD-100930,2024-07-07,2024-07-14,Standard Class,Home Office,United Kingdom,Europe,Technology,Copiers,Color Laser Copier,2297.53,5,0.0,299.87
ORD-100931,2023-11-20,2023-11-22,Second Class,Consumer,United States,North America,Technology,Copiers,Desktop Scanner,3079.1,9,0.15,918.9945
ORD-100932,2022-10-03,2022-10-05,Standard Class,Consumer,New Zealand,APAC,Furniture,Tables,Folding Table,380.26,8,0.15,1448.5275000000001
ORD-100933,2024-02-05,2024-02-09,Same Day,Consumer,Colombia,LATAM,Furniture,Bookcases,Corner Bookcase,1763.89,3,0.0,-453.08
ORD-100934,2021-09-03,2021-09-10,Standard Class,Consumer,Portugal,Europe,Furniture,Chairs,Gaming Chair X,847.9,1,0.15,375.0795
ORD-100935,2022-01-30,2022-02-06,Standard Class,Home Office,Vietnam,APAC,Technology,Copiers,Color Laser Copier,1259.93,8,0.1,681.5160000000001
ORD-100936,2023-10-22,2023-10-26,First Class,Consumer,Canada,North America,Furniture,Chairs,Executive Leather Chair,1433.01,5,0.5,633.16
ORD-100937,2022-04-19,2022-04-21,Standard Class,Consumer,Philippines,APAC,Office Supplies,Binders,Presentation Binder,3082.67,3,0.0,447.82
ORD-100938,2022-06-19,2022-06-21,Standard Class,Corporate,Japan,APAC,Office Supplies,Binders,Accordion Folder,2839.45,4,0.2,-5.912
ORD-100939,2022-10-30,2022-11-02,Second Class,Consumer,India,APAC,Technology,Machines,Laminator Machine,511.98,4,0.5,-47.375
ORD-100940,2023-09-09,2023-09-16,Standard Class,Corporate,China,APAC,Furniture,Tables,Standing Desk,788.1,2,0.0,484.44
ORD-100941,2024-01-19,2024-01-22,Standard Class,Consumer,Ireland,Europe,Furniture,Furnishings,Filing Cabinet,230.43,8,0.0,456.06
ORD-100942,2024-05-22,2024-05-26,Standard Class,Consumer,Saudi Arabia,MEA,Furniture,Tables,Standing Desk,1770.43,6,0.5,582.12
ORD-100943,2023-09-26,2023-09-27,First Class,Corporate,Portugal,Europe,Office Supplies,Binders,3-Ring Binder,120.35,5,0.3,976.0939999999999
ORD-100944,2022-11-15,2022-11-19,Same Day,Corporate,Russia,Europe,Furniture,Tables,Coffee Table,2185.63,1,0.0,-8.4
ORD-100945,2023-04-21,2023-04-28,Standard Class,Consumer,Netherlands,Europe,Furniture,Bookcases,Corner Bookcase,1687.54,2,0.3,-155.547
ORD-100946,2024-02-13,2024-02-17,Standard Class,Consumer,Sweden,Europe,Furniture,Bookcases,Library Wall Unit,1771.54,4,0.0,-261.17
ORD-100947,2022-05-17,2022-05-18,Standard Class,Corporate,France,Europe,Furniture,Bookcases,Library Wall Unit,615.77,6,0.4,-5.556
ORD-100948,2021-06-07,2021-06-11,Standard Class,Consumer,Hungary,Europe,Technology,Phones,Office Phone System,893.69,4,0.4,514.728
ORD-100949,2023-12-07,2023-12-12,Standard Class,Consumer,Egypt,MEA,Furniture,Chairs,Ergo Chair Pro,2964.06,6,0.15,379.3125
ORD-100950,2021-09-27,2021-10-01,Standard Class,Consumer,Brazil,LATAM,Furniture,Furnishings,Filing Cabinet,1235.84,4,0.0,210.38
ORD-100951,2022-02-23,2022-03-02,Standard Class,Consumer,Thailand,APAC,Furniture,Bookcases,Library Wall Unit,316.33,5,0.0,671.21
ORD-100952,2024-05-29,2024-06-01,Standard Class,Consumer,Norway,Europe,Office Supplies,Art,Canvas Pack,1729.43,6,0.2,1425.3120000000001
ORD-100953,2024-05-16,2024-05-21,Standard Class,Corporate,Vietnam,APAC,Office Supplies,Labels,Address Labels,2122.65,7,0.5,-208.0
ORD-100954,2021-01-07,2021-01-10,Second Class,Consumer,Philippines,APAC,Furniture,Chairs,Gaming Chair X,836.48,8,0.15,164.40699999999998
ORD-100955,2021-02-14,2021-02-19,Second Class,Consumer,Russia,Europe,Technology,Accessories,Cable Kit,1376.18,1,0.1,260.1
ORD-100956,2023-08-18,2023-08-25,Second Class,Corporate,Italy,Europe,Technology,Accessories,Cable Kit,1030.62,8,0.1,-348.246
ORD-100957,2024-11-26,2024-12-01,Standard Class,Consumer,Sweden,Europe,Office Supplies,Art,Poster Set,3266.57,2,0.3,700.707
ORD-100958,2021-03-29,2021-04-02,Standard Class,Consumer,Spain,Europe,Furniture,Chairs,Executive Leather Chair,1548.27,8,0.2,372.93600000000004
ORD-100959,2023-01-14,2023-01-20,First Class,Consumer,Chile,LATAM,Office Supplies,Paper,Cardstock Pack,2158.53,5,0.25,600.585
ORD-100960,2024-02-12,2024-02-17,Standard Class,Corporate,Belgium,Europe,Technology,Accessories,Mouse Wireless,3209.65,1,0.4,994.938
ORD-100961,2024-05-25,2024-06-01,Standard Class,Consumer,Finland,Europe,Office Supplies,Fasteners,Rubber Bands,1403.65,4,0.0,-98.3
ORD-100962,2022-11-04,2022-11-11,Standard Class,Consumer,Norway,Europe,Technology,Machines,Postal Scale,1850.02,9,0.0,1598.94
ORD-100963,2022-10-10,2022-10-14,Second Class,Corporate,Germany,Europe,Office Supplies,Storage,Storage Cabinet,1942.51,2,0.0,-49.87
ORD-100964,2022-04-25,2022-04-29,Standard Class,Consumer,Mexico,LATAM,Office Supplies,Binders,Presentation Binder,1558.8,3,0.3,-288.491
ORD-100965,2024-01-16,2024-01-22,Second Class,Consumer,Czech Republic,Europe,Furniture,Furnishings,Desk Lamp,583.01,7,0.5,202.775
ORD-100966,2024-07-01,2024-07-05,Second Class,Corporate,Austria,Europe,Technology,Accessories,Cable Kit,317.14,8,0.25,257.13750000000005
ORD-100967,2021-12-09,2021-12-14,Standard Class,Consumer,Philippines,APAC,Technology,Machines,Folding Machine,3025.14,6,0.1,1476.774
ORD-100968,2024-07-27,2024-07-29,First Class,Consumer,Chile,LATAM,Office Supplies,Art,Framed Print,1981.22,5,0.0,-438.81
ORD-100969,2023-01-05,2023-01-08,Second Class,Consumer,Nigeria,MEA,Furniture,Furnishings,Filing Cabinet,1582.37,5,0.3,898.0089999999999
ORD-100970,2021-12-09,2021-12-10,Standard Class,Consumer,Venezuela,LATAM,Furniture,Chairs,Stack Chair Set,2377.68,1,0.15,-269.29699999999997
ORD-100971,2024-11-16,2024-11-20,Second Class,Consumer,Turkey,MEA,Furniture,Chairs,Gaming Chair X,925.8,9,0.3,895.573
ORD-100972,2023-03-29,2023-04-03,Same Day,Consumer,Spain,Europe,Technology,Copiers,Color Laser Copier,2061.05,1,0.0,1063.57
ORD-100973,2022-09-13,2022-09-14,Same Day,Consumer,Germany,Europe,Technology,Machines,Folding Machine,1315.01,4,0.4,-234.68999999999997
ORD-100974,2022-05-11,2022-05-12,Standard Class,Home Office,China,APAC,Furniture,Chairs,Ergo Chair Pro,1414.06,9,0.5,-113.895
ORD-100975,2024-11-09,2024-11-14,Second Class,Consumer,Finland,Europe,Office Supplies,Supplies,Tape Dispenser,324.5,6,0.5,459.34
ORD-100976,2024-01-16,2024-01-20,First Class,Corporate,Switzerland,Europe,Office Supplies,Storage,File Cart,1076.46,9,0.0,797.89
ORD-100977,2022-02-14,2022-02-20,Standard Class,Consumer,Hungary,Europe,Office Supplies,Fasteners,Paper Clips,1965.63,4,0.4,692.9879999999999
ORD-100978,2023-07-15,2023-07-20,Standard Class,Corporate,South Africa,MEA,Office Supplies,Paper,Cardstock Pack,3416.49,2,0.3,-301.66499999999996
ORD-100979,2024-03-07,2024-03-14,Standard Class,Home Office,UAE,MEA,Furniture,Tables,Folding Table,399.46,6,0.25,617.8199999999999
ORD-100980,2022-08-22,2022-08-25,Standard Class,Consumer,Saudi Arabia,MEA,Furniture,Tables,Folding Table,3229.52,5,0.25,961.6725
ORD-100981,2023-10-16,2023-10-17,First Class,Consumer,Chile,LATAM,Technology,Accessories,Cable Kit,3003.23,1,0.5,341.705
ORD-100982,2024-07-15,2024-07-22,Second Class,Home Office,Malaysia,APAC,Office Supplies,Storage,Storage Cabinet,167.45,1,0.3,785.841
ORD-100983,2024-11-13,2024-11-14,Standard Class,Corporate,Hungary,Europe,Furniture,Tables,Coffee Table,1402.65,5,0.0,907.96
ORD-100984,2023-12-17,2023-12-20,Standard Class,Corporate,Argentina,LATAM,Furniture,Tables,Standing Desk,2851.91,6,0.0,1274.61
ORD-100985,2022-05-29,2022-05-30,Standard Class,Corporate,Brazil,LATAM,Technology,Copiers,Color Laser Copier,2800.88,6,0.1,570.672
ORD-100986,2023-05-06,2023-05-12,Second Class,Consumer,Belgium,Europe,Technology,Copiers,Color Laser Copier,1413.44,8,0.2,1186.3600000000001
ORD-100987,2023-08-19,2023-08-25,First Class,Corporate,Australia,APAC,Furniture,Tables,Standing Desk,3366.55,8,0.2,1349.088
ORD-100988,2022-02-16,2022-02-17,Standard Class,Corporate,Saudi Arabia,MEA,Furniture,Furnishings,Wall Clock,2787.74,7,0.0,1324.59
ORD-100989,2022-01-05,2022-01-10,Second Class,Corporate,Colombia,LATAM,Office Supplies,Supplies,Ruler Set,2571.38,3,0.25,237.60000000000002
ORD-100990,2021-08-24,2021-08-26,Standard Class,Corporate,New Zealand,APAC,Furniture,Chairs,Executive Leather Chair,480.4,1,0.0,-111.06
ORD-100991,2023-03-16,2023-03-18,Second Class,Corporate,Netherlands,Europe,Furniture,Tables,Coffee Table,3182.34,2,0.0,267.08
ORD-100992,2021-03-06,2021-03-11,Standard Class,Home Office,Saudi Arabia,MEA,Technology,Phones,Office Phone System,1006.84,7,0.1,-387.29699999999997
ORD-100993,2021-11-03,2021-11-08,Standard Class,Consumer,Malaysia,APAC,Furniture,Chairs,Gaming Chair X,30.14,1,0.3,306.698
ORD-100994,2022-06-09,2022-06-14,Same Day,Consumer,UAE,MEA,Furniture,Furnishings,Filing Cabinet,1094.8,1,0.3,989.1279999999999
ORD-100995,2021-09-05,2021-09-09,First Class,Corporate,Germany,Europe,Technology,Machines,Shredder Pro,1886.83,3,0.0,450.37
ORD-100996,2024-10-24,2024-10-29,Standard Class,Home Office,China,APAC,Technology,Machines,Shredder Pro,575.27,3,0.15,1123.1815000000001
ORD-100997,2021-12-21,2021-12-24,Standard Class,Home Office,Italy,Europe,Office Supplies,Envelopes,Padded Mailer,91.87,6,0.25,403.7025
ORD-100998,2022-12-18,2022-12-22,Standard Class,Corporate,Brazil,LATAM,Office Supplies,Envelopes,Padded Mailer,3149.09,3,0.5,213.005
ORD-100999,2021-06-05,2021-06-12,Standard Class,Consumer,Brazil,LATAM,Technology,Phones,Wireless Phone Pro,1594.8,8,0.5,-72.83
ORD-101000,2023-06-01,2023-06-06,Standard Class,Consumer,Turkey,MEA,Technology,Machines,Folding Machine,2945.25,6,0.1,40.545
ORD-101001,2021-10-06,2021-10-13,Standard Class,Consumer,Denmark,Europe,Furniture,Tables,Conference Table,3069.63,3,0.4,34.23
ORD-101002,2023-08-13,2023-08-16,Second Class,Consumer,Indonesia,APAC,Technology,Phones,Office Phone System,1164.47,8,0.0,-397.07
ORD-101003,2021-03-10,2021-03-17,Standard Class,Consumer,Netherlands,Europe,Furniture,Chairs,Gaming Chair X,2326.33,7,0.1,1227.7710000000002
ORD-101004,2021-12-23,2021-12-29,Standard Class,Home Office,Germany,Europe,Furniture,Bookcases,Corner Bookcase,317.56,9,0.0,980.46
ORD-101005,2022-04-11,2022-04-12,Standard Class,Consumer,Germany,Europe,Office Supplies,Fasteners,Rubber Bands,1982.11,6,0.3,664.174
ORD-101006,2024-12-11,2024-12-18,Standard Class,Consumer,Brazil,LATAM,Office Supplies,Storage,Storage Cabinet,912.69,8,0.25,915.36
ORD-101007,2024-08-09,2024-08-15,Standard Class,Consumer,Norway,Europe,Office Supplies,Binders,Presentation Binder,2497.57,1,0.3,1105.748
ORD-101008,2022-06-23,2022-06-27,Second Class,Consumer,Russia,Europe,Furniture,Bookcases,Library Wall Unit,741.72,6,0.0,1775.13
ORD-101009,2024-08-22,2024-08-28,First Class,Home Office,France,Europe,Technology,Accessories,USB Hub,3167.07,1,0.5,359.635
ORD-101010,2023-12-30,2024-01-05,Second Class,Consumer,Czech Republic,Europe,Furniture,Chairs,Gaming Chair X,1210.05,8,0.5,719.94
ORD-101011,2021-02-26,2021-03-03,First Class,Corporate,France,Europe,Office Supplies,Supplies,Hole Punch,1392.86,3,0.5,149.9
ORD-101012,2023-05-26,2023-06-01,First Class,Corporate,United States,North America,Office Supplies,Art,Framed Print,2991.67,1,0.4,417.714
ORD-101013,2022-03-10,2022-03-17,Standard Class,Consumer,Indonesia,APAC,Furniture,Tables,Conference Table,2833.52,5,0.4,502.284
ORD-101014,2022-06-04,2022-06-11,First Class,Consumer,Peru,LATAM,Technology,Machines,Shredder Pro,870.94,3,0.5,757.76
ORD-101015,2023-09-13,2023-09-20,Standard Class,Consumer,Austria,Europe,Technology,Phones,Headset Premium,3069.33,8,0.0,1029.04
ORD-101016,2022-08-26,2022-09-01,Standard Class,Home Office,India,APAC,Furniture,Chairs,Executive Leather Chair,1009.42,6,0.0,-203.22
ORD-101017,2021-03-22,2021-03-29,Standard Class,Consumer,Poland,Europe,Technology,Accessories,Mouse Wireless,593.3,6,0.0,730.04
ORD-101018,2023-09-29,2023-10-06,Standard Class,Corporate,Poland,Europe,Office Supplies,Art,Framed Print,1642.63,3,0.0,108.13
ORD-101019,2023-06-14,2023-06-15,Standard Class,Home Office,Hungary,Europe,Office Supplies,Envelopes,Tyvek Envelope,3444.83,9,0.1,1617.102
ORD-101020,2024-12-21,2024-12-22,First Class,Consumer,Egypt,MEA,Office Supplies,Art,Poster Set,2319.17,6,0.0,105.06
ORD-101021,2021-04-22,2021-04-28,Standard Class,Consumer,Nigeria,MEA,Furniture,Furnishings,Plant Holder,1356.49,7,0.0,-467.16
ORD-101022,2022-01-12,2022-01-16,Standard Class,Consumer,Philippines,APAC,Furniture,Furnishings,Filing Cabinet,3107.59,6,0.15,431.222
ORD-101023,2022-05-13,2022-05-15,Same Day,Consumer,Spain,Europe,Furniture,Bookcases,5-Shelf Bookcase,2319.65,4,0.0,527.18
ORD-101024,2022-05-24,2022-05-29,First Class,Home Office,UAE,MEA,Furniture,Chairs,Executive Leather Chair,1266.9,6,0.1,978.0840000000001
ORD-101025,2021-09-20,2021-09-23,Second Class,Corporate,Finland,Europe,Technology,Machines,Shredder Pro,281.66,2,0.4,-145.10999999999999
ORD-101026,2024-10-22,2024-10-23,Standard Class,Corporate,Russia,Europe,Office Supplies,Paper,Copy Paper A4,19.43,4,0.1,302.085
ORD-101027,2024-12-27,2025-01-03,Second Class,Consumer,Turkey,MEA,Technology,Phones,Wireless Phone Pro,742.12,7,0.15,-5.1935
ORD-101028,2021-06-14,2021-06-20,First Class,Corporate,Czech Republic,Europe,Technology,Accessories,Cable Kit,1628.23,7,0.0,-409.36
ORD-101029,2021-03-23,2021-03-30,Standard Class,Home Office,France,Europe,Furniture,Furnishings,Wall Clock,2880.59,4,0.4,586.386
ORD-101030,2022-07-13,2022-07-20,Standard Class,Consumer,Portugal,Europe,Furniture,Tables,Standing Desk,2914.51,6,0.1,302.184
ORD-101031,2024-07-01,2024-07-05,Standard Class,Home Office,Sweden,Europe,Office Supplies,Envelopes,Business Envelope,1277.33,3,0.5,231.14
ORD-101032,2021-08-09,2021-08-12,Standard Class,Corporate,Netherlands,Europe,Furniture,Tables,Coffee Table,744.25,7,0.2,1047.24
ORD-101033,2023-04-24,2023-04-27,Standard Class,Consumer,Argentina,LATAM,Technology,Phones,Headset Premium,413.71,3,0.5,593.365
ORD-101034,2024-01-23,2024-01-25,Standard Class,Home Office,Switzerland,Europe,Office Supplies,Binders,3-Ring Binder,2442.85,5,0.4,849.234
ORD-101035,2023-03-12,2023-03-14,Second Class,Corporate,Japan,APAC,Furniture,Bookcases,5-Shelf Bookcase,3119.57,8,0.0,1396.86
ORD-101036,2024-10-17,2024-10-19,Second Class,Consumer,United States,North America,Technology,Copiers,Desktop Scanner,560.39,3,0.4,1015.014
ORD-101037,2021-01-27,2021-02-02,Standard Class,Consumer,South Africa,MEA,Office Supplies,Storage,Storage Box,1598.0,8,0.25,763.1624999999999
ORD-101038,2024-10-21,2024-10-27,Standard Class,Consumer,Australia,APAC,Office Supplies,Supplies,Tape Dispenser,1747.17,8,0.5,208.275
ORD-101039,2023-07-26,2023-07-31,Standard Class,Consumer,Canada,North America,Technology,Machines,Postal Scale,2899.12,4,0.0,60.84
ORD-101040,2024-10-30,2024-11-02,Standard Class,Consumer,Romania,Europe,Office Supplies,Supplies,Scissors,3402.02,2,0.0,1124.65
ORD-101041,2024-12-25,2024-12-28,Standard Class,Consumer,Hungary,Europe,Office Supplies,Paper,Photo Paper,1369.9,5,0.0,794.07
ORD-101042,2023-09-27,2023-09-30,Same Day,Consumer,Indonesia,APAC,Office Supplies,Supplies,Tape Dispenser,2953.74,2,0.0,1029.06
ORD-101043,2023-09-06,2023-09-08,Standard Class,Home Office,Poland,Europe,Office Supplies,Storage,Storage Box,2773.02,8,0.0,1036.23
ORD-101044,2024-10-24,2024-10-29,Second Class,Corporate,Australia,APAC,Technology,Accessories,Cable Kit,2068.52,5,0.1,144.77400000000003
ORD-101045,2024-04-13,2024-04-15,First Class,Corporate,Japan,APAC,Office Supplies,Supplies,Tape Dispenser,3158.41,7,0.4,984.3119999999999
ORD-101046,2022-05-12,2022-05-18,Standard Class,Home Office,Brazil,LATAM,Furniture,Chairs,Executive Leather Chair,206.4,1,0.15,1105.0849999999998
ORD-101047,2021-01-21,2021-01-25,Standard Class,Consumer,Indonesia,APAC,Office Supplies,Envelopes,Tyvek Envelope,2034.09,7,0.0,256.52
ORD-101048,2021-01-13,2021-01-16,First Class,Consumer,Poland,Europe,Furniture,Chairs,Gaming Chair X,1582.53,2,0.0,-476.84
ORD-101049,2024-09-19,2024-09-24,Standard Class,Corporate,Russia,Europe,Furniture,Bookcases,Corner Bookcase,732.14,3,0.25,527.145
ORD-101050,2023-12-12,2023-12-15,Standard Class,Corporate,Malaysia,APAC,Furniture,Furnishings,Wall Clock,3191.55,6,0.0,1489.64
ORD-101051,2022-10-02,2022-10-04,Second Class,Consumer,Russia,Europe,Furniture,Tables,Standing Desk,1687.69,5,0.15,-4.505
ORD-101052,2021-10-12,2021-10-14,Second Class,Corporate,Austria,Europe,Technology,Machines,Postal Scale,2502.16,5,0.25,-136.4775
ORD-101053,2024-01-04,2024-01-07,Standard Class,Consumer,Russia,Europe,Furniture,Tables,Standing Desk,2948.66,5,0.15,412.84499999999997
ORD-101054,2023-02-06,2023-02-12,Standard Class,Corporate,South Africa,MEA,Technology,Copiers,Multifunction Copier,125.09,9,0.1,99.315
ORD-101055,2021-11-28,2021-12-03,First Class,Corporate,Singapore,APAC,Office Supplies,Labels,Barcode Labels,2269.59,2,0.0,1293.03
ORD-101056,2024-07-19,2024-07-20,Same Day,Consumer,France,Europe,Office Supplies,Art,Canvas Pack,2018.57,9,0.5,-81.07
ORD-101057,2022-04-25,2022-05-01,Standard Class,Home Office,Italy,Europe,Technology,Phones,Headset Premium,2646.45,7,0.0,596.73
ORD-101058,2021-11-23,2021-11-30,Second Class,Consumer,Venezuela,LATAM,Technology,Accessories,USB Hub,1805.27,7,0.1,399.25800000000004
ORD-101059,2021-12-14,2021-12-16,Standard Class,Consumer,Austria,Europe,Furniture,Chairs,Gaming Chair X,2691.72,4,0.1,-12.906
ORD-101060,2024-07-12,2024-07-18,Standard Class,Consumer,Norway,Europe,Furniture,Chairs,Ergo Chair Pro,2494.98,1,0.3,177.177
ORD-101061,2021-08-05,2021-08-09,Standard Class,Consumer,Greece,Europe,Furniture,Tables,Conference Table,1507.88,3,0.2,71.936
ORD-101062,2022-10-02,2022-10-04,First Class,Consumer,Sweden,Europe,Office Supplies,Storage,Storage Box,3073.54,7,0.3,391.22299999999996
ORD-101063,2023-06-13,2023-06-19,Second Class,Corporate,Germany,Europe,Office Supplies,Art,Canvas Pack,702.45,3,0.0,1528.98
ORD-101064,2024-02-01,2024-02-05,Standard Class,Corporate,Philippines,APAC,Furniture,Furnishings,Desk Lamp,577.36,6,0.1,-346.455
ORD-101065,2021-12-02,2021-12-05,Standard Class,Consumer,Sweden,Europe,Furniture,Furnishings,Wall Clock,2757.5,4,0.4,680.136
ORD-101066,2022-11-28,2022-11-30,Second Class,Consumer,Italy,Europe,Furniture,Chairs,Ergo Chair Pro,161.66,9,0.15,606.39
ORD-101067,2024-02-28,2024-03-06,First Class,Home Office,Italy,Europe,Technology,Accessories,Mouse Wireless,1168.94,6,0.1,1307.502
ORD-101068,2023-11-27,2023-12-03,Second Class,Home Office,Finland,Europe,Furniture,Tables,Folding Table,1179.47,7,0.25,950.5725
ORD-101069,2021-08-03,2021-08-04,Second Class,Consumer,Argentina,LATAM,Furniture,Bookcases,Corner Bookcase,1470.13,1,0.25,582.045
ORD-101070,2022-11-22,2022-11-27,Standard Class,Home Office,Saudi Arabia,MEA,Office Supplies,Labels,Barcode Labels,3120.58,4,0.2,-61.367999999999995
ORD-101071,2022-04-11,2022-04-15,First Class,Home Office,Poland,Europe,Furniture,Furnishings,Filing Cabinet,359.84,9,0.4,846.6719999999999
ORD-101072,2021-09-02,2021-09-04,Standard Class,Consumer,Sweden,Europe,Furniture,Furnishings,Desk Lamp,3211.55,6,0.0,1443.39
ORD-101073,2022-11-09,2022-11-12,First Class,Consumer,South Africa,MEA,Office Supplies,Art,Art Supplies Kit,1655.68,2,0.15,1428.017
ORD-101074,2023-05-15,2023-05-20,Standard Class,Corporate,China,APAC,Office Supplies,Supplies,Ruler Set,2232.93,3,0.0,1798.86
ORD-101075,2024-03-20,2024-03-24,Same Day,Corporate,New Zealand,APAC,Technology,Machines,Folding Machine,1069.25,9,0.2,1116.1200000000001
ORD-101076,2021-09-26,2021-09-30,First Class,Consumer,Mexico,LATAM,Furniture,Furnishings,Desk Lamp,894.72,5,0.0,120.53
ORD-101077,2023-12-07,2023-12-09,Second Class,Consumer,Chile,LATAM,Office Supplies,Binders,3-Ring Binder,887.06,8,0.0,232.48
ORD-101078,2021-12-04,2021-12-05,Same Day,Corporate,Spain,Europe,Furniture,Bookcases,5-Shelf Bookcase,2697.07,2,0.25,473.34000000000003
ORD-101079,2022-09-18,2022-09-21,Second Class,Consumer,Chile,LATAM,Furniture,Chairs,Executive Leather Chair,1991.72,2,0.2,980.1680000000001
ORD-101080,2022-04-16,2022-04-19,Same Day,Home Office,India,APAC,Office Supplies,Storage,Shelving Unit,1245.13,4,0.2,174.08
ORD-101081,2024-07-03,2024-07-09,Standard Class,Corporate,Romania,Europe,Furniture,Bookcases,Corner Bookcase,287.95,3,0.0,583.55
ORD-101082,2023-03-29,2023-03-30,First Class,Home Office,Belgium,Europe,Office Supplies,Art,Framed Print,1397.23,8,0.2,287.49600000000004
ORD-101083,2024-09-14,2024-09-20,First Class,Corporate,Austria,Europe,Office Supplies,Envelopes,Padded Mailer,2257.1,4,0.3,1076.579
ORD-101084,2022-01-30,2022-02-05,Standard Class,Consumer,Germany,Europe,Furniture,Furnishings,Filing Cabinet,1965.13,5,0.1,1549.737
ORD-101085,2021-10-17,2021-10-20,Second Class,Home Office,Spain,Europe,Office Supplies,Storage,Storage Cabinet,541.0,9,0.2,666.056
ORD-101086,2023-03-05,2023-03-09,Second Class,Home Office,Nigeria,MEA,Furniture,Chairs,Ergo Chair Pro,736.3,5,0.0,1270.98
ORD-101087,2021-12-12,2021-12-19,Standard Class,Consumer,Thailand,APAC,Office Supplies,Envelopes,Business Envelope,2676.68,8,0.0,-441.47
ORD-101088,2021-10-03,2021-10-07,First Class,Consumer,Germany,Europe,Furniture,Furnishings,Desk Lamp,1675.18,6,0.0,1603.93
ORD-101089,2024-05-27,2024-06-03,Second Class,Consumer,United Kingdom,Europe,Furniture,Tables,Folding Table,1590.16,6,0.0,1229.96
ORD-101090,2021-11-06,2021-11-12,First Class,Home Office,Australia,APAC,Technology,Copiers,Color Laser Copier,1069.99,6,0.0,130.51
ORD-101091,2024-06-11,2024-06-12,Same Day,Consumer,Austria,Europe,Office Supplies,Storage,File Cart,1224.57,8,0.15,772.072
ORD-101092,2024-08-12,2024-08-19,Standard Class,Corporate,Mexico,LATAM,Furniture,Tables,Folding Table,573.35,9,0.5,702.1
ORD-101093,2023-04-29,2023-05-01,Standard Class,Corporate,Finland,Europe,Technology,Accessories,Mouse Wireless,3402.62,2,0.25,1317.945
ORD-101094,2022-07-12,2022-07-13,Standard Class,Consumer,Turkey,MEA,Office Supplies,Fasteners,Stapler Set,1950.62,7,0.5,468.77
ORD-101095,2021-10-04,2021-10-08,First Class,Corporate,Australia,APAC,Technology,Phones,Office Phone System,81.58,1,0.2,784.0880000000001
ORD-101096,2021-02-25,2021-03-03,First Class,Consumer,Malaysia,APAC,Technology,Copiers,Multifunction Copier,2264.42,7,0.0,34.37
ORD-101097,2023-07-15,2023-07-19,Standard Class,Consumer,New Zealand,APAC,Technology,Machines,Postal Scale,2378.49,8,0.2,-341.384
ORD-101098,2023-08-14,2023-08-16,Second Class,Corporate,Japan,APAC,Technology,Phones,Wireless Phone Pro,1822.29,9,0.0,400.17
ORD-101099,2021-03-13,2021-03-17,Standard Class,Consumer,Argentina,LATAM,Technology,Copiers,Multifunction Copier,1465.52,6,0.0,1573.22
ORD-101100,2022-01-14,2022-01-21,Standard Class,Consumer,Greece,Europe,Furniture,Bookcases,Corner Bookcase,2363.77,1,0.0,645.75
ORD-101101,2021-07-17,2021-07-23,Standard Class,Consumer,Nigeria,MEA,Furniture,Tables,Folding Table,653.32,5,0.0,1086.16
ORD-101102,2021-12-30,2021-12-31,Standard Class,Corporate,Netherlands,Europe,Office Supplies,Supplies,Tape Dispenser,1322.1,8,0.2,510.424
ORD-101103,2021-03-06,2021-03-10,Standard Class,Consumer,Israel,MEA,Technology,Phones,Wireless Phone Pro,2383.13,4,0.1,1473.615
ORD-101104,2024-01-28,2024-02-01,Standard Class,Consumer,Egypt,MEA,Technology,Copiers,Color Laser Copier,2980.38,5,0.0,-28.08
ORD-101105,2024-12-16,2024-12-23,Same Day,Corporate,Netherlands,Europe,Technology,Copiers,Multifunction Copier,424.11,2,0.2,888.392
ORD-101106,2024-10-12,2024-10-17,Standard Class,Consumer,Czech Republic,Europe,Furniture,Chairs,Executive Leather Chair,918.79,6,0.1,679.41
ORD-101107,2021-06-29,2021-07-04,Standard Class,Consumer,New Zealand,APAC,Furniture,Bookcases,Corner Bookcase,1163.8,3,0.15,1468.7915
ORD-101108,2024-11-15,2024-11-19,Standard Class,Consumer,Philippines,APAC,Technology,Phones,Office Phone System,965.25,4,0.0,113.42
ORD-101109,2023-06-15,2023-06-17,Same Day,Corporate,Denmark,Europe,Furniture,Furnishings,Filing Cabinet,2449.61,1,0.25,-305.15999999999997
ORD-101110,2024-07-25,2024-07-31,Standard Class,Consumer,Singapore,APAC,Office Supplies,Art,Framed Print,3058.11,1,0.0,199.77
ORD-101111,2024-06-13,2024-06-20,Standard Class,Home Office,South Africa,MEA,Furniture,Chairs,Ergo Chair Pro,3225.42,3,0.1,1038.402
ORD-101112,2024-11-29,2024-11-30,Standard Class,Corporate,New Zealand,APAC,Technology,Machines,Shredder Pro,2803.43,7,0.0,1222.3
ORD-101113,2022-11-01,2022-11-07,Standard Class,Corporate,South Korea,APAC,Furniture,Chairs,Ergo Chair Pro,511.48,6,0.5,114.085
ORD-101114,2021-01-28,2021-02-01,First Class,Home Office,Italy,Europe,Office Supplies,Binders,3-Ring Binder,168.75,7,0.5,693.72
ORD-101115,2021-12-04,2021-12-07,Second Class,Consumer,France,Europe,Office Supplies,Labels,Shipping Labels,832.55,2,0.3,1119.447
ORD-101116,2024-02-06,2024-02-11,Standard Class,Home Office,Peru,LATAM,Furniture,Chairs,Gaming Chair X,2472.53,7,0.15,1140.003
ORD-101117,2021-12-12,2021-12-13,Same Day,Corporate,Mexico,LATAM,Office Supplies,Supplies,Scissors,822.23,4,0.1,150.489
ORD-101118,2021-02-19,2021-02-25,Second Class,Consumer,Sweden,Europe,Office Supplies,Binders,Accordion Folder,1465.5,4,0.2,1180.2160000000001
ORD-101119,2023-04-12,2023-04-13,Second Class,Consumer,Hungary,Europe,Office Supplies,Labels,Address Labels,1526.78,8,0.4,-288.91799999999995
ORD-101120,2023-09-01,2023-09-02,Standard Class,Consumer,Denmark,Europe,Office Supplies,Supplies,Ruler Set,1529.91,3,0.1,1177.3980000000001
ORD-101121,2024-08-07,2024-08-08,First Class,Home Office,UAE,MEA,Office Supplies,Labels,Barcode Labels,17.47,6,0.4,829.59
ORD-101122,2021-01-06,2021-01-07,Same Day,Consumer,Mexico,LATAM,Office Supplies,Supplies,Ruler Set,648.4,3,0.5,317.525
ORD-101123,2023-10-21,2023-10-23,Standard Class,Corporate,Mexico,LATAM,Office Supplies,Envelopes,Padded Mailer,897.22,9,0.5,777.46
ORD-101124,2021-01-05,2021-01-12,Standard Class,Consumer,Greece,Europe,Office Supplies,Envelopes,Business Envelope,1900.49,2,0.1,678.897
ORD-101125,2023-10-13,2023-10-14,Standard Class,Consumer,Portugal,Europe,Office Supplies,Storage,Storage Box,3392.68,9,0.25,313.96500000000003
ORD-101126,2023-12-03,2023-12-05,Standard Class,Corporate,Venezuela,LATAM,Office Supplies,Storage,File Cart,626.88,9,0.2,1044.776
ORD-101127,2023-06-17,2023-06-21,First Class,Home Office,Thailand,APAC,Furniture,Furnishings,Plant Holder,296.99,4,0.5,366.745
ORD-101128,2023-11-28,2023-12-03,Standard Class,Corporate,Romania,Europe,Office Supplies,Storage,Storage Cabinet,1139.4,7,0.0,365.69
ORD-101129,2024-05-22,2024-05-28,Same Day,Corporate,Germany,Europe,Technology,Phones,Wireless Phone Pro,2569.78,7,0.4,329.20799999999997
ORD-101130,2021-12-20,2021-12-26,First Class,Corporate,Romania,Europe,Furniture,Furnishings,Filing Cabinet,2509.17,9,0.25,1255.1924999999999
ORD-101131,2024-12-17,2024-12-18,Standard Class,Corporate,China,APAC,Furniture,Tables,Standing Desk,1152.1,2,0.15,298.979
ORD-101132,2024-01-02,2024-01-09,Standard Class,Consumer,New Zealand,APAC,Furniture,Chairs,Stack Chair Set,1825.54,3,0.2,1333.544
ORD-101133,2021-06-24,2021-06-30,Standard Class,Consumer,Ireland,Europe,Furniture,Furnishings,Wall Clock,2822.69,3,0.0,562.07
ORD-101134,2023-01-31,2023-02-03,Same Day,Consumer,UAE,MEA,Furniture,Tables,Folding Table,2619.61,7,0.2,50.416000000000004
ORD-101135,2021-01-13,2021-01-15,First Class,Home Office,Switzerland,Europe,Furniture,Bookcases,Corner Bookcase,502.67,3,0.0,1332.43
ORD-101136,2024-03-19,2024-03-26,Standard Class,Consumer,South Africa,MEA,Furniture,Bookcases,Corner Bookcase,132.38,1,0.0,-439.4
ORD-101137,2022-12-21,2022-12-28,Standard Class,Consumer,New Zealand,APAC,Technology,Copiers,Multifunction Copier,964.53,7,0.3,545.251
ORD-101138,2021-01-09,2021-01-13,Standard Class,Consumer,Thailand,APAC,Furniture,Bookcases,Library Wall Unit,3015.89,8,0.15,1514.6065
ORD-101139,2021-01-12,2021-01-15,Standard Class,Corporate,Germany,Europe,Technology,Phones,Office Phone System,3123.47,5,0.15,1038.1135
ORD-101140,2023-11-11,2023-11-12,First Class,Consumer,Hungary,Europe,Technology,Accessories,Keyboard Dual,21.08,2,0.3,603.3159999999999
ORD-101141,2021-11-10,2021-11-13,Standard Class,Consumer,Hungary,Europe,Technology,Machines,Folding Machine,2309.16,5,0.2,510.048
ORD-101142,2024-05-27,2024-05-30,Standard Class,Corporate,Indonesia,APAC,Furniture,Bookcases,Library Wall Unit,2627.45,7,0.5,566.535
ORD-101143,2024-04-24,2024-05-01,Same Day,Consumer,Finland,Europe,Technology,Machines,Shredder Pro,816.32,9,0.3,494.956
ORD-101144,2024-03-11,2024-03-14,Second Class,Corporate,China,APAC,Furniture,Furnishings,Filing Cabinet,1045.83,8,0.0,1583.69
ORD-101145,2021-03-25,2021-04-01,Standard Class,Home Office,Vietnam,APAC,Technology,Machines,Folding Machine,1440.34,7,0.25,439.6875
ORD-101146,2023-05-17,2023-05-21,Standard Class,Consumer,Saudi Arabia,MEA,Furniture,Chairs,Executive Leather Chair,3073.63,6,0.0,939.45
ORD-101147,2021-10-13,2021-10-17,Second Class,Home Office,Greece,Europe,Office Supplies,Paper,Copy Paper A4,2383.7,4,0.25,-40.8675
ORD-101148,2021-02-12,2021-02-17,First Class,Consumer,Canada,North America,Office Supplies,Paper,Copy Paper A4,3370.39,6,0.2,587.264
ORD-101149,2021-07-04,2021-07-08,First Class,Corporate,Indonesia,APAC,Technology,Phones,Wireless Phone Pro,3061.29,2,0.3,451.09399999999994
ORD-101150,2024-07-10,2024-07-12,Standard Class,Corporate,Mexico,LATAM,Technology,Accessories,Keyboard Dual,1068.76,6,0.15,-316.3445
ORD-101151,2023-11-06,2023-11-11,Standard Class,Corporate,Italy,Europe,Office Supplies,Supplies,Tape Dispenser,2391.9,4,0.3,364.749
ORD-101152,2021-05-24,2021-05-26,Standard Class,Consumer,Colombia,LATAM,Technology,Phones,Headset Premium,758.46,2,0.15,1317.789
ORD-101153,2023-01-21,2023-01-22,First Class,Corporate,Indonesia,APAC,Furniture,Tables,Coffee Table,1996.3,5,0.0,-84.12
ORD-101154,2024-11-02,2024-11-04,First Class,Corporate,China,APAC,Office Supplies,Supplies,Tape Dispenser,2558.55,2,0.5,-89.935
ORD-101155,2021-08-28,2021-08-29,Standard Class,Corporate,Peru,LATAM,Office Supplies,Supplies,Tape Dispenser,760.43,1,0.0,12.32
ORD-101156,2021-10-23,2021-10-30,Standard Class,Corporate,Ireland,Europe,Technology,Machines,Laminator Machine,2096.31,9,0.5,155.81
ORD-101157,2023-02-15,2023-02-16,Standard Class,Consumer,Ireland,Europe,Office Supplies,Paper,Copy Paper A4,2965.06,8,0.15,-349.503
ORD-101158,2023-04-04,2023-04-08,First Class,Corporate,Australia,APAC,Office Supplies,Storage,Shelving Unit,123.29,7,0.3,-135.86999999999998
ORD-101159,2023-12-22,2023-12-27,Standard Class,Consumer,Austria,Europe,Office Supplies,Storage,Storage Box,2916.38,2,0.0,1023.03
ORD-101160,2021-06-27,2021-06-28,Same Day,Consumer,Ireland,Europe,Office Supplies,Fasteners,Stapler Set,3404.08,9,0.0,830.51
ORD-101161,2024-01-03,2024-01-05,Standard Class,Consumer,China,APAC,Office Supplies,Labels,Shipping Labels,2431.22,2,0.5,274.095
ORD-101162,2024-10-25,2024-10-26,Standard Class,Corporate,Finland,Europe,Technology,Phones,Wireless Phone Pro,2999.42,8,0.5,-83.125
ORD-101163,2021-11-08,2021-11-13,Standard Class,Corporate,Saudi Arabia,MEA,Furniture,Chairs,Executive Leather Chair,2301.09,6,0.2,-78.552
ORD-101164,2024-06-21,2024-06-26,Standard Class,Corporate,Egypt,MEA,Furniture,Furnishings,Filing Cabinet,1004.2,1,0.4,-47.940000000000005
ORD-101165,2023-08-07,2023-08-08,Standard Class,Corporate,Vietnam,APAC,Technology,Phones,Wireless Phone Pro,2470.57,1,0.0,99.19
ORD-101166,2021-08-28,2021-09-03,Standard Class,Home Office,Saudi Arabia,MEA,Furniture,Chairs,Ergo Chair Pro,2702.29,3,0.15,880.8125
ORD-101167,2022-02-17,2022-02-20,Standard Class,Consumer,South Africa,MEA,Furniture,Furnishings,Filing Cabinet,1118.23,9,0.15,-258.73999999999995
ORD-101168,2024-09-14,2024-09-19,Standard Class,Corporate,Vietnam,APAC,Furniture,Furnishings,Wall Clock,1325.23,8,0.5,522.415
ORD-101169,2022-02-10,2022-02-12,Standard Class,Consumer,Singapore,APAC,Furniture,Tables,Standing Desk,1443.72,7,0.2,-237.03200000000004
ORD-101170,2022-05-21,2022-05-22,Second Class,Corporate,Italy,Europe,Technology,Machines,Folding Machine,421.75,6,0.1,1010.6370000000001
ORD-101171,2022-09-10,2022-09-12,Second Class,Corporate,Netherlands,Europe,Technology,Copiers,Multifunction Copier,480.17,3,0.0,-254.46
ORD-101172,2022-07-07,2022-07-13,First Class,Consumer,Canada,North America,Office Supplies,Labels,Address Labels,1839.66,5,0.0,1711.83
ORD-101173,2022-03-12,2022-03-14,Standard Class,Corporate,Vietnam,APAC,Office Supplies,Paper,Notebook Set,1411.9,1,0.0,765.09
ORD-101174,2024-08-03,2024-08-05,Same Day,Corporate,Nigeria,MEA,Technology,Copiers,Desktop Scanner,1731.42,5,0.5,662.63
ORD-101175,2024-07-22,2024-07-28,Standard Class,Corporate,Belgium,Europe,Technology,Phones,Wireless Phone Pro,3323.89,1,0.3,733.3969999999999
ORD-101176,2024-01-07,2024-01-09,Second Class,Consumer,Spain,Europe,Technology,Phones,Office Phone System,239.79,1,0.2,116.82400000000001
ORD-101177,2023-08-24,2023-08-30,Standard Class,Consumer,Spain,Europe,Furniture,Chairs,Stack Chair Set,3263.24,3,0.0,-314.21
ORD-101178,2021-03-07,2021-03-12,Standard Class,Consumer,Hungary,Europe,Technology,Machines,Laminator Machine,288.83,2,0.0,329.81
ORD-101179,2023-12-31,2024-01-01,Standard Class,Consumer,Peru,LATAM,Furniture,Chairs,Ergo Chair Pro,2803.26,9,0.4,790.02
ORD-101180,2021-04-27,2021-05-02,Second Class,Consumer,Germany,Europe,Office Supplies,Art,Framed Print,546.13,7,0.5,248.645
ORD-101181,2024-09-23,2024-09-25,Standard Class,Home Office,Japan,APAC,Furniture,Bookcases,Corner Bookcase,1738.15,2,0.0,868.31
ORD-101182,2022-07-01,2022-07-08,Standard Class,Corporate,Argentina,LATAM,Technology,Machines,Folding Machine,1476.81,6,0.0,1507.78
ORD-101183,2024-07-05,2024-07-10,Same Day,Consumer,Turkey,MEA,Technology,Copiers,Color Laser Copier,2074.09,4,0.4,35.064
ORD-101184,2021-01-11,2021-01-13,Same Day,Home Office,Canada,North America,Technology,Copiers,Desktop Scanner,1237.25,9,0.0,-314.05
ORD-101185,2023-07-19,2023-07-23,Second Class,Consumer,Netherlands,Europe,Technology,Machines,Postal Scale,2316.89,3,0.1,554.724
ORD-101186,2022-06-24,2022-06-26,Standard Class,Home Office,Netherlands,Europe,Office Supplies,Labels,Shipping Labels,500.34,1,0.15,379.59299999999996
ORD-101187,2023-07-13,2023-07-19,Second Class,Home Office,Saudi Arabia,MEA,Office Supplies,Supplies,Tape Dispenser,1996.98,6,0.3,553.406
ORD-101188,2023-03-10,2023-03-13,First Class,Corporate,Italy,Europe,Furniture,Tables,Standing Desk,2004.06,9,0.1,1208.844
ORD-101189,2023-10-04,2023-10-07,Standard Class,Home Office,Colombia,LATAM,Furniture,Bookcases,5-Shelf Bookcase,2448.31,3,0.2,637.9200000000001
ORD-101190,2022-11-02,2022-11-05,Standard Class,Corporate,Indonesia,APAC,Furniture,Furnishings,Desk Lamp,3320.81,7,0.0,1054.55
ORD-101191,2023-04-27,2023-05-04,Same Day,Corporate,Argentina,LATAM,Furniture,Bookcases,Corner Bookcase,3063.67,7,0.0,-55.01
ORD-101192,2022-01-07,2022-01-08,Standard Class,Corporate,Spain,Europe,Furniture,Bookcases,Library Wall Unit,1700.81,5,0.1,722.583
ORD-101193,2024-08-11,2024-08-14,Standard Class,Home Office,United States,North America,Technology,Phones,Wireless Phone Pro,1460.83,6,0.15,807.5424999999999
ORD-101194,2024-04-27,2024-04-28,Standard Class,Home Office,Philippines,APAC,Technology,Accessories,Mouse Wireless,1295.63,9,0.3,-285.152
ORD-101195,2024-05-18,2024-05-25,Standard Class,Consumer,United States,North America,Office Supplies,Fasteners,Paper Clips,2088.22,4,0.0,1655.43
ORD-101196,2021-05-05,2021-05-11,Standard Class,Corporate,United Kingdom,Europe,Office Supplies,Supplies,Scissors,179.44,2,0.0,-387.01
ORD-101197,2022-03-28,2022-04-01,Standard Class,Corporate,Egypt,MEA,Technology,Accessories,Cable Kit,1295.24,2,0.0,-469.48
ORD-101198,2024-12-13,2024-12-18,Standard Class,Consumer,Indonesia,APAC,Furniture,Bookcases,Corner Bookcase,1552.05,8,0.3,263.228
ORD-101199,2021-04-14,2021-04-15,Standard Class,Corporate,Austria,Europe,Furniture,Furnishings,Wall Clock,3335.29,9,0.0,734.25
ORD-101200,2023-07-01,2023-07-05,Same Day,Corporate,Russia,Europe,Office Supplies,Supplies,Scissors,170.7,7,0.3,1210.6009999999999
ORD-101201,2024-10-25,2024-10-26,Standard Class,Corporate,Greece,Europe,Technology,Phones,Headset Premium,1822.86,1,0.0,1692.08
ORD-101202,2022-02-04,2022-02-09,Standard Class,Corporate,Italy,Europe,Furniture,Furnishings,Desk Lamp,1543.17,4,0.1,-26.064
ORD-101203,2024-01-05,2024-01-07,First Class,Corporate,Egypt,MEA,Technology,Phones,Headset Premium,1784.13,1,0.15,1268.2849999999999
ORD-101204,2022-02-09,2022-02-11,Standard Class,Home Office,Netherlands,Europe,Technology,Accessories,Cable Kit,903.39,8,0.4,784.818
ORD-101205,2023-12-15,2023-12-16,Standard Class,Consumer,Brazil,LATAM,Technology,Machines,Postal Scale,1647.8,3,0.15,1103.9885
ORD-101206,2021-07-26,2021-07-31,Standard Class,Corporate,New Zealand,APAC,Furniture,Furnishings,Plant Holder,3301.24,2,0.0,1045.84
ORD-101207,2021-06-17,2021-06-23,Second Class,Home Office,Peru,LATAM,Technology,Copiers,Desktop Scanner,1873.51,1,0.1,-315.65700000000004
ORD-101208,2023-10-31,2023-11-06,Same Day,Corporate,China,APAC,Office Supplies,Fasteners,Paper Clips,3292.0,4,0.5,873.515
ORD-101209,2021-09-03,2021-09-05,Second Class,Consumer,Canada,North America,Technology,Accessories,Mouse Wireless,2352.85,8,0.0,-291.48
ORD-101210,2022-09-12,2022-09-19,Second Class,Corporate,Switzerland,Europe,Office Supplies,Labels,Barcode Labels,731.55,5,0.25,-153.8025
ORD-101211,2022-11-18,2022-11-20,Standard Class,Consumer,Brazil,LATAM,Technology,Machines,Postal Scale,802.75,5,0.0,1237.28
ORD-101212,2022-02-16,2022-02-22,Standard Class,Corporate,Vietnam,APAC,Furniture,Bookcases,Corner Bookcase,504.01,4,0.0,1020.6
ORD-101213,2023-07-25,2023-07-31,Second Class,Consumer,Poland,Europe,Furniture,Bookcases,5-Shelf Bookcase,1550.09,1,0.0,-265.55
ORD-101214,2024-05-08,2024-05-11,Standard Class,Consumer,Poland,Europe,Office Supplies,Art,Art Supplies Kit,46.17,7,0.4,111.768
ORD-101215,2023-05-19,2023-05-26,Standard Class,Corporate,United States,North America,Technology,Phones,Headset Premium,1625.03,6,0.0,1043.21
ORD-101216,2023-09-15,2023-09-18,Standard Class,Corporate,Brazil,LATAM,Technology,Accessories,USB Hub,806.34,6,0.5,857.17
ORD-101217,2021-08-21,2021-08-26,Same Day,Corporate,Colombia,LATAM,Office Supplies,Labels,Shipping Labels,2033.01,7,0.2,1257.208
ORD-101218,2023-11-20,2023-11-23,Standard Class,Home Office,Egypt,MEA,Furniture,Chairs,Gaming Chair X,2875.54,3,0.5,254.085
ORD-101219,2024-12-26,2025-01-01,Second Class,Consumer,China,APAC,Technology,Machines,Laminator Machine,1869.79,7,0.2,-144.656
ORD-101220,2021-08-30,2021-09-05,First Class,Corporate,Thailand,APAC,Furniture,Bookcases,Library Wall Unit,524.3,4,0.15,813.943
ORD-101221,2022-07-18,2022-07-24,Standard Class,Corporate,Norway,Europe,Office Supplies,Binders,Accordion Folder,797.27,5,0.1,533.4390000000001
ORD-101222,2023-05-31,2023-06-07,Standard Class,Consumer,Malaysia,APAC,Office Supplies,Fasteners,Paper Clips,2328.56,1,0.0,495.56
ORD-101223,2022-08-24,2022-08-26,Standard Class,Corporate,Norway,Europe,Office Supplies,Supplies,Tape Dispenser,3308.07,5,0.2,-200.984
ORD-101224,2023-11-25,2023-11-26,Same Day,Home Office,Denmark,Europe,Furniture,Furnishings,Plant Holder,2328.53,5,0.5,839.15
ORD-101225,2021-08-21,2021-08-23,Standard Class,Consumer,Australia,APAC,Furniture,Tables,Coffee Table,1104.94,7,0.5,-118.165
ORD-101226,2024-12-07,2024-12-11,Standard Class,Home Office,Mexico,LATAM,Office Supplies,Labels,Shipping Labels,2556.91,1,0.0,565.17
ORD-101227,2023-02-17,2023-02-21,First Class,Corporate,Portugal,Europe,Technology,Accessories,Mouse Wireless,1346.9,4,0.0,1688.69
ORD-101228,2022-03-02,2022-03-03,Second Class,Corporate,France,Europe,Office Supplies,Paper,Copy Paper A4,3375.54,3,0.5,669.155
ORD-101229,2024-08-30,2024-09-06,Standard Class,Home Office,Poland,Europe,Technology,Copiers,Color Laser Copier,1269.42,4,0.5,177.575
ORD-101230,2024-02-15,2024-02-16,Same Day,Consumer,China,APAC,Technology,Copiers,Desktop Scanner,3226.83,2,0.15,-297.6615
ORD-101231,2024-08-01,2024-08-05,Standard Class,Consumer,Czech Republic,Europe,Office Supplies,Art,Art Supplies Kit,805.02,2,0.0,220.85
ORD-101232,2024-09-02,2024-09-06,Standard Class,Corporate,Spain,Europe,Office Supplies,Labels,Barcode Labels,2097.51,2,0.0,911.96
ORD-101233,2024-05-23,2024-05-30,Second Class,Consumer,Spain,Europe,Technology,Phones,Wireless Phone Pro,2568.25,7,0.0,531.81
ORD-101234,2024-03-12,2024-03-17,Standard Class,Home Office,Ireland,Europe,Furniture,Bookcases,Corner Bookcase,2206.99,7,0.3,464.63199999999995
ORD-101235,2024-12-19,2024-12-20,Standard Class,Consumer,Turkey,MEA,Office Supplies,Labels,Shipping Labels,1461.55,8,0.5,814.375
ORD-101236,2021-11-04,2021-11-10,Second Class,Corporate,Malaysia,APAC,Technology,Accessories,Keyboard Dual,2911.32,7,0.25,-202.1325
ORD-101237,2024-08-13,2024-08-20,Standard Class,Consumer,Germany,Europe,Technology,Machines,Postal Scale,465.83,1,0.3,672.084
ORD-101238,2023-01-01,2023-01-07,Second Class,Home Office,China,APAC,Technology,Accessories,Keyboard Dual,1912.08,2,0.2,416.808
ORD-101239,2022-03-10,2022-03-15,Standard Class,Consumer,Russia,Europe,Technology,Phones,Headset Premium,942.86,7,0.2,561.1840000000001
ORD-101240,2023-01-08,2023-01-13,Standard Class,Consumer,Ireland,Europe,Office Supplies,Art,Art Supplies Kit,3044.0,4,0.2,-250.61599999999999
ORD-101241,2021-11-29,2021-12-06,Second Class,Home Office,South Korea,APAC,Furniture,Furnishings,Filing Cabinet,2261.16,6,0.5,-182.62
ORD-101242,2023-01-30,2023-02-04,Standard Class,Corporate,France,Europe,Furniture,Chairs,Stack Chair Set,3458.1,6,0.0,887.86
ORD-101243,2024-06-03,2024-06-07,Standard Class,Corporate,Chile,LATAM,Technology,Accessories,USB Hub,881.38,4,0.4,997.6379999999999
ORD-101244,2021-11-28,2021-12-04,Standard Class,Corporate,Poland,Europe,Furniture,Tables,Conference Table,196.16,1,0.0,122.69
ORD-101245,2021-10-30,2021-11-05,Standard Class,Consumer,Egypt,MEA,Furniture,Chairs,Stack Chair Set,1249.88,6,0.0,623.41
ORD-101246,2023-10-08,2023-10-13,First Class,Corporate,Romania,Europe,Technology,Copiers,Color Laser Copier,2592.73,3,0.2,1079.256
ORD-101247,2022-06-12,2022-06-19,Second Class,Consumer,Belgium,Europe,Technology,Phones,Wireless Phone Pro,252.49,1,0.0,1239.9
ORD-101248,2022-11-15,2022-11-17,Second Class,Corporate,Ireland,Europe,Technology,Machines,Folding Machine,302.05,8,0.0,305.24
ORD-101249,2023-08-28,2023-08-30,Standard Class,Home Office,Singapore,APAC,Office Supplies,Fasteners,Stapler Set,1689.65,1,0.0,474.97
ORD-101250,2024-04-21,2024-04-28,Standard Class,Home Office,South Africa,MEA,Furniture,Bookcases,Corner Bookcase,2948.48,4,0.2,565.24
ORD-101251,2024-03-18,2024-03-19,Standard Class,Consumer,Czech Republic,Europe,Office Supplies,Fasteners,Paper Clips,1187.5,6,0.15,1155.354
ORD-101252,2021-03-26,2021-04-01,Standard Class,Consumer,Belgium,Europe,Office Supplies,Storage,Storage Box,973.5,7,0.0,-299.82
ORD-101253,2021-02-21,2021-02-27,Same Day,Consumer,Romania,Europe,Technology,Accessories,Mouse Wireless,2840.47,7,0.2,915.792
ORD-101254,2021-10-19,2021-10-22,Standard Class,Consumer,Greece,Europe,Office Supplies,Fasteners,Stapler Set,2378.71,5,0.15,232.1945
ORD-101255,2024-06-18,2024-06-24,Standard Class,Corporate,Venezuela,LATAM,Furniture,Furnishings,Plant Holder,760.6,7,0.1,347.031
ORD-101256,2022-10-29,2022-10-30,Standard Class,Corporate,Ireland,Europe,Furniture,Bookcases,Library Wall Unit,1236.53,6,0.0,-298.21
ORD-101257,2023-05-17,2023-05-23,First Class,Home Office,Greece,Europe,Office Supplies,Art,Art Supplies Kit,2752.38,6,0.0,1108.99
ORD-101258,2023-08-31,2023-09-02,Standard Class,Consumer,Poland,Europe,Furniture,Bookcases,5-Shelf Bookcase,2664.35,1,0.0,535.07
ORD-101259,2022-12-11,2022-12-12,Standard Class,Consumer,South Africa,MEA,Office Supplies,Supplies,Tape Dispenser,88.5,9,0.15,1076.61
ORD-101260,2021-03-15,2021-03-22,Standard Class,Home Office,Saudi Arabia,MEA,Furniture,Furnishings,Plant Holder,1346.2,4,0.3,-323.37199999999996
ORD-101261,2022-07-16,2022-07-21,Standard Class,Consumer,Spain,Europe,Technology,Accessories,USB Hub,3326.49,5,0.3,131.075
ORD-101262,2022-01-15,2022-01-17,Standard Class,Home Office,Philippines,APAC,Technology,Phones,Headset Premium,1075.88,4,0.0,1687.56
ORD-101263,2021-07-04,2021-07-05,Second Class,Home Office,France,Europe,Furniture,Tables,Conference Table,1394.81,2,0.15,180.2085
ORD-101264,2023-09-13,2023-09-20,Standard Class,Consumer,Saudi Arabia,MEA,Technology,Accessories,Keyboard Dual,1763.83,4,0.1,1511.541
ORD-101265,2024-12-04,2024-12-05,Standard Class,Consumer,South Korea,APAC,Office Supplies,Binders,3-Ring Binder,614.53,5,0.25,1225.815
ORD-101266,2022-05-06,2022-05-09,First Class,Consumer,Canada,North America,Technology,Copiers,Multifunction Copier,323.68,3,0.0,1764.27
ORD-101267,2022-04-11,2022-04-18,Standard Class,Consumer,Spain,Europe,Technology,Copiers,Color Laser Copier,903.03,2,0.0,-463.45
ORD-101268,2022-07-21,2022-07-23,Standard Class,Consumer,Chile,LATAM,Office Supplies,Binders,Accordion Folder,2436.97,5,0.0,-122.11
ORD-101269,2023-10-10,2023-10-13,Same Day,Consumer,Chile,LATAM,Technology,Machines,Shredder Pro,2610.51,1,0.15,-170.90949999999998
ORD-101270,2021-09-17,2021-09-22,Standard Class,Consumer,Romania,Europe,Technology,Phones,Wireless Phone Pro,2185.78,9,0.25,1227.7575
ORD-101271,2024-04-06,2024-04-07,Same Day,Consumer,Colombia,LATAM,Technology,Phones,Wireless Phone Pro,576.33,2,0.2,49.080000000000005
ORD-101272,2022-03-31,2022-04-01,Second Class,Home Office,Norway,Europe,Furniture,Furnishings,Plant Holder,1782.55,2,0.15,1215.483
ORD-101273,2021-06-20,2021-06-23,Standard Class,Corporate,Brazil,LATAM,Office Supplies,Paper,Photo Paper,2241.59,9,0.0,91.07
ORD-101274,2021-10-25,2021-10-31,First Class,Consumer,Colombia,LATAM,Technology,Machines,Postal Scale,537.84,3,0.25,1123.965
ORD-101275,2023-06-24,2023-06-25,Standard Class,Corporate,United Kingdom,Europe,Furniture,Tables,Standing Desk,2504.85,9,0.1,1352.5739999999998
ORD-101276,2023-11-04,2023-11-07,Standard Class,Corporate,Finland,Europe,Office Supplies,Art,Framed Print,648.3,3,0.0,1505.67
ORD-101277,2024-10-05,2024-10-12,Standard Class,Consumer,Israel,MEA,Technology,Accessories,Cable Kit,2338.59,4,0.15,-200.5915
ORD-101278,2021-10-29,2021-11-05,Same Day,Consumer,Indonesia,APAC,Technology,Phones,Headset Premium,1524.89,4,0.25,1033.3799999999999
ORD-101279,2024-02-10,2024-02-14,Standard Class,Corporate,Sweden,Europe,Furniture,Chairs,Stack Chair Set,2301.96,4,0.2,-53.184000000000005
ORD-101280,2022-06-18,2022-06-25,Standard Class,Consumer,Sweden,Europe,Furniture,Bookcases,Corner Bookcase,704.57,2,0.4,1078.746
ORD-101281,2021-02-15,2021-02-17,Second Class,Home Office,Spain,Europe,Technology,Accessories,Cable Kit,921.33,8,0.25,687.48
ORD-101282,2024-01-13,2024-01-20,Standard Class,Corporate,Saudi Arabia,MEA,Office Supplies,Fasteners,Stapler Set,2851.1,9,0.25,121.695
ORD-101283,2021-01-13,2021-01-19,Standard Class,Corporate,Peru,LATAM,Technology,Machines,Postal Scale,1255.22,6,0.25,705.6225000000001
ORD-101284,2024-03-21,2024-03-24,Standard Class,Consumer,United States,North America,Furniture,Tables,Standing Desk,293.66,7,0.0,1113.43
ORD-101285,2024-07-26,2024-07-30,Standard Class,Consumer,UAE,MEA,Technology,Phones,Wireless Phone Pro,549.43,1,0.0,-181.58
ORD-101286,2021-06-10,2021-06-11,First Class,Consumer,New Zealand,APAC,Furniture,Furnishings,Wall Clock,3356.05,1,0.15,835.023
ORD-101287,2023-02-24,2023-03-01,Standard Class,Consumer,Colombia,LATAM,Furniture,Furnishings,Wall Clock,1042.39,3,0.0,1560.15
ORD-101288,2023-02-20,2023-02-25,Same Day,Consumer,Chile,LATAM,Technology,Accessories,Mouse Wireless,1466.92,7,0.0,1239.56
ORD-101289,2023-09-16,2023-09-21,Standard Class,Consumer,Italy,Europe,Office Supplies,Fasteners,Paper Clips,2529.31,5,0.4,-120.144
ORD-101290,2023-08-15,2023-08-21,First Class,Consumer,Colombia,LATAM,Furniture,Furnishings,Wall Clock,815.98,9,0.0,-264.48
ORD-101291,2021-11-07,2021-11-09,First Class,Consumer,Sweden,Europe,Office Supplies,Fasteners,Paper Clips,2417.55,1,0.25,808.4775
ORD-101292,2024-10-20,2024-10-27,Standard Class,Corporate,Sweden,Europe,Office Supplies,Storage,Storage Cabinet,3117.49,6,0.5,25.55
ORD-101293,2022-04-15,2022-04-17,Standard Class,Consumer,Turkey,MEA,Technology,Phones,Headset Premium,2396.76,3,0.1,1272.7079999999999
ORD-101294,2023-12-26,2023-12-30,Standard Class,Home Office,Germany,Europe,Office Supplies,Envelopes,Padded Mailer,3387.66,5,0.5,106.22
ORD-101295,2024-06-17,2024-06-18,First Class,Consumer,Germany,Europe,Technology,Machines,Postal Scale,1558.91,1,0.0,1062.15
ORD-101296,2021-07-17,2021-07-18,First Class,Consumer,Denmark,Europe,Technology,Phones,Headset Premium,3210.41,5,0.3,718.326
ORD-101297,2023-07-13,2023-07-20,Standard Class,Consumer,Japan,APAC,Technology,Machines,Laminator Machine,972.14,5,0.3,897.3019999999999
ORD-101298,2022-06-09,2022-06-15,Same Day,Consumer,Germany,Europe,Technology,Phones,Headset Premium,3421.94,8,0.15,1283.0240000000001
ORD-101299,2023-07-24,2023-07-27,Second Class,Consumer,Romania,Europe,Office Supplies,Labels,Shipping Labels,855.73,3,0.25,1225.7475
ORD-101300,2024-11-30,2024-12-06,Standard Class,Corporate,Israel,MEA,Office Supplies,Binders,3-Ring Binder,3101.87,2,0.3,74.14399999999999
ORD-101301,2022-07-06,2022-07-13,Standard Class,Consumer,Canada,North America,Technology,Copiers,Multifunction Copier,2023.46,5,0.5,336.66
ORD-101302,2021-06-08,2021-06-09,Standard Class,Consumer,Mexico,LATAM,Office Supplies,Supplies,Hole Punch,1191.99,1,0.1,1365.075
ORD-101303,2021-07-13,2021-07-20,Standard Class,Home Office,Peru,LATAM,Technology,Machines,Folding Machine,2186.04,5,0.2,1153.7040000000002
ORD-101304,2023-02-10,2023-02-11,Standard Class,Consumer,Malaysia,APAC,Office Supplies,Storage,Shelving Unit,819.14,8,0.0,703.32
ORD-101305,2023-09-23,2023-09-25,Standard Class,Consumer,Spain,Europe,Furniture,Tables,Coffee Table,70.47,6,0.4,-6.869999999999999
ORD-101306,2021-07-29,2021-08-04,Standard Class,Consumer,Greece,Europe,Office Supplies,Storage,Storage Box,2232.98,6,0.0,-342.99
ORD-101307,2021-04-26,2021-05-02,First Class,Consumer,Nigeria,MEA,Technology,Copiers,Color Laser Copier,1922.07,9,0.25,-319.15500000000003
ORD-101308,2022-05-24,2022-05-28,Standard Class,Consumer,Saudi Arabia,MEA,Technology,Phones,Headset Premium,2199.76,5,0.1,817.1460000000001
ORD-101309,2024-10-30,2024-11-02,Standard Class,Consumer,Vietnam,APAC,Furniture,Chairs,Executive Leather Chair,2161.51,3,0.1,-83.178
ORD-101310,2024-04-26,2024-04-28,Standard Class,Corporate,Spain,Europe,Furniture,Furnishings,Filing Cabinet,3428.28,8,0.0,194.09
ORD-101311,2021-04-10,2021-04-17,Standard Class,Consumer,Portugal,Europe,Office Supplies,Paper,Notebook Set,2477.77,6,0.3,30.723
ORD-101312,2022-08-10,2022-08-16,First Class,Home Office,Spain,Europe,Technology,Accessories,Cable Kit,2883.84,1,0.0,268.65
ORD-101313,2021-02-25,2021-03-03,Standard Class,Corporate,Argentina,LATAM,Technology,Machines,Shredder Pro,2150.73,4,0.3,91.41999999999999
ORD-101314,2021-10-28,2021-10-29,Second Class,Consumer,Japan,APAC,Furniture,Bookcases,Corner Bookcase,2158.12,9,0.1,765.828
ORD-101315,2024-09-30,2024-10-02,Standard Class,Consumer,Italy,Europe,Office Supplies,Binders,3-Ring Binder,3351.77,8,0.0,1194.46
ORD-101316,2023-01-28,2023-01-31,Standard Class,Home Office,Brazil,LATAM,Furniture,Furnishings,Desk Lamp,761.16,2,0.2,1040.088
ORD-101317,2024-07-17,2024-07-21,Same Day,Consumer,Nigeria,MEA,Office Supplies,Binders,Presentation Binder,2812.8,4,0.15,1047.5315
ORD-101318,2024-10-31,2024-11-01,First Class,Consumer,South Korea,APAC,Office Supplies,Labels,Shipping Labels,2328.67,3,0.4,535.632
ORD-101319,2023-04-06,2023-04-11,Standard Class,Home Office,United States,North America,Technology,Machines,Postal Scale,263.66,3,0.0,1116.56
ORD-101320,2022-10-08,2022-10-09,Second Class,Consumer,Finland,Europe,Technology,Machines,Postal Scale,196.12,4,0.25,1014.81
ORD-101321,2023-09-20,2023-09-25,Standard Class,Corporate,Denmark,Europe,Furniture,Furnishings,Desk Lamp,465.28,5,0.25,1129.455
ORD-101322,2022-09-17,2022-09-24,Second Class,Home Office,Poland,Europe,Furniture,Chairs,Executive Leather Chair,934.04,3,0.0,1761.4
ORD-101323,2022-05-28,2022-06-03,Second Class,Consumer,Canada,North America,Office Supplies,Envelopes,Padded Mailer,1155.95,9,0.15,-42.134499999999996
ORD-101324,2023-06-27,2023-07-02,First Class,Consumer,France,Europe,Furniture,Bookcases,5-Shelf Bookcase,3420.39,4,0.1,-10.899
ORD-101325,2023-08-26,2023-08-30,First Class,Corporate,Belgium,Europe,Technology,Machines,Folding Machine,368.89,4,0.3,-135.23299999999998
ORD-101326,2021-08-20,2021-08-27,Second Class,Consumer,Belgium,Europe,Technology,Machines,Shredder Pro,2340.83,1,0.0,1285.12
ORD-101327,2022-01-01,2022-01-05,Standard Class,Corporate,Thailand,APAC,Office Supplies,Supplies,Scissors,1871.94,9,0.0,445.4
ORD-101328,2023-07-03,2023-07-10,Standard Class,Consumer,Spain,Europe,Technology,Copiers,Multifunction Copier,2141.14,8,0.15,1381.4879999999998
ORD-101329,2021-03-12,2021-03-13,Standard Class,Corporate,UAE,MEA,Furniture,Chairs,Stack Chair Set,2354.03,7,0.0,-3.23
ORD-101330,2024-04-23,2024-04-29,Second Class,Consumer,Greece,Europe,Office Supplies,Art,Canvas Pack,294.05,3,0.0,483.14
ORD-101331,2024-05-27,2024-05-29,Second Class,Home Office,Norway,Europe,Office Supplies,Binders,Accordion Folder,1513.91,8,0.1,1504.539
ORD-101332,2024-01-13,2024-01-14,First Class,Corporate,Peru,LATAM,Office Supplies,Fasteners,Stapler Set,1485.82,5,0.1,-414.495
ORD-101333,2022-02-04,2022-02-11,Standard Class,Home Office,Nigeria,MEA,Office Supplies,Fasteners,Rubber Bands,53.24,7,0.4,-288.53999999999996
ORD-101334,2023-04-20,2023-04-27,Standard Class,Home Office,China,APAC,Office Supplies,Paper,Photo Paper,711.4,4,0.0,-241.0
ORD-101335,2024-09-23,2024-09-29,Same Day,Corporate,Argentina,LATAM,Office Supplies,Envelopes,Business Envelope,3348.41,7,0.0,-257.18
ORD-101336,2023-04-17,2023-04-24,Second Class,Consumer,Romania,Europe,Office Supplies,Fasteners,Stapler Set,1200.8,1,0.5,-172.87
ORD-101337,2024-10-30,2024-11-02,Standard Class,Consumer,Finland,Europe,Technology,Machines,Postal Scale,2993.69,6,0.3,176.778
ORD-101338,2023-06-23,2023-06-25,Second Class,Corporate,India,APAC,Technology,Machines,Shredder Pro,2714.15,9,0.0,956.15
ORD-101339,2021-11-15,2021-11-18,Standard Class,Corporate,Canada,North America,Technology,Accessories,Keyboard Dual,185.0,3,0.1,725.625
ORD-101340,2023-05-15,2023-05-20,Second Class,Consumer,Peru,LATAM,Furniture,Bookcases,Corner Bookcase,3154.03,7,0.0,820.57
ORD-101341,2021-12-22,2021-12-26,First Class,Consumer,China,APAC,Office Supplies,Binders,3-Ring Binder,2389.74,1,0.4,1025.82
ORD-101342,2021-01-12,2021-01-19,Standard Class,Consumer,Venezuela,LATAM,Furniture,Tables,Folding Table,2582.44,5,0.0,737.86
ORD-101343,2023-07-04,2023-07-07,Standard Class,Consumer,Saudi Arabia,MEA,Technology,Copiers,Multifunction Copier,2022.21,3,0.5,-111.54
ORD-101344,2024-08-15,2024-08-17,Standard Class,Home Office,Italy,Europe,Technology,Copiers,Desktop Scanner,2010.22,1,0.0,343.33
ORD-101345,2021-10-21,2021-10-22,Standard Class,Corporate,Belgium,Europe,Furniture,Chairs,Ergo Chair Pro,1553.71,1,0.2,91.912
ORD-101346,2022-03-07,2022-03-11,Standard Class,Home Office,Netherlands,Europe,Technology,Accessories,USB Hub,3342.57,8,0.25,-61.92
ORD-101347,2021-07-28,2021-08-04,First Class,Corporate,Brazil,LATAM,Furniture,Tables,Folding Table,432.77,1,0.1,988.5780000000001
ORD-101348,2024-04-16,2024-04-19,Standard Class,Consumer,Turkey,MEA,Office Supplies,Art,Canvas Pack,532.36,1,0.0,1503.62
ORD-101349,2024-12-13,2024-12-19,Second Class,Corporate,Belgium,Europe,Technology,Copiers,Multifunction Copier,1517.97,6,0.0,-185.6
ORD-101350,2023-02-25,2023-02-26,Standard Class,Corporate,Austria,Europe,Technology,Phones,Office Phone System,2388.49,4,0.0,-10.97
ORD-101351,2022-06-18,2022-06-20,First Class,Consumer,China,APAC,Office Supplies,Supplies,Ruler Set,776.93,4,0.0,1199.3
ORD-101352,2022-10-04,2022-10-07,Standard Class,Home Office,Switzerland,Europe,Technology,Accessories,Mouse Wireless,1811.65,2,0.0,-191.25
ORD-101353,2023-10-01,2023-10-04,First Class,Corporate,Turkey,MEA,Office Supplies,Paper,Photo Paper,2825.43,7,0.1,905.652
ORD-101354,2023-06-13,2023-06-16,Standard Class,Consumer,South Africa,MEA,Technology,Accessories,Mouse Wireless,1417.27,3,0.1,-123.588
ORD-101355,2022-11-26,2022-11-30,Same Day,Consumer,Romania,Europe,Technology,Accessories,Mouse Wireless,3118.17,3,0.5,214.625
ORD-101356,2022-11-18,2022-11-24,Standard Class,Consumer,Denmark,Europe,Furniture,Tables,Folding Table,669.67,4,0.1,902.268
ORD-101357,2021-09-02,2021-09-09,Standard Class,Consumer,Spain,Europe,Technology,Machines,Shredder Pro,2974.42,4,0.0,1545.22
ORD-101358,2024-05-05,2024-05-06,Standard Class,Consumer,United Kingdom,Europe,Office Supplies,Labels,Shipping Labels,1650.37,4,0.2,495.024
ORD-101359,2022-07-20,2022-07-22,Second Class,Corporate,Canada,North America,Furniture,Bookcases,Library Wall Unit,2393.55,9,0.5,87.91
ORD-101360,2023-08-21,2023-08-25,Second Class,Consumer,Indonesia,APAC,Office Supplies,Labels,Address Labels,2337.36,6,0.1,1414.278
ORD-101361,2023-07-04,2023-07-11,Standard Class,Corporate,Hungary,Europe,Office Supplies,Labels,Address Labels,574.59,8,0.0,-279.73
ORD-101362,2022-06-10,2022-06-13,Standard Class,Consumer,Czech Republic,Europe,Furniture,Bookcases,Corner Bookcase,3318.23,8,0.0,969.01
ORD-101363,2021-02-17,2021-02-24,Second Class,Consumer,UAE,MEA,Office Supplies,Binders,Presentation Binder,2807.79,1,0.25,431.865
ORD-101364,2023-03-30,2023-03-31,Standard Class,Consumer,France,Europe,Office Supplies,Art,Art Supplies Kit,2099.93,4,0.15,1315.7745
ORD-101365,2024-12-07,2024-12-13,Standard Class,Consumer,Malaysia,APAC,Technology,Machines,Shredder Pro,2894.19,5,0.2,1208.3200000000002
ORD-101366,2024-06-23,2024-06-30,Standard Class,Home Office,Philippines,APAC,Office Supplies,Binders,3-Ring Binder,1262.08,1,0.1,740.484
ORD-101367,2023-01-10,2023-01-13,Standard Class,Consumer,Hungary,Europe,Technology,Machines,Shredder Pro,2518.57,9,0.25,335.52
ORD-101368,2022-06-10,2022-06-11,Second Class,Corporate,New Zealand,APAC,Furniture,Tables,Standing Desk,850.95,5,0.25,-227.9325
ORD-101369,2024-03-30,2024-04-03,Standard Class,Consumer,Thailand,APAC,Office Supplies,Supplies,Ruler Set,1024.37,3,0.0,1625.7
ORD-101370,2022-01-27,2022-02-01,Second Class,Consumer,Denmark,Europe,Office Supplies,Fasteners,Rubber Bands,2296.04,6,0.0,-252.75
ORD-101371,2021-05-08,2021-05-15,Standard Class,Consumer,Malaysia,APAC,Furniture,Chairs,Executive Leather Chair,2044.21,5,0.0,274.93
ORD-101372,2021-06-12,2021-06-19,Second Class,Corporate,Italy,Europe,Technology,Accessories,Keyboard Dual,1397.11,6,0.0,1619.21
ORD-101373,2023-09-29,2023-10-05,Standard Class,Corporate,Norway,Europe,Technology,Accessories,Mouse Wireless,1964.0,9,0.0,-227.68
ORD-101374,2022-06-12,2022-06-15,Second Class,Consumer,China,APAC,Office Supplies,Envelopes,Padded Mailer,2634.69,1,0.4,-21.215999999999998
ORD-101375,2022-07-30,2022-08-05,Standard Class,Consumer,Greece,Europe,Office Supplies,Storage,Shelving Unit,1114.68,7,0.4,302.52599999999995
ORD-101376,2023-06-15,2023-06-17,Standard Class,Corporate,Belgium,Europe,Office Supplies,Labels,Address Labels,2932.14,9,0.1,1420.758
ORD-101377,2022-11-21,2022-11-22,First Class,Home Office,Peru,LATAM,Furniture,Chairs,Stack Chair Set,1998.28,2,0.25,0.705
ORD-101378,2023-08-20,2023-08-27,Standard Class,Consumer,Greece,Europe,Technology,Machines,Laminator Machine,2064.37,3,0.1,1098.549
ORD-101379,2023-05-28,2023-05-30,Standard Class,Consumer,Russia,Europe,Technology,Accessories,Cable Kit,1812.12,8,0.2,-76.864
ORD-101380,2022-09-23,2022-09-28,Standard Class,Consumer,United States,North America,Technology,Copiers,Multifunction Copier,2301.73,1,0.1,322.767
ORD-101381,2023-01-03,2023-01-08,Second Class,Consumer,Belgium,Europe,Office Supplies,Supplies,Scissors,2150.36,4,0.25,1306.3425
ORD-101382,2024-04-25,2024-04-28,Second Class,Consumer,United States,North America,Technology,Phones,Headset Premium,633.08,6,0.15,489.6255
ORD-101383,2024-06-23,2024-06-30,Standard Class,Consumer,Singapore,APAC,Furniture,Tables,Coffee Table,2201.02,7,0.0,-457.87
ORD-101384,2023-03-29,2023-04-02,Standard Class,Corporate,United States,North America,Technology,Phones,Headset Premium,1828.63,1,0.15,1122.5269999999998
ORD-101385,2022-11-14,2022-11-17,First Class,Home Office,United Kingdom,Europe,Technology,Phones,Wireless Phone Pro,2362.35,3,0.4,471.03599999999994
ORD-101386,2021-08-03,2021-08-06,First Class,Consumer,Ireland,Europe,Furniture,Chairs,Executive Leather Chair,837.4,6,0.5,303.505
ORD-101387,2023-09-04,2023-09-09,Standard Class,Corporate,Hungary,Europe,Furniture,Furnishings,Desk Lamp,18.82,4,0.2,1057.7440000000001
ORD-101388,2023-10-05,2023-10-06,Second Class,Consumer,China,APAC,Furniture,Tables,Coffee Table,1027.12,9,0.4,-94.57799999999999
ORD-101389,2023-05-27,2023-06-03,Standard Class,Home Office,Brazil,LATAM,Technology,Accessories,Mouse Wireless,1489.54,4,0.0,-9.61
ORD-101390,2023-12-09,2023-12-16,Standard Class,Consumer,Mexico,LATAM,Office Supplies,Storage,File Cart,3122.62,4,0.0,534.37
ORD-101391,2023-11-20,2023-11-21,Standard Class,Home Office,Venezuela,LATAM,Furniture,Chairs,Stack Chair Set,2810.44,7,0.0,713.28
ORD-101392,2023-07-07,2023-07-12,Standard Class,Consumer,Brazil,LATAM,Technology,Accessories,Mouse Wireless,3359.85,5,0.4,252.966
ORD-101393,2022-02-15,2022-02-21,First Class,Corporate,Ireland,Europe,Furniture,Chairs,Stack Chair Set,225.66,9,0.0,-106.03
ORD-101394,2022-10-17,2022-10-19,Second Class,Corporate,Chile,LATAM,Technology,Copiers,Multifunction Copier,726.35,4,0.25,1011.4725000000001
ORD-101395,2021-07-21,2021-07-22,Standard Class,Consumer,South Korea,APAC,Technology,Machines,Postal Scale,1094.85,8,0.0,-270.26
ORD-101396,2022-09-27,2022-09-29,Standard Class,Corporate,Venezuela,LATAM,Office Supplies,Binders,Accordion Folder,1495.0,1,0.0,1540.77
ORD-101397,2021-04-30,2021-05-01,Standard Class,Consumer,Spain,Europe,Furniture,Chairs,Stack Chair Set,3024.89,5,0.3,574.84
ORD-101398,2022-05-11,2022-05-13,Standard Class,Corporate,UAE,MEA,Office Supplies,Art,Framed Print,2678.67,3,0.5,195.7
ORD-101399,2022-05-17,2022-05-22,First Class,Consumer,Indonesia,APAC,Technology,Accessories,Cable Kit,1498.1,2,0.2,728.3600000000001
ORD-101400,2021-03-30,2021-04-05,Standard Class,Consumer,Vietnam,APAC,Technology,Machines,Folding Machine,2863.01,2,0.5,506.645
ORD-101401,2022-05-01,2022-05-05,Standard Class,Consumer,Nigeria,MEA,Technology,Phones,Office Phone System,2471.96,9,0.3,866.6489999999999
ORD-101402,2022-09-27,2022-10-02,Standard Class,Corporate,China,APAC,Furniture,Bookcases,5-Shelf Bookcase,1560.89,6,0.1,195.615
ORD-101403,2022-02-11,2022-02-15,Second Class,Consumer,Venezuela,LATAM,Technology,Copiers,Desktop Scanner,1872.76,5,0.25,-289.09499999999997
ORD-101404,2024-04-29,2024-05-02,Standard Class,Consumer,Czech Republic,Europe,Office Supplies,Art,Poster Set,3398.81,7,0.0,657.52
ORD-101405,2024-11-14,2024-11-20,Same Day,Consumer,Nigeria,MEA,Furniture,Tables,Folding Table,227.95,9,0.0,-112.66
ORD-101406,2022-05-03,2022-05-09,Standard Class,Consumer,Switzerland,Europe,Technology,Accessories,Mouse Wireless,1210.42,6,0.2,1338.5680000000002
ORD-101407,2021-04-09,2021-04-10,Standard Class,Consumer,China,APAC,Technology,Accessories,Cable Kit,1348.45,2,0.0,1093.69
ORD-101408,2024-02-14,2024-02-18,Second Class,Corporate,Germany,Europe,Furniture,Tables,Folding Table,1296.68,6,0.0,1720.94
ORD-101409,2024-06-13,2024-06-18,Standard Class,Home Office,Singapore,APAC,Furniture,Bookcases,5-Shelf Bookcase,1131.76,3,0.2,593.72
ORD-101410,2022-09-14,2022-09-18,Same Day,Home Office,Turkey,MEA,Furniture,Tables,Coffee Table,1925.8,6,0.5,-203.975
ORD-101411,2023-07-23,2023-07-30,Standard Class,Consumer,Portugal,Europe,Technology,Phones,Headset Premium,355.04,7,0.0,1231.42
ORD-101412,2021-09-22,2021-09-28,Standard Class,Home Office,Czech Republic,Europe,Office Supplies,Supplies,Hole Punch,2940.29,5,0.0,-92.74
ORD-101413,2022-05-03,2022-05-06,First Class,Consumer,Argentina,LATAM,Office Supplies,Binders,Presentation Binder,1159.17,6,0.4,212.244
ORD-101414,2023-03-27,2023-03-29,Standard Class,Consumer,Philippines,APAC,Technology,Machines,Laminator Machine,1015.88,4,0.25,1305.0375
ORD-101415,2021-01-28,2021-02-02,Standard Class,Corporate,UAE,MEA,Furniture,Tables,Coffee Table,947.93,8,0.3,1071.0069999999998
ORD-101416,2022-08-29,2022-09-02,Second Class,Corporate,Austria,Europe,Furniture,Bookcases,Library Wall Unit,1253.72,3,0.4,367.90799999999996
ORD-101417,2022-08-28,2022-09-01,Standard Class,Consumer,China,APAC,Office Supplies,Supplies,Scissors,2435.44,1,0.2,-45.656000000000006
ORD-101418,2023-07-30,2023-08-04,Same Day,Home Office,Mexico,LATAM,Furniture,Bookcases,Library Wall Unit,1621.19,4,0.0,193.28
ORD-101419,2021-02-04,2021-02-07,Standard Class,Corporate,China,APAC,Furniture,Furnishings,Desk Lamp,3393.67,1,0.0,-395.16
ORD-101420,2024-05-09,2024-05-15,Standard Class,Corporate,France,Europe,Office Supplies,Supplies,Scissors,1903.14,8,0.2,-20.928
ORD-101421,2024-06-08,2024-06-12,Standard Class,Home Office,India,APAC,Office Supplies,Storage,Shelving Unit,608.58,2,0.25,838.26
ORD-101422,2021-05-10,2021-05-15,Second Class,Consumer,Poland,Europe,Furniture,Tables,Folding Table,2291.76,6,0.0,1656.98
ORD-101423,2022-07-31,2022-08-06,Same Day,Consumer,Thailand,APAC,Technology,Machines,Laminator Machine,1343.3,4,0.0,1671.96
ORD-101424,2021-01-17,2021-01-24,Standard Class,Corporate,Poland,Europe,Furniture,Furnishings,Wall Clock,299.38,6,0.0,581.53
ORD-101425,2022-11-27,2022-12-04,Standard Class,Consumer,Brazil,LATAM,Office Supplies,Art,Canvas Pack,727.56,1,0.1,1214.865
ORD-101426,2024-03-15,2024-03-21,Standard Class,Consumer,Israel,MEA,Office Supplies,Binders,Accordion Folder,2314.63,3,0.25,988.2375000000001
ORD-101427,2021-02-13,2021-02-19,Standard Class,Consumer,Belgium,Europe,Office Supplies,Envelopes,Tyvek Envelope,335.32,6,0.3,-170.31699999999998
ORD-101428,2024-05-28,2024-06-03,Standard Class,Home Office,UAE,MEA,Furniture,Chairs,Ergo Chair Pro,3452.84,9,0.15,-282.90549999999996
ORD-101429,2021-08-14,2021-08-15,Same Day,Home Office,Philippines,APAC,Furniture,Tables,Conference Table,1214.76,5,0.0,-488.96
ORD-101430,2024-07-22,2024-07-26,Standard Class,Consumer,Venezuela,LATAM,Office Supplies,Fasteners,Paper Clips,776.96,7,0.0,1052.83
ORD-101431,2021-06-11,2021-06-14,Standard Class,Home Office,South Korea,APAC,Furniture,Chairs,Gaming Chair X,1104.03,3,0.15,1216.4775
ORD-101432,2021-06-05,2021-06-08,First Class,Corporate,Saudi Arabia,MEA,Furniture,Furnishings,Filing Cabinet,978.87,8,0.0,76.17
ORD-101433,2022-06-26,2022-06-27,Standard Class,Corporate,Argentina,LATAM,Technology,Machines,Shredder Pro,734.03,2,0.25,740.4000000000001
ORD-101434,2022-12-02,2022-12-05,First Class,Corporate,Saudi Arabia,MEA,Furniture,Furnishings,Filing Cabinet,44.8,1,0.0,1169.25
ORD-101435,2022-01-27,2022-02-03,Standard Class,Consumer,Romania,Europe,Office Supplies,Envelopes,Business Envelope,1191.85,2,0.15,1327.6745
ORD-101436,2021-09-21,2021-09-27,Standard Class,Consumer,China,APAC,Technology,Accessories,Cable Kit,1145.89,8,0.0,1148.83
ORD-101437,2022-10-14,2022-10-20,Second Class,Consumer,Denmark,Europe,Office Supplies,Storage,File Cart,3019.33,2,0.25,1297.1625
ORD-101438,2023-07-21,2023-07-25,Standard Class,Consumer,Israel,MEA,Technology,Accessories,Mouse Wireless,1480.48,6,0.5,155.81
ORD-101439,2022-02-01,2022-02-08,Second Class,Corporate,UAE,MEA,Furniture,Furnishings,Filing Cabinet,1027.38,6,0.0,724.78
ORD-101440,2024-11-05,2024-11-06,Standard Class,Consumer,Ireland,Europe,Technology,Machines,Laminator Machine,1334.26,8,0.4,-171.87599999999998
ORD-101441,2024-08-18,2024-08-22,Second Class,Home Office,South Korea,APAC,Office Supplies,Labels,Address Labels,1898.2,2,0.5,-226.96
ORD-101442,2023-12-25,2023-12-31,Standard Class,Corporate,Egypt,MEA,Furniture,Furnishings,Plant Holder,355.18,3,0.0,-209.93
ORD-101443,2024-01-18,2024-01-20,Standard Class,Corporate,Thailand,APAC,Office Supplies,Supplies,Ruler Set,1571.36,4,0.4,-230.208
ORD-101444,2021-10-28,2021-11-04,Same Day,Consumer,France,Europe,Technology,Phones,Headset Premium,2285.08,1,0.0,458.34
ORD-101445,2021-08-18,2021-08-19,Standard Class,Consumer,Sweden,Europe,Furniture,Chairs,Executive Leather Chair,2836.45,8,0.0,776.44
ORD-101446,2023-05-09,2023-05-12,First Class,Consumer,Portugal,Europe,Furniture,Furnishings,Plant Holder,2991.23,1,0.3,738.7449999999999
ORD-101447,2024-12-23,2024-12-27,Standard Class,Corporate,United Kingdom,Europe,Technology,Accessories,Keyboard Dual,3057.33,4,0.0,1560.44
ORD-101448,2023-01-03,2023-01-05,Second Class,Consumer,Russia,Europe,Furniture,Furnishings,Filing Cabinet,872.54,9,0.0,1471.32
ORD-101449,2024-12-15,2024-12-16,Second Class,Home Office,China,APAC,Furniture,Chairs,Stack Chair Set,302.49,2,0.4,-190.33200000000002
ORD-101450,2024-06-22,2024-06-24,Standard Class,Corporate,Philippines,APAC,Furniture,Bookcases,5-Shelf Bookcase,232.75,7,0.2,25.296000000000003
ORD-101451,2023-01-14,2023-01-21,Second Class,Corporate,Finland,Europe,Furniture,Furnishings,Wall Clock,2559.33,4,0.0,581.99
ORD-101452,2021-06-28,2021-06-29,First Class,Corporate,Philippines,APAC,Furniture,Tables,Coffee Table,3330.66,4,0.1,998.523
ORD-101453,2023-09-13,2023-09-14,Same Day,Consumer,Brazil,LATAM,Furniture,Tables,Conference Table,2643.84,5,0.0,136.59
ORD-101454,2024-11-30,2024-12-01,Second Class,Consumer,Colombia,LATAM,Office Supplies,Envelopes,Padded Mailer,3160.87,8,0.1,421.614
ORD-101455,2022-12-03,2022-12-04,Standard Class,Consumer,Vietnam,APAC,Furniture,Chairs,Stack Chair Set,1384.83,2,0.4,-14.238
ORD-101456,2024-09-19,2024-09-26,Standard Class,Home Office,Brazil,LATAM,Office Supplies,Supplies,Ruler Set,2911.71,5,0.2,696.936
ORD-101457,2022-11-03,2022-11-07,First Class,Consumer,Romania,Europe,Technology,Machines,Postal Scale,1029.24,8,0.0,-436.77
ORD-101458,2021-08-14,2021-08-18,Standard Class,Corporate,Greece,Europe,Technology,Accessories,USB Hub,2953.61,9,0.0,517.68
ORD-101459,2023-03-03,2023-03-04,Standard Class,Consumer,Vietnam,APAC,Technology,Phones,Headset Premium,103.43,9,0.0,816.22
ORD-101460,2024-09-11,2024-09-17,Same Day,Consumer,Australia,APAC,Technology,Accessories,Keyboard Dual,2032.94,1,0.0,45.82
ORD-101461,2021-09-02,2021-09-09,Standard Class,Consumer,Indonesia,APAC,Furniture,Bookcases,Corner Bookcase,2495.75,9,0.0,1633.78
ORD-101462,2021-11-20,2021-11-22,Second Class,Consumer,Argentina,LATAM,Furniture,Bookcases,Library Wall Unit,1944.49,2,0.0,1639.32
ORD-101463,2024-05-25,2024-06-01,Standard Class,Consumer,Romania,Europe,Office Supplies,Binders,Accordion Folder,443.41,8,0.0,1722.38
ORD-101464,2022-02-27,2022-03-03,Same Day,Home Office,Chile,LATAM,Technology,Machines,Laminator Machine,436.66,4,0.0,-362.83
ORD-101465,2021-02-11,2021-02-16,Standard Class,Consumer,Indonesia,APAC,Office Supplies,Envelopes,Business Envelope,1617.72,5,0.0,362.16
ORD-101466,2022-12-21,2022-12-23,Standard Class,Consumer,Israel,MEA,Furniture,Tables,Coffee Table,3236.06,9,0.4,636.384
ORD-101467,2023-01-11,2023-01-12,Standard Class,Home Office,Czech Republic,Europe,Technology,Phones,Headset Premium,2467.5,1,0.15,1144.729
ORD-101468,2023-05-04,2023-05-09,Standard Class,Consumer,Czech Republic,Europe,Furniture,Bookcases,Corner Bookcase,1950.84,7,0.2,1355.1680000000001
ORD-101469,2023-03-06,2023-03-09,Standard Class,Consumer,India,APAC,Office Supplies,Storage,Storage Cabinet,1848.36,7,0.5,431.31
ORD-101470,2022-09-14,2022-09-16,Second Class,Consumer,Ireland,Europe,Technology,Accessories,Keyboard Dual,2711.0,2,0.0,-450.81
ORD-101471,2021-06-21,2021-06-24,Standard Class,Consumer,Portugal,Europe,Furniture,Chairs,Gaming Chair X,1482.8,7,0.0,550.86
ORD-101472,2021-10-21,2021-10-22,First Class,Consumer,Brazil,LATAM,Technology,Copiers,Multifunction Copier,702.42,9,0.15,536.1035
ORD-101473,2021-10-18,2021-10-19,Standard Class,Corporate,Finland,Europe,Technology,Phones,Headset Premium,3101.26,8,0.0,249.96
ORD-101474,2021-11-12,2021-11-16,Standard Class,Consumer,Egypt,MEA,Furniture,Furnishings,Desk Lamp,127.12,9,0.0,185.85
ORD-101475,2022-08-23,2022-08-27,Second Class,Corporate,Austria,Europe,Office Supplies,Binders,Accordion Folder,3494.08,6,0.3,-156.184
ORD-101476,2022-03-23,2022-03-25,First Class,Corporate,Egypt,MEA,Technology,Machines,Laminator Machine,933.79,5,0.5,339.645
ORD-101477,2024-06-29,2024-07-05,Second Class,Corporate,China,APAC,Office Supplies,Supplies,Hole Punch,2520.0,3,0.0,1051.77
ORD-101478,2023-05-18,2023-05-23,Second Class,Corporate,Russia,Europe,Furniture,Tables,Conference Table,2534.52,7,0.5,730.76
ORD-101479,2022-04-03,2022-04-06,Standard Class,Consumer,India,APAC,Furniture,Tables,Conference Table,1889.4,7,0.3,1092.588
ORD-101480,2023-07-02,2023-07-04,Standard Class,Consumer,Japan,APAC,Furniture,Tables,Coffee Table,3403.19,9,0.0,225.05
ORD-101481,2022-10-07,2022-10-09,Standard Class,Home Office,Netherlands,Europe,Furniture,Furnishings,Filing Cabinet,635.94,8,0.25,1322.1374999999998
ORD-101482,2021-08-26,2021-09-01,Standard Class,Consumer,Israel,MEA,Office Supplies,Fasteners,Paper Clips,2213.84,6,0.0,283.56
ORD-101483,2022-07-09,2022-07-15,Second Class,Corporate,Czech Republic,Europe,Technology,Copiers,Color Laser Copier,1666.8,2,0.2,1401.776
ORD-101484,2022-09-13,2022-09-14,Second Class,Consumer,Israel,MEA,Office Supplies,Supplies,Hole Punch,670.77,6,0.25,-6.7425
ORD-101485,2021-10-28,2021-11-03,Second Class,Consumer,Argentina,LATAM,Technology,Accessories,Keyboard Dual,600.76,5,0.1,1221.858
ORD-101486,2021-06-12,2021-06-13,Standard Class,Home Office,Vietnam,APAC,Office Supplies,Paper,Photo Paper,2536.79,6,0.0,-188.26
ORD-101487,2022-02-25,2022-03-02,Second Class,Corporate,China,APAC,Office Supplies,Supplies,Tape Dispenser,2291.78,7,0.4,202.536
ORD-101488,2024-06-07,2024-06-08,Standard Class,Consumer,Philippines,APAC,Furniture,Furnishings,Plant Holder,1120.54,2,0.0,-279.65
ORD-101489,2021-12-11,2021-12-13,Standard Class,Consumer,Romania,Europe,Technology,Phones,Wireless Phone Pro,1720.49,5,0.25,646.965
ORD-101490,2021-09-16,2021-09-20,First Class,Corporate,United Kingdom,Europe,Technology,Phones,Wireless Phone Pro,848.52,2,0.0,-253.09
ORD-101491,2022-02-12,2022-02-18,Standard Class,Home Office,Turkey,MEA,Technology,Phones,Office Phone System,1046.6,7,0.0,1384.47
ORD-101492,2021-08-11,2021-08-15,Standard Class,Corporate,South Korea,APAC,Furniture,Bookcases,5-Shelf Bookcase,3283.87,9,0.0,-211.88
ORD-101493,2022-03-26,2022-03-28,First Class,Corporate,China,APAC,Furniture,Tables,Folding Table,3132.39,9,0.15,-353.3875
ORD-101494,2024-10-23,2024-10-26,Standard Class,Home Office,Italy,Europe,Office Supplies,Paper,Cardstock Pack,1852.4,8,0.0,568.43
ORD-101495,2022-10-12,2022-10-15,First Class,Consumer,Indonesia,APAC,Office Supplies,Paper,Photo Paper,2287.88,4,0.3,677.915
ORD-101496,2022-01-01,2022-01-04,Standard Class,Consumer,South Africa,MEA,Furniture,Furnishings,Wall Clock,131.25,7,0.0,416.92
ORD-101497,2023-03-21,2023-03-28,Standard Class,Home Office,Finland,Europe,Technology,Machines,Postal Scale,3370.79,9,0.0,8.38
ORD-101498,2023-12-31,2024-01-05,Standard Class,Consumer,France,Europe,Technology,Copiers,Multifunction Copier,2449.46,5,0.0,-163.34
ORD-101499,2022-05-22,2022-05-23,Standard Class,Home Office,India,APAC,Furniture,Bookcases,Library Wall Unit,3044.41,1,0.25,1135.905
ORD-101500,2023-10-31,2023-11-03,First Class,Corporate,Austria,Europe,Technology,Copiers,Color Laser Copier,2536.05,5,0.4,54.815999999999995
ORD-101501,2023-11-28,2023-12-05,Standard Class,Corporate,Italy,Europe,Technology,Phones,Office Phone System,1413.51,5,0.0,686.92
ORD-101502,2024-12-09,2024-12-16,Standard Class,Consumer,Malaysia,APAC,Office Supplies,Storage,Storage Cabinet,2753.14,6,0.0,-469.08
ORD-101503,2021-01-25,2021-01-29,Second Class,Consumer,Spain,Europe,Office Supplies,Labels,Shipping Labels,1939.78,1,0.0,872.5
ORD-101504,2022-11-30,2022-12-02,Standard Class,Consumer,Peru,LATAM,Office Supplies,Supplies,Tape Dispenser,2168.9,8,0.0,1620.24
ORD-101505,2023-01-29,2023-02-02,Standard Class,Home Office,Indonesia,APAC,Office Supplies,Storage,Storage Box,388.76,9,0.1,1119.906
ORD-101506,2022-10-24,2022-10-27,Standard Class,Home Office,Saudi Arabia,MEA,Office Supplies,Envelopes,Business Envelope,1208.5,2,0.4,273.798
ORD-101507,2021-09-29,2021-09-30,Standard Class,Corporate,Peru,LATAM,Technology,Phones,Headset Premium,254.99,6,0.3,642.2289999999999
ORD-101508,2022-08-12,2022-08-15,First Class,Consumer,Ireland,Europe,Technology,Machines,Postal Scale,859.13,2,0.5,160.73
ORD-101509,2022-01-07,2022-01-08,Same Day,Consumer,Switzerland,Europe,Furniture,Tables,Standing Desk,2978.97,3,0.5,866.41
ORD-101510,2021-02-11,2021-02-18,Standard Class,Corporate,Belgium,Europe,Furniture,Tables,Conference Table,1269.78,4,0.3,1219.323
ORD-101511,2022-08-04,2022-08-06,Second Class,Corporate,Italy,Europe,Furniture,Tables,Folding Table,722.89,6,0.0,1211.58
ORD-101512,2024-10-18,2024-10-24,Second Class,Consumer,Argentina,LATAM,Furniture,Bookcases,Corner Bookcase,708.77,3,0.25,-196.26
ORD-101513,2023-12-07,2023-12-13,Standard Class,Consumer,Japan,APAC,Technology,Accessories,Mouse Wireless,2312.45,3,0.1,778.0500000000001
ORD-101514,2024-09-30,2024-10-02,First Class,Consumer,China,APAC,Furniture,Bookcases,Library Wall Unit,1011.64,6,0.4,-176.51999999999998
ORD-101515,2021-03-28,2021-04-04,Standard Class,Consumer,Colombia,LATAM,Office Supplies,Fasteners,Rubber Bands,2538.89,3,0.0,1411.49
ORD-101516,2023-03-02,2023-03-08,Standard Class,Corporate,Israel,MEA,Office Supplies,Paper,Copy Paper A4,2021.12,8,0.4,-94.02
ORD-101517,2022-07-27,2022-07-29,Standard Class,Consumer,Vietnam,APAC,Office Supplies,Envelopes,Business Envelope,2304.3,1,0.0,893.0
ORD-101518,2023-12-17,2023-12-18,Standard Class,Consumer,Singapore,APAC,Technology,Phones,Wireless Phone Pro,2691.59,5,0.5,-66.96
ORD-101519,2024-11-03,2024-11-04,Standard Class,Consumer,Portugal,Europe,Furniture,Chairs,Ergo Chair Pro,672.04,4,0.15,-50.2265
ORD-101520,2024-08-17,2024-08-18,Standard Class,Corporate,Poland,Europe,Furniture,Tables,Coffee Table,2064.53,6,0.1,713.637
ORD-101521,2024-11-02,2024-11-04,First Class,Consumer,Egypt,MEA,Office Supplies,Paper,Copy Paper A4,3120.79,3,0.0,764.55
ORD-101522,2022-03-25,2022-03-31,Standard Class,Consumer,Thailand,APAC,Technology,Accessories,Keyboard Dual,1852.18,5,0.0,896.85
ORD-101523,2024-05-19,2024-05-21,Standard Class,Consumer,Russia,Europe,Office Supplies,Paper,Notebook Set,1974.81,8,0.0,1341.43
ORD-101524,2023-07-14,2023-07-19,Standard Class,Consumer,Israel,MEA,Technology,Accessories,Cable Kit,992.79,1,0.0,-404.99
ORD-101525,2024-07-15,2024-07-20,Second Class,Home Office,Russia,Europe,Furniture,Tables,Coffee Table,3411.39,1,0.3,1091.0059999999999
ORD-101526,2022-01-25,2022-02-01,Standard Class,Consumer,Mexico,LATAM,Furniture,Furnishings,Filing Cabinet,1974.07,3,0.4,827.4359999999999
ORD-101527,2024-04-20,2024-04-26,Standard Class,Corporate,Mexico,LATAM,Furniture,Furnishings,Wall Clock,995.92,3,0.15,-285.3705
ORD-101528,2023-03-14,2023-03-19,Standard Class,Consumer,Netherlands,Europe,Furniture,Tables,Standing Desk,1809.04,4,0.2,1402.088
ORD-101529,2024-11-30,2024-12-01,Standard Class,Consumer,Romania,Europe,Office Supplies,Paper,Copy Paper A4,1828.65,1,0.25,934.1624999999999
ORD-101530,2024-06-05,2024-06-08,Second Class,Consumer,Thailand,APAC,Office Supplies,Labels,Shipping Labels,1229.49,2,0.15,625.5319999999999
ORD-101531,2023-08-07,2023-08-14,Second Class,Corporate,Colombia,LATAM,Furniture,Bookcases,Corner Bookcase,501.19,9,0.25,727.95
ORD-101532,2022-04-12,2022-04-19,First Class,Corporate,Russia,Europe,Office Supplies,Paper,Notebook Set,2127.84,3,0.0,-253.36
ORD-101533,2023-12-03,2023-12-04,Standard Class,Home Office,Egypt,MEA,Office Supplies,Storage,Storage Box,3047.71,8,0.1,-187.893
ORD-101534,2022-06-11,2022-06-16,First Class,Corporate,Italy,Europe,Technology,Copiers,Desktop Scanner,1827.26,5,0.25,-306.27750000000003
ORD-101535,2022-09-07,2022-09-14,Standard Class,Consumer,Germany,Europe,Technology,Machines,Shredder Pro,2776.52,8,0.2,1310.832
ORD-101536,2024-04-09,2024-04-15,Standard Class,Consumer,Turkey,MEA,Furniture,Furnishings,Wall Clock,354.65,3,0.0,917.65
ORD-101537,2021-05-20,2021-05-26,Standard Class,Consumer,Finland,Europe,Office Supplies,Envelopes,Business Envelope,3421.39,2,0.0,112.86
ORD-101538,2023-07-29,2023-08-01,Standard Class,Home Office,Sweden,Europe,Furniture,Tables,Coffee Table,1366.89,6,0.0,-140.03
ORD-101539,2021-02-24,2021-02-27,First Class,Consumer,South Korea,APAC,Technology,Phones,Wireless Phone Pro,2261.41,7,0.3,613.963
ORD-101540,2023-07-06,2023-07-07,Standard Class,Corporate,Portugal,Europe,Office Supplies,Paper,Copy Paper A4,2083.53,5,0.0,304.66
ORD-101541,2022-01-26,2022-01-30,First Class,Consumer,Canada,North America,Technology,Accessories,Keyboard Dual,3110.63,6,0.3,871.465
ORD-101542,2021-08-15,2021-08-22,Standard Class,Consumer,India,APAC,Office Supplies,Envelopes,Tyvek Envelope,1509.19,8,0.0,189.29
ORD-101543,2022-12-12,2022-12-19,Standard Class,Consumer,Italy,Europe,Office Supplies,Art,Poster Set,3155.62,4,0.0,1178.28
ORD-101544,2022-02-20,2022-02-22,First Class,Consumer,Poland,Europe,Technology,Copiers,Color Laser Copier,1755.52,6,0.2,885.7120000000001
ORD-101545,2024-02-13,2024-02-20,Standard Class,Corporate,Mexico,LATAM,Technology,Copiers,Color Laser Copier,2415.8,8,0.0,1197.02
ORD-101546,2023-08-08,2023-08-15,First Class,Corporate,China,APAC,Furniture,Chairs,Stack Chair Set,768.19,1,0.0,17.71
ORD-101547,2021-04-25,2021-05-01,Standard Class,Corporate,United States,North America,Furniture,Bookcases,5-Shelf Bookcase,436.52,2,0.0,594.33
ORD-101548,2022-10-11,2022-10-16,Standard Class,Consumer,Thailand,APAC,Technology,Machines,Shredder Pro,1977.59,2,0.25,-341.03249999999997
ORD-101549,2021-04-26,2021-05-02,Standard Class,Home Office,Turkey,MEA,Technology,Machines,Folding Machine,3355.54,4,0.2,1415.9040000000002
ORD-101550,2023-05-09,2023-05-11,Standard Class,Consumer,Saudi Arabia,MEA,Furniture,Furnishings,Plant Holder,471.67,7,0.3,1080.177
ORD-101551,2023-10-29,2023-10-31,Standard Class,Consumer,France,Europe,Office Supplies,Labels,Barcode Labels,3145.57,4,0.2,-136.576
ORD-101552,2021-06-13,2021-06-20,Second Class,Corporate,Indonesia,APAC,Furniture,Furnishings,Plant Holder,2960.06,2,0.2,1058.1760000000002
ORD-101553,2021-07-23,2021-07-28,Standard Class,Consumer,Norway,Europe,Technology,Copiers,Multifunction Copier,86.92,3,0.3,922.0749999999999
ORD-101554,2023-09-22,2023-09-29,Same Day,Consumer,Peru,LATAM,Office Supplies,Labels,Barcode Labels,3367.64,7,0.1,1012.518
ORD-101555,2024-04-17,2024-04-20,Standard Class,Consumer,Czech Republic,Europe,Technology,Accessories,Cable Kit,1596.5,5,0.3,-49.94499999999999
ORD-101556,2024-04-14,2024-04-15,Standard Class,Consumer,Indonesia,APAC,Technology,Machines,Laminator Machine,3237.8,9,0.0,162.18
ORD-101557,2021-07-18,2021-07-22,Standard Class,Corporate,France,Europe,Office Supplies,Supplies,Hole Punch,1769.22,3,0.25,669.705
ORD-101558,2022-04-10,2022-04-12,Standard Class,Consumer,Peru,LATAM,Technology,Machines,Postal Scale,2764.11,5,0.5,-203.425
ORD-101559,2022-05-15,2022-05-20,Standard Class,Consumer,South Korea,APAC,Technology,Machines,Shredder Pro,794.41,5,0.0,753.04
ORD-101560,2022-06-11,2022-06-16,Standard Class,Corporate,Thailand,APAC,Office Supplies,Envelopes,Padded Mailer,1730.14,5,0.2,1015.656
ORD-101561,2022-09-16,2022-09-18,Standard Class,Corporate,Chile,LATAM,Furniture,Bookcases,Corner Bookcase,3141.57,7,0.0,945.48
ORD-101562,2022-10-27,2022-10-31,Standard Class,Consumer,New Zealand,APAC,Office Supplies,Storage,Storage Cabinet,1135.73,4,0.4,181.206
ORD-101563,2021-02-01,2021-02-02,Standard Class,Consumer,Czech Republic,Europe,Technology,Machines,Shredder Pro,601.44,6,0.5,866.99
ORD-101564,2021-03-23,2021-03-28,Second Class,Corporate,Denmark,Europe,Furniture,Furnishings,Filing Cabinet,3499.63,8,0.0,-358.45
ORD-101565,2021-06-06,2021-06-13,First Class,Corporate,Switzerland,Europe,Furniture,Tables,Coffee Table,3228.92,6,0.3,729.841
ORD-101566,2021-10-28,2021-10-30,Second Class,Consumer,Russia,Europe,Office Supplies,Art,Poster Set,2820.42,5,0.1,-283.329
ORD-101567,2024-01-26,2024-01-27,Standard Class,Consumer,Portugal,Europe,Office Supplies,Fasteners,Stapler Set,741.99,8,0.1,1350.999
ORD-101568,2024-07-08,2024-07-09,Second Class,Consumer,Peru,LATAM,Office Supplies,Supplies,Tape Dispenser,2683.62,4,0.2,208.496
ORD-101569,2022-12-06,2022-12-12,Second Class,Consumer,Egypt,MEA,Technology,Phones,Headset Premium,3356.21,8,0.0,1777.2
ORD-101570,2022-12-07,2022-12-11,Standard Class,Consumer,Israel,MEA,Furniture,Chairs,Stack Chair Set,603.67,1,0.5,292.075
ORD-101571,2022-05-04,2022-05-09,First Class,Home Office,United Kingdom,Europe,Furniture,Tables,Standing Desk,1499.5,4,0.0,329.86
ORD-101572,2022-12-04,2022-12-05,Standard Class,Home Office,Netherlands,Europe,Technology,Phones,Wireless Phone Pro,2237.0,1,0.0,27.65
ORD-101573,2022-10-16,2022-10-22,Second Class,Consumer,Czech Republic,Europe,Office Supplies,Paper,Copy Paper A4,1004.26,6,0.0,313.37
ORD-101574,2021-01-01,2021-01-03,Standard Class,Consumer,Czech Republic,Europe,Office Supplies,Storage,Shelving Unit,2665.22,2,0.15,653.3525
ORD-101575,2023-05-13,2023-05-20,First Class,Consumer,Poland,Europe,Office Supplies,Supplies,Scissors,2108.98,8,0.0,299.86
ORD-101576,2022-12-01,2022-12-05,Standard Class,Consumer,Greece,Europe,Technology,Phones,Wireless Phone Pro,2450.8,6,0.25,-85.035
ORD-101577,2021-05-19,2021-05-26,Standard Class,Consumer,Finland,Europe,Furniture,Bookcases,Corner Bookcase,1472.1,6,0.0,316.37
ORD-101578,2022-10-06,2022-10-09,Standard Class,Corporate,Norway,Europe,Office Supplies,Binders,3-Ring Binder,3481.69,7,0.5,307.455
ORD-101579,2023-05-22,2023-05-25,Standard Class,Consumer,Japan,APAC,Office Supplies,Storage,Storage Box,1065.12,9,0.3,87.5
ORD-101580,2023-01-14,2023-01-16,Second Class,Consumer,Denmark,Europe,Technology,Accessories,Cable Kit,2946.17,2,0.0,307.78
ORD-101581,2021-06-12,2021-06-16,First Class,Consumer,Israel,MEA,Technology,Accessories,Keyboard Dual,2380.81,3,0.0,687.09
ORD-101582,2023-05-10,2023-05-17,First Class,Consumer,New Zealand,APAC,Furniture,Bookcases,5-Shelf Bookcase,675.71,5,0.15,577.8385
ORD-101583,2024-03-14,2024-03-19,Standard Class,Consumer,Sweden,Europe,Technology,Copiers,Desktop Scanner,2691.75,2,0.0,921.08
ORD-101584,2022-08-15,2022-08-21,Second Class,Home Office,Spain,Europe,Office Supplies,Supplies,Scissors,1916.51,9,0.15,252.20349999999996
ORD-101585,2022-06-11,2022-06-15,Second Class,Corporate,Philippines,APAC,Furniture,Chairs,Executive Leather Chair,2947.45,1,0.0,259.5
ORD-101586,2023-04-28,2023-05-02,Standard Class,Corporate,Thailand,APAC,Technology,Accessories,Cable Kit,2274.04,2,0.0,1514.02
ORD-101587,2021-11-10,2021-11-17,Standard Class,Consumer,Germany,Europe,Furniture,Chairs,Stack Chair Set,2680.0,4,0.0,1506.8
ORD-101588,2021-05-22,2021-05-28,Standard Class,Corporate,UAE,MEA,Technology,Accessories,Cable Kit,596.68,6,0.0,1694.73
ORD-101589,2023-05-29,2023-06-03,First Class,Consumer,Australia,APAC,Technology,Copiers,Desktop Scanner,1065.74,4,0.2,-171.832
ORD-101590,2023-12-25,2023-12-26,Standard Class,Corporate,Vietnam,APAC,Office Supplies,Art,Poster Set,1365.16,4,0.0,418.0
ORD-101591,2023-09-16,2023-09-18,Second Class,Corporate,Philippines,APAC,Technology,Accessories,Cable Kit,1872.27,1,0.5,-31.505
ORD-101592,2021-11-24,2021-11-29,Second Class,Consumer,United Kingdom,Europe,Technology,Phones,Office Phone System,2448.01,9,0.4,-150.92399999999998
ORD-101593,2022-06-05,2022-06-07,Same Day,Consumer,France,Europe,Office Supplies,Binders,3-Ring Binder,537.11,7,0.1,-321.714
ORD-101594,2024-07-24,2024-07-26,Second Class,Home Office,Argentina,LATAM,Office Supplies,Labels,Shipping Labels,1501.73,8,0.1,1417.149
ORD-101595,2021-02-25,2021-02-26,Standard Class,Corporate,Indonesia,APAC,Technology,Machines,Folding Machine,3055.42,4,0.15,-149.702
ORD-101596,2022-03-17,2022-03-23,Standard Class,Consumer,South Africa,MEA,Office Supplies,Paper,Copy Paper A4,70.69,4,0.15,1385.772
ORD-101597,2021-04-20,2021-04-24,Standard Class,Home Office,Romania,Europe,Technology,Phones,Office Phone System,3009.38,9,0.4,265.68
ORD-101598,2023-11-07,2023-11-10,Second Class,Home Office,Chile,LATAM,Office Supplies,Paper,Cardstock Pack,3278.33,2,0.0,1699.32
ORD-101599,2023-05-04,2023-05-09,Second Class,Consumer,Finland,Europe,Furniture,Furnishings,Plant Holder,1888.12,5,0.3,383.52299999999997
ORD-101600,2021-10-26,2021-10-27,Standard Class,Consumer,Sweden,Europe,Technology,Machines,Laminator Machine,661.53,7,0.4,708.174
ORD-101601,2023-09-11,2023-09-16,Standard Class,Corporate,United Kingdom,Europe,Office Supplies,Storage,Storage Box,142.25,7,0.1,-178.74900000000002
ORD-101602,2024-02-02,2024-02-07,Standard Class,Consumer,Nigeria,MEA,Office Supplies,Labels,Barcode Labels,1557.07,8,0.0,-461.06
ORD-101603,2024-04-02,2024-04-08,Standard Class,Consumer,Chile,LATAM,Furniture,Furnishings,Plant Holder,470.16,8,0.25,819.4575
ORD-101604,2023-02-06,2023-02-10,Second Class,Consumer,Canada,North America,Furniture,Chairs,Ergo Chair Pro,2458.58,3,0.5,399.065
ORD-101605,2021-11-06,2021-11-11,First Class,Corporate,France,Europe,Technology,Phones,Headset Premium,1282.11,5,0.0,865.87
ORD-101606,2022-06-18,2022-06-21,Standard Class,Corporate,Israel,MEA,Technology,Phones,Headset Premium,3017.78,1,0.1,964.7460000000001
ORD-101607,2021-02-22,2021-02-27,Standard Class,Consumer,New Zealand,APAC,Technology,Phones,Headset Premium,1021.12,3,0.0,1204.48
ORD-101608,2023-01-31,2023-02-04,Standard Class,Consumer,Switzerland,Europe,Technology,Copiers,Color Laser Copier,2586.99,1,0.25,672.1274999999999
ORD-101609,2024-03-22,2024-03-27,Second Class,Corporate,Turkey,MEA,Technology,Accessories,Cable Kit,2031.48,9,0.25,477.12749999999994
ORD-101610,2023-02-16,2023-02-22,First Class,Home Office,UAE,MEA,Technology,Machines,Folding Machine,1642.94,1,0.0,-67.21
ORD-101611,2024-11-20,2024-11-24,First Class,Corporate,Italy,Europe,Office Supplies,Binders,Presentation Binder,251.34,6,0.0,-62.8
ORD-101612,2022-01-01,2022-01-05,Standard Class,Consumer,Ireland,Europe,Office Supplies,Binders,3-Ring Binder,3300.39,7,0.2,1298.3200000000002
ORD-101613,2021-07-31,2021-08-05,Second Class,Consumer,Poland,Europe,Office Supplies,Art,Canvas Pack,1786.97,8,0.15,1348.7545
ORD-101614,2023-10-03,2023-10-05,Standard Class,Consumer,Czech Republic,Europe,Technology,Machines,Laminator Machine,1608.14,6,0.3,1113.49
ORD-101615,2024-10-11,2024-10-16,First Class,Corporate,Mexico,LATAM,Office Supplies,Labels,Address Labels,2409.66,4,0.0,11.5
ORD-101616,2021-07-16,2021-07-22,First Class,Home Office,United States,North America,Technology,Machines,Shredder Pro,2205.42,7,0.0,-411.61
ORD-101617,2021-04-21,2021-04-26,First Class,Consumer,Germany,Europe,Technology,Phones,Headset Premium,473.06,6,0.0,657.37
ORD-101618,2022-12-28,2022-12-31,Second Class,Consumer,China,APAC,Technology,Machines,Folding Machine,1169.47,5,0.0,1799.55
ORD-101619,2024-10-09,2024-10-11,Standard Class,Consumer,Israel,MEA,Furniture,Chairs,Gaming Chair X,1910.56,5,0.15,-140.25
ORD-101620,2021-03-17,2021-03-18,Standard Class,Home Office,Poland,Europe,Office Supplies,Envelopes,Padded Mailer,2778.77,5,0.25,776.8799999999999
ORD-101621,2023-12-06,2023-12-07,Standard Class,Corporate,Finland,Europe,Furniture,Chairs,Stack Chair Set,2656.49,6,0.0,-397.87
ORD-101622,2021-12-22,2021-12-26,Second Class,Consumer,Spain,Europe,Office Supplies,Binders,Accordion Folder,1551.87,7,0.0,90.24
ORD-101623,2024-12-14,2024-12-17,Second Class,Corporate,Nigeria,MEA,Furniture,Chairs,Ergo Chair Pro,935.99,4,0.25,1089.0975
ORD-101624,2022-07-22,2022-07-27,Second Class,Consumer,Colombia,LATAM,Furniture,Bookcases,5-Shelf Bookcase,642.59,2,0.0,-261.73
ORD-101625,2023-01-17,2023-01-22,Standard Class,Corporate,Ireland,Europe,Furniture,Bookcases,Corner Bookcase,2262.59,3,0.5,806.68
ORD-101626,2021-06-10,2021-06-11,Standard Class,Consumer,Romania,Europe,Furniture,Bookcases,Corner Bookcase,1457.82,2,0.2,-362.84000000000003
ORD-101627,2024-11-28,2024-12-01,Standard Class,Corporate,Saudi Arabia,MEA,Office Supplies,Envelopes,Tyvek Envelope,1739.86,7,0.0,1284.48
ORD-101628,2024-02-05,2024-02-08,Second Class,Consumer,Egypt,MEA,Technology,Accessories,Mouse Wireless,3031.08,2,0.0,-470.43
ORD-101629,2023-10-15,2023-10-20,Standard Class,Consumer,Hungary,Europe,Technology,Copiers,Multifunction Copier,2438.56,9,0.0,340.0
ORD-101630,2023-11-26,2023-11-28,Standard Class,Home Office,India,APAC,Technology,Phones,Office Phone System,1205.32,9,0.1,1377.6570000000002
ORD-101631,2022-05-25,2022-05-27,First Class,Consumer,South Korea,APAC,Office Supplies,Supplies,Ruler Set,1945.87,4,0.15,449.3185
ORD-101632,2021-12-13,2021-12-17,Standard Class,Corporate,Israel,MEA,Office Supplies,Supplies,Hole Punch,1961.12,7,0.15,485.775
ORD-101633,2024-11-11,2024-11-16,First Class,Corporate,Romania,Europe,Furniture,Chairs,Stack Chair Set,254.1,7,0.0,783.73
ORD-101634,2023-09-21,2023-09-27,Standard Class,Consumer,Netherlands,Europe,Office Supplies,Labels,Shipping Labels,3226.39,6,0.1,1401.3899999999999
ORD-101635,2021-02-27,2021-03-05,Standard Class,Consumer,Canada,North America,Office Supplies,Envelopes,Business Envelope,1245.01,1,0.0,972.8
ORD-101636,2024-03-05,2024-03-11,Standard Class,Consumer,Greece,Europe,Technology,Copiers,Multifunction Copier,3189.86,8,0.0,1272.68
ORD-101637,2023-02-09,2023-02-11,Standard Class,Consumer,Sweden,Europe,Office Supplies,Envelopes,Tyvek Envelope,409.48,1,0.3,-218.932
ORD-101638,2021-06-18,2021-06-25,First Class,Corporate,Japan,APAC,Furniture,Chairs,Gaming Chair X,2268.92,3,0.3,745.6959999999999
ORD-101639,2021-05-16,2021-05-22,Standard Class,Consumer,United States,North America,Furniture,Chairs,Stack Chair Set,1578.29,2,0.0,593.33
ORD-101640,2022-04-24,2022-04-28,Second Class,Corporate,Indonesia,APAC,Furniture,Bookcases,Library Wall Unit,1693.83,7,0.2,1304.5200000000002
ORD-101641,2024-01-17,2024-01-18,Standard Class,Corporate,South Africa,MEA,Technology,Machines,Postal Scale,623.74,3,0.2,545.496
ORD-101642,2022-09-07,2022-09-08,Standard Class,Consumer,New Zealand,APAC,Furniture,Tables,Folding Table,1935.72,5,0.5,29.445
ORD-101643,2024-02-16,2024-02-22,Standard Class,Home Office,South Korea,APAC,Technology,Accessories,Keyboard Dual,1831.18,7,0.5,-29.23
ORD-101644,2023-10-21,2023-10-25,Standard Class,Home Office,Austria,Europe,Furniture,Chairs,Ergo Chair Pro,3003.73,5,0.25,130.065
ORD-101645,2022-06-05,2022-06-12,Standard Class,Corporate,Denmark,Europe,Office Supplies,Binders,3-Ring Binder,1632.37,4,0.25,1185.5025
ORD-101646,2023-12-13,2023-12-17,Standard Class,Consumer,South Africa,MEA,Furniture,Furnishings,Wall Clock,1628.42,4,0.25,414.7275
ORD-101647,2022-11-16,2022-11-19,Standard Class,Consumer,Singapore,APAC,Furniture,Chairs,Executive Leather Chair,1906.96,1,0.2,-51.800000000000004
ORD-101648,2024-08-25,2024-09-01,Standard Class,Consumer,UAE,MEA,Furniture,Bookcases,Library Wall Unit,1116.08,5,0.0,1042.69
ORD-101649,2021-01-05,2021-01-11,Standard Class,Corporate,China,APAC,Technology,Accessories,USB Hub,2291.19,5,0.4,992.34
ORD-101650,2021-10-02,2021-10-08,Standard Class,Corporate,South Korea,APAC,Furniture,Tables,Standing Desk,11.93,3,0.15,282.99899999999997
ORD-101651,2021-08-16,2021-08-23,Standard Class,Corporate,Portugal,Europe,Furniture,Furnishings,Filing Cabinet,629.38,5,0.4,549.114
ORD-101652,2022-03-22,2022-03-23,Standard Class,Corporate,Belgium,Europe,Technology,Copiers,Color Laser Copier,1411.97,7,0.3,1256.591
ORD-101653,2023-01-26,2023-01-30,Second Class,Corporate,United States,North America,Furniture,Tables,Standing Desk,3152.31,5,0.5,887.98
ORD-101654,2023-07-21,2023-07-26,Standard Class,Home Office,South Africa,MEA,Furniture,Chairs,Ergo Chair Pro,1226.38,2,0.0,272.71
ORD-101655,2022-09-17,2022-09-21,Standard Class,Consumer,Finland,Europe,Technology,Copiers,Desktop Scanner,85.52,1,0.25,327.9975
ORD-101656,2022-06-14,2022-06-15,First Class,Consumer,Chile,LATAM,Technology,Phones,Office Phone System,1941.34,7,0.15,-95.336
ORD-101657,2024-09-28,2024-09-29,First Class,Consumer,New Zealand,APAC,Office Supplies,Fasteners,Stapler Set,1636.74,2,0.15,1071.612
ORD-101658,2021-02-07,2021-02-10,Standard Class,Consumer,South Africa,MEA,Furniture,Furnishings,Wall Clock,961.61,5,0.25,-336.765
ORD-101659,2023-11-28,2023-12-04,Standard Class,Corporate,India,APAC,Office Supplies,Storage,File Cart,2258.28,8,0.15,615.0089999999999
ORD-101660,2023-03-15,2023-03-16,Standard Class,Consumer,Philippines,APAC,Technology,Copiers,Desktop Scanner,2006.09,1,0.25,1049.6175
ORD-101661,2023-01-09,2023-01-11,Second Class,Consumer,Saudi Arabia,MEA,Office Supplies,Fasteners,Rubber Bands,2769.22,5,0.3,290.01
ORD-101662,2023-07-18,2023-07-22,Second Class,Consumer,Indonesia,APAC,Furniture,Tables,Coffee Table,3229.35,9,0.5,787.9
ORD-101663,2021-02-02,2021-02-03,First Class,Consumer,Venezuela,LATAM,Technology,Phones,Office Phone System,2892.65,5,0.25,1019.8125
ORD-101664,2024-11-30,2024-12-03,Second Class,Consumer,Israel,MEA,Furniture,Bookcases,Corner Bookcase,2183.67,1,0.0,1443.02
ORD-101665,2023-06-26,2023-07-02,First Class,Consumer,Spain,Europe,Technology,Copiers,Multifunction Copier,1091.91,7,0.2,624.5360000000001
ORD-101666,2021-02-24,2021-03-03,Second Class,Corporate,Egypt,MEA,Technology,Accessories,Cable Kit,1408.06,9,0.4,190.84799999999998
ORD-101667,2021-08-14,2021-08-17,Second Class,Consumer,Argentina,LATAM,Office Supplies,Storage,Storage Box,2143.91,8,0.0,1488.3
ORD-101668,2021-10-04,2021-10-05,Second Class,Home Office,Peru,LATAM,Office Supplies,Paper,Copy Paper A4,1377.45,3,0.25,1175.3249999999998
ORD-101669,2022-07-14,2022-07-21,Second Class,Consumer,Vietnam,APAC,Office Supplies,Labels,Shipping Labels,1199.26,6,0.5,108.13
ORD-101670,2021-07-05,2021-07-11,Standard Class,Home Office,Spain,Europe,Office Supplies,Storage,Storage Cabinet,590.81,7,0.0,1492.75
ORD-101671,2022-12-06,2022-12-13,Standard Class,Corporate,South Korea,APAC,Technology,Accessories,USB Hub,3183.03,9,0.4,939.5999999999999
ORD-101672,2024-11-02,2024-11-08,Standard Class,Corporate,United States,North America,Furniture,Furnishings,Wall Clock,2288.0,6,0.0,-310.35
ORD-101673,2024-06-26,2024-07-03,Standard Class,Consumer,Brazil,LATAM,Technology,Phones,Wireless Phone Pro,2532.05,2,0.25,1031.0025
ORD-101674,2022-04-24,2022-04-25,Second Class,Corporate,Canada,North America,Office Supplies,Fasteners,Stapler Set,2633.19,7,0.25,-40.7475
ORD-101675,2023-08-08,2023-08-11,Standard Class,Home Office,Thailand,APAC,Furniture,Chairs,Stack Chair Set,2066.83,1,0.25,946.095
ORD-101676,2023-12-15,2023-12-16,Standard Class,Consumer,Venezuela,LATAM,Technology,Accessories,Mouse Wireless,2242.36,1,0.15,607.308
ORD-101677,2022-12-01,2022-12-04,Standard Class,Corporate,Spain,Europe,Furniture,Bookcases,5-Shelf Bookcase,224.1,3,0.0,-199.99
ORD-101678,2021-02-16,2021-02-23,Standard Class,Corporate,Chile,LATAM,Office Supplies,Fasteners,Stapler Set,2298.91,9,0.0,-285.54
ORD-101679,2022-09-24,2022-09-30,First Class,Corporate,Australia,APAC,Office Supplies,Supplies,Ruler Set,1012.68,8,0.0,1211.85
ORD-101680,2021-08-20,2021-08-22,Standard Class,Corporate,Greece,Europe,Furniture,Chairs,Ergo Chair Pro,1724.07,1,0.0,1659.23
ORD-101681,2023-03-08,2023-03-15,Standard Class,Consumer,Spain,Europe,Furniture,Furnishings,Plant Holder,2795.73,5,0.15,542.2915
ORD-101682,2024-05-03,2024-05-04,Standard Class,Corporate,India,APAC,Office Supplies,Paper,Cardstock Pack,3340.7,6,0.2,649.816
ORD-101683,2021-09-21,2021-09-24,Standard Class,Consumer,Czech Republic,Europe,Technology,Copiers,Multifunction Copier,2314.0,2,0.4,957.27
ORD-101684,2021-12-20,2021-12-24,Same Day,Home Office,Finland,Europe,Furniture,Tables,Conference Table,398.15,7,0.5,-174.715
ORD-101685,2022-05-28,2022-05-30,Standard Class,Corporate,Mexico,LATAM,Furniture,Bookcases,5-Shelf Bookcase,2616.69,2,0.4,171.006
ORD-101686,2022-04-01,2022-04-03,Standard Class,Corporate,Spain,Europe,Technology,Accessories,Keyboard Dual,2403.69,9,0.5,385.53
ORD-101687,2022-07-15,2022-07-19,Standard Class,Consumer,Egypt,MEA,Technology,Machines,Postal Scale,1916.62,5,0.2,1439.864
ORD-101688,2024-03-17,2024-03-22,Standard Class,Corporate,Chile,LATAM,Office Supplies,Binders,Accordion Folder,2134.47,3,0.15,-212.8825
ORD-101689,2023-05-13,2023-05-17,Standard Class,Consumer,Germany,Europe,Furniture,Tables,Conference Table,894.61,6,0.0,1419.23
ORD-101690,2021-01-18,2021-01-25,First Class,Consumer,Poland,Europe,Technology,Machines,Folding Machine,879.08,3,0.2,708.624
ORD-101691,2021-09-21,2021-09-28,Standard Class,Consumer,Brazil,LATAM,Technology,Phones,Wireless Phone Pro,847.73,2,0.5,-201.66
ORD-101692,2023-03-01,2023-03-03,Standard Class,Consumer,Germany,Europe,Furniture,Chairs,Executive Leather Chair,1571.32,4,0.0,689.16
ORD-101693,2021-09-01,2021-09-04,First Class,Consumer,South Africa,MEA,Office Supplies,Paper,Cardstock Pack,1416.0,1,0.3,1116.85
ORD-101694,2024-03-21,2024-03-24,First Class,Consumer,Russia,Europe,Technology,Copiers,Multifunction Copier,2070.66,6,0.15,1063.6305
ORD-101695,2023-11-25,2023-12-01,Standard Class,Consumer,Peru,LATAM,Furniture,Bookcases,Library Wall Unit,628.55,3,0.0,720.06
ORD-101696,2021-02-23,2021-03-02,First Class,Corporate,Brazil,LATAM,Office Supplies,Storage,Storage Cabinet,51.66,5,0.5,552.15
ORD-101697,2021-09-19,2021-09-22,Standard Class,Home Office,Finland,Europe,Office Supplies,Fasteners,Rubber Bands,391.1,8,0.1,31.706999999999997
ORD-101698,2022-09-20,2022-09-25,Standard Class,Corporate,Israel,MEA,Furniture,Furnishings,Filing Cabinet,2289.78,4,0.4,718.74
ORD-101699,2022-09-09,2022-09-16,Standard Class,Corporate,Spain,Europe,Office Supplies,Labels,Barcode Labels,1682.85,1,0.0,404.47
ORD-101700,2022-09-18,2022-09-25,Standard Class,Consumer,Ireland,Europe,Office Supplies,Binders,Presentation Binder,2002.71,2,0.0,484.74
ORD-101701,2024-03-26,2024-03-29,Standard Class,Corporate,Mexico,LATAM,Office Supplies,Labels,Barcode Labels,2246.99,4,0.0,-279.97
ORD-101702,2022-08-02,2022-08-05,Standard Class,Home Office,Russia,Europe,Furniture,Chairs,Gaming Chair X,3184.08,3,0.0,1029.61
ORD-101703,2022-03-22,2022-03-24,Standard Class,Consumer,Austria,Europe,Technology,Copiers,Desktop Scanner,1935.75,4,0.15,1327.445
ORD-101704,2023-04-03,2023-04-05,Standard Class,Corporate,Mexico,LATAM,Technology,Machines,Shredder Pro,347.45,1,0.3,1095.3039999999999
ORD-101705,2021-05-30,2021-06-05,Second Class,Home Office,Russia,Europe,Technology,Phones,Headset Premium,3488.7,2,0.0,81.52
ORD-101706,2022-10-28,2022-10-31,Standard Class,Consumer,South Korea,APAC,Technology,Copiers,Multifunction Copier,3358.04,8,0.0,554.66
ORD-101707,2021-11-01,2021-11-06,Second Class,Home Office,Norway,Europe,Furniture,Bookcases,Library Wall Unit,2274.48,1,0.4,832.764
ORD-101708,2021-01-12,2021-01-19,Second Class,Consumer,Brazil,LATAM,Office Supplies,Storage,Shelving Unit,618.62,6,0.5,420.3
ORD-101709,2023-12-14,2023-12-15,Second Class,Corporate,Argentina,LATAM,Furniture,Bookcases,5-Shelf Bookcase,236.41,3,0.3,1047.473
ORD-101710,2021-08-04,2021-08-08,First Class,Corporate,Hungary,Europe,Office Supplies,Fasteners,Paper Clips,2664.66,6,0.0,1180.75
ORD-101711,2024-12-09,2024-12-12,First Class,Corporate,Spain,Europe,Furniture,Chairs,Gaming Chair X,1222.23,7,0.5,-172.375
ORD-101712,2021-08-21,2021-08-24,Standard Class,Corporate,Vietnam,APAC,Furniture,Chairs,Stack Chair Set,154.43,1,0.0,720.16
ORD-101713,2021-10-14,2021-10-18,Standard Class,Consumer,Sweden,Europe,Office Supplies,Paper,Cardstock Pack,494.27,5,0.3,388.13599999999997
ORD-101714,2022-12-19,2022-12-20,Same Day,Consumer,Philippines,APAC,Office Supplies,Storage,Storage Box,1977.37,6,0.0,1628.25
ORD-101715,2023-12-22,2023-12-25,Standard Class,Home Office,Singapore,APAC,Office Supplies,Storage,Shelving Unit,2907.69,8,0.4,-68.32799999999999
ORD-101716,2023-05-21,2023-05-25,First Class,Home Office,UAE,MEA,Furniture,Chairs,Ergo Chair Pro,1014.9,4,0.0,635.09
ORD-101717,2024-12-24,2024-12-30,Standard Class,Consumer,Portugal,Europe,Technology,Copiers,Desktop Scanner,1706.86,5,0.1,373.20300000000003
ORD-101718,2023-03-05,2023-03-07,Standard Class,Consumer,Denmark,Europe,Office Supplies,Art,Art Supplies Kit,934.61,2,0.0,-49.6
ORD-101719,2024-08-05,2024-08-07,Standard Class,Consumer,Norway,Europe,Furniture,Chairs,Gaming Chair X,3266.22,4,0.1,1184.679
ORD-101720,2024-10-31,2024-11-05,Standard Class,Consumer,Denmark,Europe,Office Supplies,Art,Canvas Pack,2170.87,6,0.25,-309.86249999999995
ORD-101721,2022-02-13,2022-02-15,Standard Class,Consumer,Austria,Europe,Office Supplies,Envelopes,Tyvek Envelope,156.1,9,0.5,-195.085
ORD-101722,2024-01-11,2024-01-12,Standard Class,Consumer,Italy,Europe,Office Supplies,Binders,Accordion Folder,1336.61,9,0.3,783.9089999999999
ORD-101723,2024-08-04,2024-08-06,Standard Class,Corporate,Chile,LATAM,Technology,Machines,Postal Scale,1916.41,2,0.15,902.6915
ORD-101724,2022-05-22,2022-05-23,Standard Class,Consumer,Sweden,Europe,Office Supplies,Envelopes,Tyvek Envelope,722.2,3,0.0,-306.41
ORD-101725,2023-01-19,2023-01-26,First Class,Home Office,Ireland,Europe,Office Supplies,Art,Poster Set,1496.65,2,0.1,467.091
ORD-101726,2024-01-27,2024-01-31,Second Class,Consumer,Philippines,APAC,Technology,Phones,Office Phone System,1361.09,6,0.2,1291.928
ORD-101727,2023-03-17,2023-03-18,Standard Class,Consumer,Japan,APAC,Office Supplies,Envelopes,Padded Mailer,3046.8,1,0.0,1213.67
ORD-101728,2023-08-15,2023-08-21,Second Class,Consumer,Norway,Europe,Technology,Accessories,Mouse Wireless,1826.89,9,0.1,1547.181
ORD-101729,2023-01-11,2023-01-18,Second Class,Corporate,Switzerland,Europe,Office Supplies,Binders,Accordion Folder,3168.37,1,0.0,-499.24
ORD-101730,2022-02-19,2022-02-26,Standard Class,Home Office,Denmark,Europe,Office Supplies,Labels,Address Labels,2786.45,4,0.0,899.13
ORD-101731,2024-02-03,2024-02-04,Standard Class,Consumer,South Korea,APAC,Office Supplies,Fasteners,Paper Clips,2181.07,6,0.2,-204.88800000000003
ORD-101732,2022-11-21,2022-11-27,Second Class,Consumer,Norway,Europe,Office Supplies,Supplies,Ruler Set,2287.32,3,0.1,62.06399999999999
ORD-101733,2021-10-31,2021-11-01,First Class,Consumer,Portugal,Europe,Technology,Machines,Laminator Machine,2880.32,4,0.2,312.56
ORD-101734,2021-05-22,2021-05-27,Standard Class,Home Office,Chile,LATAM,Technology,Accessories,Mouse Wireless,1266.27,8,0.5,549.77
ORD-101735,2024-05-16,2024-05-18,Standard Class,Corporate,Netherlands,Europe,Technology,Machines,Shredder Pro,2653.77,1,0.0,1252.17
ORD-101736,2022-06-29,2022-07-01,Standard Class,Consumer,South Korea,APAC,Technology,Accessories,Cable Kit,3379.38,2,0.3,758.5059999999999
ORD-101737,2021-05-27,2021-05-31,Standard Class,Consumer,Greece,Europe,Office Supplies,Labels,Barcode Labels,3376.75,2,0.5,757.325
ORD-101738,2024-04-25,2024-05-01,Standard Class,Consumer,Hungary,Europe,Furniture,Bookcases,5-Shelf Bookcase,3119.09,5,0.1,-152.739
ORD-101739,2023-12-07,2023-12-14,Same Day,Corporate,Argentina,LATAM,Furniture,Tables,Conference Table,3042.71,6,0.5,126.365
ORD-101740,2023-06-18,2023-06-25,Standard Class,Consumer,Colombia,LATAM,Technology,Phones,Wireless Phone Pro,2262.68,8,0.2,-368.168
ORD-101741,2022-04-20,2022-04-23,First Class,Consumer,Belgium,Europe,Furniture,Bookcases,Corner Bookcase,563.31,4,0.4,17.298
ORD-101742,2022-04-10,2022-04-17,First Class,Consumer,Austria,Europe,Furniture,Furnishings,Desk Lamp,1114.91,9,0.0,-467.6
ORD-101743,2021-03-31,2021-04-02,Standard Class,Home Office,Greece,Europe,Technology,Machines,Folding Machine,565.0,7,0.0,168.33
ORD-101744,2024-03-28,2024-04-04,Second Class,Consumer,Sweden,Europe,Furniture,Tables,Standing Desk,528.57,1,0.0,539.27
ORD-101745,2023-03-17,2023-03-19,Standard Class,Home Office,Saudi Arabia,MEA,Furniture,Furnishings,Wall Clock,2750.68,9,0.3,221.018
ORD-101746,2021-03-23,2021-03-27,Standard Class,Corporate,Nigeria,MEA,Office Supplies,Paper,Cardstock Pack,2049.93,3,0.1,-310.92300000000006
ORD-101747,2023-05-14,2023-05-18,Second Class,Corporate,Poland,Europe,Office Supplies,Supplies,Scissors,1364.75,9,0.5,297.67
ORD-101748,2021-10-04,2021-10-05,Standard Class,Corporate,Colombia,LATAM,Office Supplies,Binders,Presentation Binder,769.47,9,0.15,961.401
ORD-101749,2021-03-11,2021-03-15,Standard Class,Consumer,Peru,LATAM,Office Supplies,Paper,Copy Paper A4,501.51,5,0.1,196.317
ORD-101750,2024-07-17,2024-07-22,Standard Class,Corporate,Japan,APAC,Office Supplies,Fasteners,Paper Clips,3464.91,4,0.0,735.92
ORD-101751,2023-02-07,2023-02-14,Second Class,Corporate,Egypt,MEA,Furniture,Furnishings,Wall Clock,947.68,8,0.15,667.5134999999999
ORD-101752,2022-07-07,2022-07-12,Standard Class,Consumer,Israel,MEA,Office Supplies,Supplies,Scissors,1913.16,6,0.25,1162.1775
ORD-101753,2022-05-04,2022-05-11,Second Class,Consumer,Japan,APAC,Office Supplies,Fasteners,Stapler Set,2448.05,8,0.15,698.7425
ORD-101754,2023-11-16,2023-11-20,Standard Class,Home Office,South Korea,APAC,Office Supplies,Envelopes,Business Envelope,3283.9,2,0.15,-350.455
ORD-101755,2023-07-11,2023-07-15,Standard Class,Consumer,Venezuela,LATAM,Office Supplies,Fasteners,Rubber Bands,1588.58,5,0.0,652.35
ORD-101756,2021-08-02,2021-08-08,Standard Class,Consumer,China,APAC,Furniture,Chairs,Ergo Chair Pro,1371.5,1,0.0,1088.17
ORD-101757,2024-11-25,2024-11-29,Standard Class,Consumer,Chile,LATAM,Technology,Accessories,USB Hub,3486.88,9,0.1,-268.97400000000005
ORD-101758,2024-06-21,2024-06-28,Second Class,Consumer,Malaysia,APAC,Furniture,Bookcases,Library Wall Unit,2101.56,7,0.4,779.43
ORD-101759,2021-11-08,2021-11-09,Standard Class,Consumer,Switzerland,Europe,Furniture,Bookcases,5-Shelf Bookcase,3263.47,6,0.15,-89.454
ORD-101760,2022-03-04,2022-03-07,Standard Class,Corporate,United Kingdom,Europe,Technology,Copiers,Desktop Scanner,2830.31,5,0.15,-71.519
ORD-101761,2021-07-20,2021-07-26,Standard Class,Corporate,Czech Republic,Europe,Office Supplies,Paper,Cardstock Pack,1128.06,5,0.0,-276.25
ORD-101762,2024-05-30,2024-06-01,Standard Class,Corporate,Finland,Europe,Technology,Machines,Laminator Machine,1363.88,7,0.2,-100.808
ORD-101763,2024-01-30,2024-01-31,Standard Class,Consumer,Greece,Europe,Technology,Accessories,Cable Kit,2204.11,3,0.0,662.76
ORD-101764,2023-06-02,2023-06-06,Standard Class,Consumer,Switzerland,Europe,Furniture,Furnishings,Desk Lamp,3094.66,1,0.5,852.6
ORD-101765,2023-10-19,2023-10-25,Standard Class,Corporate,Canada,North America,Office Supplies,Envelopes,Tyvek Envelope,2466.1,9,0.0,177.1
ORD-101766,2023-12-28,2023-12-30,Second Class,Consumer,UAE,MEA,Furniture,Furnishings,Plant Holder,1231.25,5,0.25,-86.745
ORD-101767,2022-01-05,2022-01-10,Standard Class,Consumer,Malaysia,APAC,Furniture,Bookcases,Library Wall Unit,65.97,1,0.0,1031.03
ORD-101768,2022-11-01,2022-11-05,Standard Class,Consumer,Norway,Europe,Furniture,Bookcases,5-Shelf Bookcase,1429.74,2,0.15,1125.9185
ORD-101769,2024-02-28,2024-03-04,Standard Class,Consumer,Venezuela,LATAM,Office Supplies,Art,Framed Print,2294.28,2,0.15,-74.086
ORD-101770,2024-09-02,2024-09-04,Same Day,Consumer,Finland,Europe,Furniture,Furnishings,Plant Holder,1343.99,1,0.5,303.94
ORD-101771,2023-06-29,2023-07-04,Second Class,Consumer,United Kingdom,Europe,Office Supplies,Envelopes,Tyvek Envelope,1811.65,4,0.0,772.69
ORD-101772,2022-06-27,2022-07-03,Standard Class,Consumer,Netherlands,Europe,Technology,Phones,Office Phone System,2162.77,1,0.1,-195.75
ORD-101773,2024-04-12,2024-04-16,Standard Class,Consumer,Switzerland,Europe,Furniture,Furnishings,Plant Holder,44.49,4,0.25,1141.8375
ORD-101774,2024-07-28,2024-08-04,Standard Class,Consumer,Denmark,Europe,Technology,Machines,Postal Scale,2285.53,2,0.5,179.245
ORD-101775,2023-07-26,2023-08-02,Second Class,Corporate,Czech Republic,Europe,Office Supplies,Paper,Notebook Set,2348.12,6,0.3,44.604
ORD-101776,2023-02-04,2023-02-07,Standard Class,Consumer,Argentina,LATAM,Office Supplies,Fasteners,Paper Clips,2962.19,9,0.3,910.7419999999998
ORD-101777,2024-11-30,2024-12-07,Second Class,Consumer,Canada,North America,Furniture,Furnishings,Desk Lamp,3239.45,5,0.0,-336.9
ORD-101778,2022-02-03,2022-02-07,Standard Class,Consumer,Spain,Europe,Office Supplies,Binders,3-Ring Binder,1571.78,4,0.0,439.79
ORD-101779,2024-08-15,2024-08-17,Second Class,Consumer,Hungary,Europe,Furniture,Tables,Coffee Table,3222.34,4,0.25,92.3925
ORD-101780,2024-10-19,2024-10-25,Standard Class,Home Office,Switzerland,Europe,Technology,Copiers,Multifunction Copier,2996.6,8,0.1,753.21
ORD-101781,2024-05-07,2024-05-13,Standard Class,Corporate,China,APAC,Technology,Machines,Laminator Machine,2692.07,6,0.4,-277.39799999999997
ORD-101782,2021-08-06,2021-08-10,Standard Class,Consumer,France,Europe,Furniture,Tables,Coffee Table,2766.79,4,0.0,379.19
ORD-101783,2021-10-06,2021-10-11,Same Day,Consumer,Peru,LATAM,Technology,Accessories,Cable Kit,2164.91,9,0.25,170.6775
ORD-101784,2023-02-01,2023-02-08,Standard Class,Corporate,Saudi Arabia,MEA,Office Supplies,Envelopes,Tyvek Envelope,1291.12,6,0.0,559.61
ORD-101785,2021-06-16,2021-06-20,Standard Class,Consumer,Thailand,APAC,Technology,Machines,Laminator Machine,3080.39,4,0.0,583.37
ORD-101786,2023-09-09,2023-09-10,First Class,Consumer,Greece,Europe,Technology,Accessories,Mouse Wireless,399.31,7,0.25,982.7850000000001
ORD-101787,2024-07-19,2024-07-25,Standard Class,Home Office,Malaysia,APAC,Technology,Machines,Folding Machine,3296.19,4,0.1,862.992
ORD-101788,2024-09-12,2024-09-14,Standard Class,Corporate,Greece,Europe,Office Supplies,Binders,3-Ring Binder,2150.37,7,0.15,404.2175
ORD-101789,2023-05-14,2023-05-19,Standard Class,Home Office,Singapore,APAC,Furniture,Furnishings,Filing Cabinet,2970.55,7,0.1,221.616
ORD-101790,2021-05-13,2021-05-20,Same Day,Consumer,Switzerland,Europe,Technology,Phones,Headset Premium,1183.02,8,0.25,545.7225
ORD-101791,2022-11-09,2022-11-10,Second Class,Corporate,Nigeria,MEA,Office Supplies,Storage,Storage Box,3180.48,8,0.5,449.185
ORD-101792,2021-10-29,2021-10-31,Standard Class,Consumer,France,Europe,Office Supplies,Binders,3-Ring Binder,2608.26,7,0.3,1230.6419999999998
ORD-101793,2024-04-14,2024-04-21,Standard Class,Consumer,Vietnam,APAC,Furniture,Chairs,Stack Chair Set,33.01,5,0.15,758.2425
ORD-101794,2023-04-29,2023-05-04,First Class,Consumer,Portugal,Europe,Technology,Accessories,Keyboard Dual,1335.88,4,0.1,902.529
ORD-101795,2023-09-08,2023-09-10,Second Class,Consumer,Chile,LATAM,Technology,Machines,Folding Machine,211.6,7,0.15,912.1775
ORD-101796,2023-04-25,2023-04-29,Second Class,Corporate,France,Europe,Technology,Machines,Shredder Pro,712.13,7,0.25,222.1725
ORD-101797,2024-02-22,2024-02-27,Standard Class,Consumer,Finland,Europe,Furniture,Chairs,Gaming Chair X,2005.62,4,0.3,585.6479999999999
ORD-101798,2024-04-20,2024-04-21,Standard Class,Home Office,Thailand,APAC,Technology,Copiers,Color Laser Copier,1726.36,1,0.15,682.8135
ORD-101799,2023-04-09,2023-04-16,Standard Class,Consumer,Indonesia,APAC,Furniture,Tables,Conference Table,1461.46,6,0.0,-171.92
ORD-101800,2022-05-16,2022-05-22,First Class,Corporate,Germany,Europe,Technology,Accessories,Mouse Wireless,1731.59,1,0.5,873.075
ORD-101801,2021-03-18,2021-03-21,Same Day,Home Office,Philippines,APAC,Furniture,Chairs,Gaming Chair X,2122.8,8,0.4,-64.97999999999999
ORD-101802,2023-04-30,2023-05-02,Second Class,Consumer,Germany,Europe,Technology,Phones,Headset Premium,2171.78,8,0.5,351.11
ORD-101803,2024-11-08,2024-11-11,Standard Class,Corporate,Portugal,Europe,Technology,Accessories,Cable Kit,1094.56,1,0.5,685.025
ORD-101804,2024-12-11,2024-12-15,Standard Class,Corporate,Poland,Europe,Office Supplies,Binders,Presentation Binder,2195.79,4,0.2,1228.392
ORD-101805,2022-03-06,2022-03-07,Standard Class,Consumer,Venezuela,LATAM,Furniture,Bookcases,5-Shelf Bookcase,2514.2,3,0.25,-37.792500000000004
ORD-101806,2024-01-29,2024-01-30,Standard Class,Consumer,Russia,Europe,Office Supplies,Fasteners,Rubber Bands,1804.7,1,0.15,764.7535
ORD-101807,2021-01-15,2021-01-18,Standard Class,Corporate,Singapore,APAC,Office Supplies,Labels,Shipping Labels,1731.49,4,0.0,1631.62
ORD-101808,2024-01-04,2024-01-10,Second Class,Consumer,Indonesia,APAC,Technology,Machines,Shredder Pro,1254.45,7,0.4,752.286
ORD-101809,2021-04-08,2021-04-12,Standard Class,Consumer,Denmark,Europe,Furniture,Chairs,Executive Leather Chair,1870.45,4,0.5,279.86
ORD-101810,2023-11-08,2023-11-10,Standard Class,Corporate,Saudi Arabia,MEA,Furniture,Furnishings,Desk Lamp,1813.84,4,0.15,1.6744999999999999
ORD-101811,2022-11-16,2022-11-22,First Class,Consumer,Netherlands,Europe,Office Supplies,Supplies,Tape Dispenser,876.63,3,0.5,606.665
ORD-101812,2023-08-17,2023-08-22,Same Day,Consumer,Poland,Europe,Technology,Phones,Headset Premium,2544.02,6,0.25,765.42
ORD-101813,2024-01-06,2024-01-08,Standard Class,Corporate,United Kingdom,Europe,Furniture,Tables,Coffee Table,2382.65,5,0.0,348.24
ORD-101814,2023-10-04,2023-10-07,Standard Class,Corporate,Germany,Europe,Technology,Copiers,Multifunction Copier,2271.93,8,0.0,1716.47
ORD-101815,2021-09-09,2021-09-15,Standard Class,Consumer,Malaysia,APAC,Technology,Copiers,Multifunction Copier,2063.67,9,0.15,1291.915
ORD-101816,2023-04-06,2023-04-12,Standard Class,Consumer,Italy,Europe,Technology,Machines,Folding Machine,523.58,7,0.2,-316.144
ORD-101817,2021-11-12,2021-11-13,First Class,Corporate,New Zealand,APAC,Office Supplies,Binders,3-Ring Binder,3385.72,1,0.0,1163.57
ORD-101818,2023-06-27,2023-06-28,Second Class,Home Office,Brazil,LATAM,Technology,Machines,Postal Scale,2269.97,3,0.0,720.45
ORD-101819,2021-09-09,2021-09-15,Standard Class,Consumer,Philippines,APAC,Technology,Accessories,USB Hub,3325.93,5,0.25,-165.21
ORD-101820,2022-07-28,2022-07-31,Standard Class,Corporate,Spain,Europe,Technology,Machines,Shredder Pro,2936.37,4,0.3,-138.789
ORD-101821,2024-10-19,2024-10-24,First Class,Home Office,Chile,LATAM,Furniture,Bookcases,5-Shelf Bookcase,257.1,7,0.25,1151.205
ORD-101822,2023-03-27,2023-03-28,Standard Class,Consumer,Saudi Arabia,MEA,Office Supplies,Paper,Notebook Set,2913.38,9,0.2,865.0799999999999
ORD-101823,2021-12-24,2021-12-29,Standard Class,Consumer,Finland,Europe,Furniture,Bookcases,Library Wall Unit,947.25,2,0.0,371.13
ORD-101824,2022-05-02,2022-05-09,Standard Class,Consumer,Venezuela,LATAM,Technology,Accessories,Mouse Wireless,947.48,2,0.0,1653.24
ORD-101825,2021-05-20,2021-05-27,Standard Class,Consumer,Chile,LATAM,Furniture,Tables,Coffee Table,2845.47,4,0.5,620.1
ORD-101826,2023-02-03,2023-02-05,First Class,Corporate,Peru,LATAM,Furniture,Furnishings,Filing Cabinet,2143.62,6,0.0,1119.48
ORD-101827,2022-05-24,2022-05-27,First Class,Corporate,Malaysia,APAC,Technology,Accessories,USB Hub,1577.32,2,0.0,1069.12
ORD-101828,2022-12-12,2022-12-17,First Class,Consumer,Nigeria,MEA,Furniture,Chairs,Stack Chair Set,3335.15,8,0.5,-204.925
ORD-101829,2022-02-04,2022-02-07,Standard Class,Consumer,Norway,Europe,Office Supplies,Storage,Shelving Unit,2880.82,7,0.2,461.68800000000005
ORD-101830,2024-02-29,2024-03-06,Standard Class,Home Office,Saudi Arabia,MEA,Office Supplies,Binders,Accordion Folder,2179.94,1,0.3,-86.261
ORD-101831,2024-12-12,2024-12-15,Standard Class,Consumer,Denmark,Europe,Technology,Accessories,Keyboard Dual,495.65,6,0.0,519.55
ORD-101832,2024-06-10,2024-06-15,First Class,Consumer,Poland,Europe,Office Supplies,Paper,Copy Paper A4,1228.08,7,0.0,980.38
ORD-101833,2023-09-25,2023-10-01,Standard Class,Home Office,Ireland,Europe,Technology,Copiers,Multifunction Copier,286.5,5,0.0,1262.21
ORD-101834,2021-01-24,2021-01-28,Second Class,Home Office,Romania,Europe,Technology,Phones,Office Phone System,836.98,3,0.0,178.02
ORD-101835,2022-08-12,2022-08-19,Second Class,Consumer,Brazil,LATAM,Office Supplies,Supplies,Scissors,3163.5,3,0.5,504.585
ORD-101836,2024-07-21,2024-07-23,First Class,Corporate,Spain,Europe,Office Supplies,Binders,3-Ring Binder,615.38,2,0.0,65.88
ORD-101837,2021-12-18,2021-12-22,Standard Class,Consumer,Finland,Europe,Technology,Machines,Shredder Pro,2282.79,7,0.0,-10.84
ORD-101838,2021-01-31,2021-02-02,First Class,Consumer,Malaysia,APAC,Office Supplies,Labels,Address Labels,1340.19,9,0.4,686.928
ORD-101839,2021-09-11,2021-09-13,Standard Class,Home Office,Mexico,LATAM,Technology,Phones,Wireless Phone Pro,2351.08,6,0.0,1219.32
ORD-101840,2023-12-30,2024-01-05,Standard Class,Consumer,Austria,Europe,Technology,Accessories,Cable Kit,389.7,2,0.1,1211.445
ORD-101841,2024-12-21,2024-12-26,Standard Class,Consumer,United Kingdom,Europe,Technology,Accessories,Keyboard Dual,1697.44,6,0.15,-219.29999999999998
ORD-101842,2022-10-24,2022-10-27,Standard Class,Corporate,Japan,APAC,Office Supplies,Storage,Storage Box,2662.53,6,0.0,1099.49
ORD-101843,2024-08-13,2024-08-19,Standard Class,Consumer,Thailand,APAC,Furniture,Chairs,Executive Leather Chair,721.24,9,0.0,680.58
ORD-101844,2021-05-06,2021-05-11,Second Class,Home Office,Portugal,Europe,Furniture,Chairs,Ergo Chair Pro,792.49,1,0.3,-311.29699999999997
ORD-101845,2023-03-25,2023-03-31,Same Day,Corporate,Spain,Europe,Technology,Phones,Headset Premium,2976.91,2,0.5,387.52
ORD-101846,2024-03-02,2024-03-06,Standard Class,Corporate,Finland,Europe,Office Supplies,Paper,Notebook Set,1315.16,4,0.1,1446.507
ORD-101847,2023-08-16,2023-08-20,First Class,Consumer,South Africa,MEA,Office Supplies,Paper,Cardstock Pack,2733.38,9,0.0,89.91
ORD-101848,2021-04-02,2021-04-05,Second Class,Consumer,Chile,LATAM,Furniture,Chairs,Ergo Chair Pro,1059.01,2,0.3,1153.187
ORD-101849,2021-04-19,2021-04-26,Standard Class,Corporate,Canada,North America,Furniture,Bookcases,Corner Bookcase,1007.58,4,0.2,985.624
ORD-101850,2024-04-08,2024-04-11,Standard Class,Consumer,Greece,Europe,Technology,Machines,Folding Machine,1734.02,2,0.5,498.615
ORD-101851,2022-07-01,2022-07-04,Standard Class,Consumer,Turkey,MEA,Furniture,Tables,Standing Desk,782.11,6,0.0,1340.94
ORD-101852,2023-03-15,2023-03-19,Standard Class,Consumer,Russia,Europe,Office Supplies,Binders,Accordion Folder,2830.66,5,0.25,-269.46750000000003
ORD-101853,2023-10-15,2023-10-20,Second Class,Home Office,Romania,Europe,Furniture,Furnishings,Wall Clock,185.25,6,0.5,792.24
ORD-101854,2022-01-22,2022-01-23,Standard Class,Consumer,Hungary,Europe,Office Supplies,Supplies,Ruler Set,114.9,6,0.15,691.4834999999999
ORD-101855,2021-12-31,2022-01-06,Standard Class,Corporate,Turkey,MEA,Technology,Copiers,Desktop Scanner,365.41,7,0.0,761.87
ORD-101856,2021-11-26,2021-12-03,First Class,Home Office,Turkey,MEA,Office Supplies,Storage,Shelving Unit,2339.32,3,0.0,1280.81
ORD-101857,2021-01-06,2021-01-11,Standard Class,Home Office,India,APAC,Technology,Accessories,USB Hub,2333.55,2,0.0,940.29
ORD-101858,2022-08-05,2022-08-09,Standard Class,Consumer,Indonesia,APAC,Office Supplies,Paper,Photo Paper,782.87,6,0.0,203.84
ORD-101859,2023-12-29,2023-12-31,Standard Class,Consumer,Venezuela,LATAM,Technology,Copiers,Multifunction Copier,420.59,6,0.4,-264.042
ORD-101860,2021-08-25,2021-08-29,Standard Class,Consumer,South Korea,APAC,Technology,Accessories,Cable Kit,2211.33,6,0.2,294.32
ORD-101861,2022-11-17,2022-11-24,Standard Class,Consumer,Czech Republic,Europe,Furniture,Chairs,Gaming Chair X,486.62,7,0.2,878.1040000000002
ORD-101862,2021-12-30,2022-01-06,Second Class,Home Office,France,Europe,Office Supplies,Binders,Accordion Folder,117.24,1,0.15,1379.907
ORD-101863,2021-07-13,2021-07-18,Same Day,Consumer,Australia,APAC,Office Supplies,Envelopes,Tyvek Envelope,1398.59,8,0.5,558.39
ORD-101864,2023-12-03,2023-12-05,Standard Class,Consumer,Finland,Europe,Technology,Machines,Laminator Machine,3337.46,1,0.3,-17.458
ORD-101865,2023-06-18,2023-06-19,Second Class,Consumer,India,APAC,Office Supplies,Storage,Shelving Unit,3379.63,6,0.15,409.054
ORD-101866,2021-07-22,2021-07-24,Standard Class,Consumer,Romania,Europe,Office Supplies,Binders,Accordion Folder,1692.51,4,0.0,1228.73
ORD-101867,2024-07-20,2024-07-26,Standard Class,Consumer,Netherlands,Europe,Office Supplies,Fasteners,Paper Clips,1124.05,8,0.25,1102.2075
ORD-101868,2021-01-27,2021-01-31,Standard Class,Consumer,Israel,MEA,Furniture,Tables,Standing Desk,2613.94,9,0.4,734.1479999999999
ORD-101869,2024-10-21,2024-10-24,Standard Class,Corporate,Brazil,LATAM,Furniture,Furnishings,Filing Cabinet,1522.59,7,0.25,1327.6125000000002
ORD-101870,2024-08-24,2024-08-29,Standard Class,Consumer,Japan,APAC,Office Supplies,Labels,Shipping Labels,1958.09,5,0.0,-415.39
ORD-101871,2022-09-28,2022-10-05,Standard Class,Consumer,Singapore,APAC,Furniture,Tables,Conference Table,2542.57,3,0.15,1130.857
ORD-101872,2024-09-17,2024-09-24,Second Class,Corporate,Netherlands,Europe,Office Supplies,Paper,Cardstock Pack,1453.08,1,0.2,517.4720000000001
ORD-101873,2021-08-23,2021-08-28,Standard Class,Consumer,Philippines,APAC,Technology,Copiers,Desktop Scanner,113.9,8,0.25,1254.6675
ORD-101874,2022-06-19,2022-06-24,Second Class,Consumer,United States,North America,Furniture,Furnishings,Wall Clock,3168.92,6,0.1,95.409
ORD-101875,2023-04-17,2023-04-24,Second Class,Corporate,Singapore,APAC,Furniture,Bookcases,Corner Bookcase,905.88,5,0.3,358.029
ORD-101876,2023-03-16,2023-03-20,Second Class,Consumer,Canada,North America,Technology,Phones,Office Phone System,551.28,1,0.15,122.264
ORD-101877,2021-08-10,2021-08-15,Standard Class,Corporate,Peru,LATAM,Technology,Phones,Wireless Phone Pro,677.23,3,0.0,-127.87
ORD-101878,2022-01-23,2022-01-30,Standard Class,Consumer,Austria,Europe,Office Supplies,Envelopes,Padded Mailer,2926.22,2,0.0,286.67
ORD-101879,2023-01-30,2023-02-05,Second Class,Consumer,Nigeria,MEA,Furniture,Tables,Standing Desk,2086.58,2,0.2,992.384
ORD-101880,2023-09-01,2023-09-03,Second Class,Consumer,Greece,Europe,Office Supplies,Fasteners,Paper Clips,3076.39,3,0.1,556.686
ORD-101881,2023-09-12,2023-09-18,Standard Class,Consumer,Venezuela,LATAM,Office Supplies,Paper,Notebook Set,2639.29,2,0.0,1281.86
ORD-101882,2024-04-14,2024-04-18,Standard Class,Home Office,South Korea,APAC,Furniture,Tables,Coffee Table,1853.53,3,0.5,388.785
ORD-101883,2021-06-09,2021-06-15,Same Day,Consumer,Philippines,APAC,Office Supplies,Storage,Storage Cabinet,2259.58,2,0.4,-209.634
ORD-101884,2022-01-21,2022-01-22,Standard Class,Consumer,Italy,Europe,Technology,Machines,Postal Scale,2477.99,5,0.0,1241.18
ORD-101885,2023-07-05,2023-07-11,Same Day,Home Office,Romania,Europe,Office Supplies,Paper,Notebook Set,1427.54,3,0.0,1648.38
ORD-101886,2022-03-24,2022-03-28,Standard Class,Consumer,Saudi Arabia,MEA,Office Supplies,Art,Framed Print,1584.48,7,0.0,-333.04
ORD-101887,2024-09-26,2024-09-27,Standard Class,Consumer,Turkey,MEA,Furniture,Bookcases,Corner Bookcase,1375.39,3,0.3,228.92099999999996
ORD-101888,2024-03-12,2024-03-18,Standard Class,Consumer,Canada,North America,Technology,Machines,Laminator Machine,2727.23,9,0.0,-449.74
ORD-101889,2022-05-30,2022-05-31,Standard Class,Corporate,France,Europe,Office Supplies,Envelopes,Padded Mailer,3059.64,6,0.0,261.71
ORD-101890,2024-08-29,2024-09-04,First Class,Consumer,Canada,North America,Technology,Accessories,Keyboard Dual,3254.49,8,0.2,-391.464
ORD-101891,2022-06-19,2022-06-22,Standard Class,Corporate,Austria,Europe,Technology,Copiers,Desktop Scanner,1822.18,1,0.0,1454.4
ORD-101892,2023-11-02,2023-11-03,Standard Class,Corporate,Norway,Europe,Office Supplies,Paper,Notebook Set,366.55,8,0.25,712.0725
ORD-101893,2021-05-21,2021-05-24,Standard Class,Corporate,United Kingdom,Europe,Furniture,Furnishings,Filing Cabinet,3264.83,2,0.4,-233.724
ORD-101894,2024-11-19,2024-11-21,Standard Class,Corporate,Turkey,MEA,Office Supplies,Fasteners,Stapler Set,3344.39,2,0.3,685.4889999999999
ORD-101895,2022-04-08,2022-04-09,First Class,Home Office,Venezuela,LATAM,Furniture,Chairs,Executive Leather Chair,3332.83,9,0.1,623.601
ORD-101896,2021-07-28,2021-08-02,Second Class,Consumer,Thailand,APAC,Office Supplies,Storage,Storage Cabinet,1734.41,1,0.5,378.08
ORD-101897,2021-04-27,2021-05-01,Standard Class,Consumer,India,APAC,Office Supplies,Fasteners,Rubber Bands,2699.13,5,0.0,1407.43
ORD-101898,2022-05-14,2022-05-18,Same Day,Home Office,Turkey,MEA,Furniture,Furnishings,Desk Lamp,535.8,8,0.3,949.816
ORD-101899,2022-09-20,2022-09-23,Standard Class,Home Office,Canada,North America,Office Supplies,Art,Canvas Pack,1612.36,2,0.4,-221.496
ORD-101900,2023-07-01,2023-07-06,Standard Class,Consumer,Russia,Europe,Furniture,Tables,Coffee Table,2567.42,5,0.15,850.2805
ORD-101901,2023-12-04,2023-12-09,Standard Class,Corporate,Peru,LATAM,Technology,Copiers,Multifunction Copier,1746.76,5,0.2,1146.7040000000002
ORD-101902,2024-04-24,2024-05-01,First Class,Corporate,Chile,LATAM,Office Supplies,Art,Art Supplies Kit,600.56,8,0.0,-163.04
ORD-101903,2021-06-12,2021-06-15,Standard Class,Consumer,Italy,Europe,Furniture,Chairs,Ergo Chair Pro,1294.89,3,0.0,638.24
ORD-101904,2022-08-26,2022-08-28,Standard Class,Home Office,Spain,Europe,Furniture,Bookcases,Library Wall Unit,2135.01,2,0.4,986.52
ORD-101905,2024-01-23,2024-01-30,Second Class,Consumer,Czech Republic,Europe,Furniture,Tables,Coffee Table,2222.97,5,0.15,761.2345
ORD-101906,2024-11-10,2024-11-12,Standard Class,Consumer,Canada,North America,Furniture,Chairs,Stack Chair Set,181.32,2,0.0,141.07
ORD-101907,2021-02-13,2021-02-14,Same Day,Consumer,Colombia,LATAM,Technology,Machines,Shredder Pro,283.94,7,0.5,97.76
ORD-101908,2023-06-09,2023-06-10,Standard Class,Home Office,Peru,LATAM,Furniture,Furnishings,Filing Cabinet,224.31,6,0.0,-313.53
ORD-101909,2021-11-17,2021-11-19,Same Day,Consumer,Argentina,LATAM,Office Supplies,Storage,File Cart,2279.12,5,0.0,1519.88
ORD-101910,2021-10-14,2021-10-19,Standard Class,Corporate,Netherlands,Europe,Furniture,Chairs,Gaming Chair X,412.99,5,0.5,-151.795
ORD-101911,2022-05-13,2022-05-20,Second Class,Consumer,Brazil,LATAM,Technology,Phones,Headset Premium,2073.23,4,0.0,-139.43
ORD-101912,2023-11-19,2023-11-25,Standard Class,Corporate,Romania,Europe,Furniture,Chairs,Gaming Chair X,1265.81,4,0.15,749.1645
ORD-101913,2021-01-12,2021-01-14,First Class,Corporate,Romania,Europe,Office Supplies,Storage,Storage Box,401.28,6,0.2,1334.472
ORD-101914,2024-05-15,2024-05-22,First Class,Consumer,Colombia,LATAM,Technology,Machines,Laminator Machine,2573.38,9,0.0,733.6
ORD-101915,2021-11-18,2021-11-22,Standard Class,Home Office,Mexico,LATAM,Technology,Phones,Wireless Phone Pro,487.85,2,0.2,-157.28
ORD-101916,2024-12-22,2024-12-23,Standard Class,Consumer,Romania,Europe,Furniture,Furnishings,Filing Cabinet,1449.05,1,0.0,1237.83
ORD-101917,2021-07-01,2021-07-05,Second Class,Consumer,New Zealand,APAC,Office Supplies,Envelopes,Tyvek Envelope,2810.39,4,0.15,1115.4805
ORD-101918,2023-04-19,2023-04-25,Standard Class,Consumer,Hungary,Europe,Office Supplies,Labels,Barcode Labels,930.31,8,0.1,739.638
ORD-101919,2022-02-10,2022-02-15,Second Class,Consumer,Brazil,LATAM,Technology,Copiers,Multifunction Copier,428.03,4,0.0,1202.12
ORD-101920,2024-11-12,2024-11-18,Standard Class,Corporate,Indonesia,APAC,Office Supplies,Supplies,Ruler Set,675.54,5,0.1,1265.499
ORD-101921,2022-06-02,2022-06-03,First Class,Corporate,Greece,Europe,Office Supplies,Fasteners,Paper Clips,2035.32,5,0.3,-224.44799999999998
ORD-101922,2021-07-01,2021-07-05,Standard Class,Consumer,United States,North America,Furniture,Tables,Coffee Table,400.39,4,0.0,138.52
ORD-101923,2021-05-27,2021-05-28,Standard Class,Home Office,Mexico,LATAM,Technology,Accessories,USB Hub,593.65,5,0.5,116.35
ORD-101924,2022-12-07,2022-12-09,Standard Class,Home Office,Peru,LATAM,Office Supplies,Fasteners,Stapler Set,2296.58,1,0.4,68.80199999999999
ORD-101925,2022-05-08,2022-05-09,Standard Class,Consumer,Italy,Europe,Office Supplies,Supplies,Scissors,1580.14,4,0.3,20.09
ORD-101926,2023-03-30,2023-04-05,First Class,Consumer,Saudi Arabia,MEA,Technology,Phones,Office Phone System,3168.38,7,0.0,340.82
ORD-101927,2022-02-26,2022-03-05,Standard Class,Consumer,Peru,LATAM,Technology,Copiers,Multifunction Copier,1949.27,9,0.0,399.4
ORD-101928,2021-01-11,2021-01-15,Standard Class,Home Office,Vietnam,APAC,Office Supplies,Labels,Shipping Labels,2139.18,9,0.25,1139.8799999999999
ORD-101929,2024-04-02,2024-04-08,Standard Class,Corporate,South Africa,MEA,Furniture,Bookcases,Corner Bookcase,564.66,9,0.15,645.7875
ORD-101930,2021-12-05,2021-12-08,Standard Class,Consumer,Israel,MEA,Technology,Machines,Shredder Pro,226.54,5,0.0,437.64
ORD-101931,2023-03-23,2023-03-29,Standard Class,Consumer,Italy,Europe,Furniture,Bookcases,5-Shelf Bookcase,202.48,9,0.0,629.65
ORD-101932,2022-09-11,2022-09-13,Second Class,Consumer,Czech Republic,Europe,Office Supplies,Supplies,Tape Dispenser,1871.94,6,0.5,647.95
ORD-101933,2024-10-14,2024-10-16,Same Day,Corporate,Switzerland,Europe,Furniture,Furnishings,Plant Holder,527.95,2,0.15,343.3915
ORD-101934,2024-10-05,2024-10-08,Standard Class,Consumer,Singapore,APAC,Technology,Accessories,Mouse Wireless,317.75,5,0.5,207.335
ORD-101935,2022-08-21,2022-08-28,Standard Class,Consumer,South Korea,APAC,Office Supplies,Binders,3-Ring Binder,1042.24,4,0.2,-334.456
ORD-101936,2021-02-25,2021-03-04,First Class,Consumer,Turkey,MEA,Furniture,Tables,Folding Table,3293.94,1,0.3,710.633
ORD-101937,2021-10-30,2021-10-31,Standard Class,Consumer,Indonesia,APAC,Furniture,Bookcases,5-Shelf Bookcase,2989.4,8,0.4,225.31199999999998
ORD-101938,2023-03-03,2023-03-10,Second Class,Consumer,Portugal,Europe,Technology,Accessories,Keyboard Dual,2488.02,5,0.0,982.19
ORD-101939,2024-06-15,2024-06-16,First Class,Corporate,Singapore,APAC,Furniture,Bookcases,Corner Bookcase,2821.45,1,0.0,1719.85
ORD-101940,2021-08-01,2021-08-08,Standard Class,Corporate,Thailand,APAC,Furniture,Furnishings,Filing Cabinet,3235.71,5,0.0,231.47
ORD-101941,2024-04-02,2024-04-06,Standard Class,Consumer,UAE,MEA,Furniture,Bookcases,Library Wall Unit,2790.74,9,0.3,295.981
ORD-101942,2021-03-22,2021-03-29,Standard Class,Consumer,Chile,LATAM,Furniture,Tables,Coffee Table,1289.84,7,0.2,592.72
ORD-101943,2022-12-02,2022-12-03,Standard Class,Consumer,Finland,Europe,Technology,Phones,Office Phone System,1733.78,6,0.3,380.527
ORD-101944,2021-01-16,2021-01-19,Standard Class,Consumer,Netherlands,Europe,Furniture,Furnishings,Desk Lamp,73.96,2,0.0,1102.19
ORD-101945,2023-09-11,2023-09-16,First Class,Corporate,South Korea,APAC,Furniture,Furnishings,Desk Lamp,25.19,3,0.3,1151.808
ORD-101946,2021-09-27,2021-10-03,Standard Class,Home Office,Finland,Europe,Office Supplies,Envelopes,Business Envelope,2206.83,3,0.1,-400.185
ORD-101947,2021-09-24,2021-09-28,Standard Class,Home Office,Switzerland,Europe,Furniture,Chairs,Executive Leather Chair,1073.53,8,0.0,69.52
ORD-101948,2022-03-30,2022-04-02,Standard Class,Home Office,Belgium,Europe,Furniture,Bookcases,Library Wall Unit,2490.96,4,0.25,833.3775
ORD-101949,2021-04-20,2021-04-22,Standard Class,Home Office,Malaysia,APAC,Office Supplies,Supplies,Tape Dispenser,714.65,8,0.4,195.252
ORD-101950,2021-03-20,2021-03-24,First Class,Corporate,Indonesia,APAC,Furniture,Tables,Standing Desk,117.33,6,0.2,-128.17600000000002
ORD-101951,2023-01-14,2023-01-19,Standard Class,Corporate,Spain,Europe,Office Supplies,Supplies,Ruler Set,3112.91,8,0.2,414.85600000000005
ORD-101952,2023-06-27,2023-07-02,First Class,Consumer,Netherlands,Europe,Furniture,Tables,Coffee Table,2582.5,5,0.5,632.26
ORD-101953,2023-04-21,2023-04-24,Second Class,Consumer,United States,North America,Furniture,Tables,Coffee Table,459.38,4,0.0,1614.38
ORD-101954,2021-11-15,2021-11-16,Standard Class,Consumer,Australia,APAC,Technology,Phones,Wireless Phone Pro,3192.09,4,0.0,1596.7
ORD-101955,2021-09-05,2021-09-09,Same Day,Consumer,Finland,Europe,Technology,Phones,Wireless Phone Pro,1241.29,9,0.0,-418.34
ORD-101956,2024-08-22,2024-08-29,Standard Class,Consumer,Czech Republic,Europe,Furniture,Bookcases,5-Shelf Bookcase,1881.72,2,0.0,241.68
ORD-101957,2022-12-24,2022-12-30,Standard Class,Consumer,Ireland,Europe,Furniture,Bookcases,Library Wall Unit,1824.23,2,0.0,-280.64
ORD-101958,2021-12-16,2021-12-22,First Class,Corporate,Brazil,LATAM,Technology,Accessories,Mouse Wireless,2243.6,2,0.2,272.384
ORD-101959,2022-09-10,2022-09-11,First Class,Corporate,Chile,LATAM,Furniture,Bookcases,Corner Bookcase,1517.45,1,0.1,-142.344
ORD-101960,2022-07-01,2022-07-03,Same Day,Home Office,New Zealand,APAC,Office Supplies,Supplies,Ruler Set,1179.83,6,0.0,1418.73
ORD-101961,2021-03-07,2021-03-13,Second Class,Corporate,Sweden,Europe,Furniture,Chairs,Ergo Chair Pro,2313.82,8,0.1,445.40999999999997
ORD-101962,2023-11-03,2023-11-07,Standard Class,Corporate,Hungary,Europe,Technology,Phones,Wireless Phone Pro,1483.02,5,0.2,1041.152
ORD-101963,2021-05-16,2021-05-20,Standard Class,Corporate,Argentina,LATAM,Furniture,Bookcases,5-Shelf Bookcase,2430.53,1,0.0,1086.73
ORD-101964,2023-03-17,2023-03-18,Second Class,Consumer,Nigeria,MEA,Office Supplies,Binders,3-Ring Binder,3071.28,6,0.5,-206.32
ORD-101965,2022-03-27,2022-03-31,Standard Class,Consumer,United States,North America,Technology,Copiers,Color Laser Copier,583.33,7,0.1,311.76
ORD-101966,2023-05-28,2023-06-02,Standard Class,Consumer,Denmark,Europe,Office Supplies,Paper,Copy Paper A4,2692.87,3,0.15,453.05
ORD-101967,2021-10-18,2021-10-23,Standard Class,Corporate,Austria,Europe,Technology,Accessories,Cable Kit,2005.85,3,0.0,339.7
ORD-101968,2021-11-24,2021-11-25,First Class,Corporate,Italy,Europe,Furniture,Bookcases,Corner Bookcase,592.67,9,0.15,-323.034
ORD-101969,2024-10-19,2024-10-24,Standard Class,Corporate,Egypt,MEA,Office Supplies,Storage,Storage Box,1405.53,2,0.2,-129.46400000000003
ORD-101970,2022-10-30,2022-11-06,Same Day,Corporate,Chile,LATAM,Furniture,Chairs,Gaming Chair X,2418.17,3,0.0,-117.37
ORD-101971,2021-03-12,2021-03-17,Standard Class,Corporate,Sweden,Europe,Office Supplies,Art,Canvas Pack,348.21,1,0.0,1017.32
ORD-101972,2023-09-15,2023-09-19,Standard Class,Consumer,Japan,APAC,Technology,Machines,Laminator Machine,2532.76,2,0.2,858.232
ORD-101973,2021-07-18,2021-07-23,Second Class,Consumer,Nigeria,MEA,Furniture,Tables,Folding Table,1062.6,9,0.1,685.476
ORD-101974,2023-10-18,2023-10-24,Standard Class,Corporate,Netherlands,Europe,Office Supplies,Fasteners,Rubber Bands,2205.6,6,0.0,1075.6
ORD-101975,2023-03-18,2023-03-20,Standard Class,Consumer,South Africa,MEA,Technology,Phones,Headset Premium,3334.53,1,0.15,-253.555
ORD-101976,2022-07-11,2022-07-17,First Class,Consumer,Australia,APAC,Office Supplies,Paper,Notebook Set,786.82,1,0.1,482.922
ORD-101977,2024-05-07,2024-05-10,Standard Class,Home Office,Russia,Europe,Technology,Machines,Postal Scale,2208.38,9,0.25,1025.4675
ORD-101978,2021-07-21,2021-07-23,Standard Class,Consumer,Colombia,LATAM,Office Supplies,Binders,3-Ring Binder,1806.46,4,0.2,149.12
ORD-101979,2022-05-19,2022-05-20,First Class,Consumer,Saudi Arabia,MEA,Technology,Phones,Office Phone System,204.27,9,0.1,988.497
ORD-101980,2024-12-23,2024-12-28,Second Class,Corporate,UAE,MEA,Furniture,Tables,Coffee Table,906.82,6,0.0,-260.24
ORD-101981,2022-07-29,2022-08-01,Standard Class,Consumer,Italy,Europe,Technology,Phones,Office Phone System,2690.63,7,0.0,383.64
ORD-101982,2021-09-22,2021-09-25,Standard Class,Corporate,Belgium,Europe,Furniture,Furnishings,Plant Holder,426.99,9,0.5,849.86
ORD-101983,2023-03-05,2023-03-11,Standard Class,Consumer,Greece,Europe,Furniture,Bookcases,Corner Bookcase,2407.71,3,0.3,-143.79399999999998
ORD-101984,2023-06-28,2023-07-03,Standard Class,Consumer,Ireland,Europe,Furniture,Bookcases,5-Shelf Bookcase,3296.51,9,0.4,-88.176
ORD-101985,2022-03-01,2022-03-04,Same Day,Corporate,India,APAC,Furniture,Furnishings,Filing Cabinet,3461.75,1,0.5,496.15
ORD-101986,2023-09-13,2023-09-19,Standard Class,Corporate,Italy,Europe,Furniture,Tables,Standing Desk,724.38,4,0.0,1193.35
ORD-101987,2024-11-30,2024-12-03,Standard Class,Consumer,Argentina,LATAM,Furniture,Chairs,Ergo Chair Pro,914.71,4,0.0,1402.05
ORD-101988,2021-06-04,2021-06-07,Standard Class,Consumer,Vietnam,APAC,Office Supplies,Art,Canvas Pack,1978.17,3,0.5,147.775
ORD-101989,2023-06-11,2023-06-12,Same Day,Home Office,Peru,LATAM,Technology,Machines,Shredder Pro,3184.34,5,0.15,-91.12
ORD-101990,2024-06-01,2024-06-05,Second Class,Corporate,Norway,Europe,Office Supplies,Paper,Copy Paper A4,778.92,3,0.1,324.396
ORD-101991,2024-10-30,2024-11-03,Second Class,Home Office,Chile,LATAM,Furniture,Chairs,Ergo Chair Pro,2681.99,2,0.2,268.536
ORD-101992,2021-03-12,2021-03-13,Standard Class,Corporate,Belgium,Europe,Furniture,Furnishings,Filing Cabinet,3417.69,9,0.0,-170.74
ORD-101993,2022-11-09,2022-11-15,Standard Class,Consumer,Greece,Europe,Technology,Phones,Wireless Phone Pro,1960.93,5,0.2,-285.12
ORD-101994,2022-04-04,2022-04-06,Second Class,Consumer,Brazil,LATAM,Furniture,Furnishings,Wall Clock,1752.89,4,0.0,919.22
ORD-101995,2021-10-08,2021-10-10,Same Day,Home Office,Japan,APAC,Technology,Phones,Headset Premium,857.0,2,0.5,440.82
ORD-101996,2024-10-02,2024-10-08,Standard Class,Home Office,Canada,North America,Office Supplies,Fasteners,Stapler Set,1645.47,4,0.0,1116.31
ORD-101997,2023-03-08,2023-03-10,Standard Class,Corporate,Thailand,APAC,Technology,Accessories,USB Hub,1056.92,8,0.25,407.71500000000003
ORD-101998,2022-08-04,2022-08-06,Standard Class,Consumer,Thailand,APAC,Office Supplies,Envelopes,Tyvek Envelope,1403.66,2,0.25,359.25
ORD-101999,2022-06-13,2022-06-14,Second Class,Consumer,India,APAC,Technology,Phones,Wireless Phone Pro,1923.27,9,0.0,755.29
ORD-102000,2021-07-22,2021-07-24,First Class,Home Office,Saudi Arabia,MEA,Technology,Accessories,Cable Kit,2513.37,6,0.25,26.2275
ORD-102001,2024-09-25,2024-09-26,Standard Class,Consumer,New Zealand,APAC,Office Supplies,Paper,Copy Paper A4,1103.8,3,0.1,-54.693000000000005
ORD-102002,2023-03-26,2023-03-29,Standard Class,Home Office,France,Europe,Office Supplies,Fasteners,Paper Clips,3269.0,7,0.15,-111.49449999999999
ORD-102003,2021-08-10,2021-08-11,Second Class,Corporate,South Africa,MEA,Technology,Machines,Folding Machine,1749.79,1,0.0,125.33
ORD-102004,2022-07-05,2022-07-08,Standard Class,Home Office,India,APAC,Office Supplies,Labels,Shipping Labels,2983.72,3,0.15,282.336
ORD-102005,2021-03-29,2021-04-02,Second Class,Corporate,Finland,Europe,Technology,Machines,Shredder Pro,2732.91,3,0.2,1007.4879999999999
ORD-102006,2022-09-13,2022-09-15,Standard Class,Home Office,Turkey,MEA,Furniture,Furnishings,Wall Clock,1779.58,1,0.25,193.72500000000002
ORD-102007,2023-02-10,2023-02-11,Second Class,Consumer,Chile,LATAM,Office Supplies,Envelopes,Tyvek Envelope,2210.22,9,0.0,236.21
ORD-102008,2021-02-21,2021-02-24,Standard Class,Consumer,Portugal,Europe,Furniture,Bookcases,5-Shelf Bookcase,1247.77,5,0.0,43.91
ORD-102009,2021-08-05,2021-08-10,First Class,Corporate,South Africa,MEA,Furniture,Bookcases,Library Wall Unit,50.33,3,0.2,214.704
ORD-102010,2022-07-15,2022-07-22,Second Class,Consumer,Australia,APAC,Office Supplies,Labels,Address Labels,607.18,1,0.5,811.365
ORD-102011,2021-11-05,2021-11-10,Second Class,Consumer,Portugal,Europe,Technology,Copiers,Multifunction Copier,1735.86,7,0.4,449.55
ORD-102012,2022-03-17,2022-03-18,Standard Class,Consumer,Australia,APAC,Technology,Machines,Postal Scale,575.29,1,0.3,932.869
ORD-102013,2023-03-17,2023-03-24,First Class,Consumer,Poland,Europe,Office Supplies,Labels,Barcode Labels,1543.21,3,0.0,1219.4
ORD-102014,2022-05-03,2022-05-06,First Class,Home Office,Mexico,LATAM,Technology,Accessories,Cable Kit,1341.22,4,0.0,627.46
ORD-102015,2021-09-03,2021-09-08,First Class,Corporate,Ireland,Europe,Technology,Accessories,Mouse Wireless,3348.22,3,0.1,841.1039999999999
ORD-102016,2022-08-02,2022-08-08,Standard Class,Consumer,Chile,LATAM,Furniture,Chairs,Stack Chair Set,1841.39,2,0.0,-431.79
ORD-102017,2021-01-19,2021-01-25,Same Day,Home Office,United States,North America,Furniture,Furnishings,Filing Cabinet,1225.87,2,0.5,729.61
ORD-102018,2022-10-09,2022-10-14,Same Day,Home Office,Saudi Arabia,MEA,Technology,Accessories,Mouse Wireless,2588.87,1,0.0,921.52
ORD-102019,2022-12-02,2022-12-09,Second Class,Consumer,Israel,MEA,Office Supplies,Envelopes,Tyvek Envelope,1642.39,8,0.0,1124.9
ORD-102020,2023-12-04,2023-12-11,Standard Class,Corporate,Israel,MEA,Furniture,Tables,Standing Desk,915.19,2,0.0,327.46
ORD-102021,2023-07-10,2023-07-15,Standard Class,Corporate,Vietnam,APAC,Office Supplies,Labels,Address Labels,3385.02,6,0.0,1397.12
ORD-102022,2022-09-05,2022-09-12,Second Class,Consumer,Portugal,Europe,Technology,Phones,Wireless Phone Pro,67.36,5,0.2,997.648
ORD-102023,2024-02-28,2024-02-29,Standard Class,Corporate,Ireland,Europe,Office Supplies,Supplies,Hole Punch,692.81,9,0.0,1226.5
ORD-102024,2021-02-21,2021-02-22,Second Class,Home Office,Switzerland,Europe,Furniture,Bookcases,Corner Bookcase,1755.22,6,0.15,1366.5874999999999
ORD-102025,2023-01-02,2023-01-07,Second Class,Home Office,Canada,North America,Office Supplies,Binders,Accordion Folder,1970.84,3,0.1,961.1190000000001
ORD-102026,2022-03-14,2022-03-18,Same Day,Consumer,France,Europe,Furniture,Tables,Folding Table,372.31,9,0.15,596.8615
ORD-102027,2023-03-27,2023-04-01,Second Class,Home Office,Poland,Europe,Technology,Phones,Headset Premium,1514.09,6,0.0,1533.59
ORD-102028,2021-11-11,2021-11-12,Second Class,Consumer,United Kingdom,Europe,Furniture,Chairs,Executive Leather Chair,2085.96,5,0.0,1608.57
ORD-102029,2024-10-14,2024-10-19,First Class,Corporate,Sweden,Europe,Technology,Machines,Laminator Machine,681.76,9,0.5,604.865
ORD-102030,2022-07-01,2022-07-03,First Class,Consumer,Singapore,APAC,Office Supplies,Supplies,Hole Punch,1522.49,2,0.5,-144.86
ORD-102031,2024-11-26,2024-12-01,Standard Class,Consumer,Turkey,MEA,Furniture,Tables,Standing Desk,3060.64,8,0.0,1410.75
ORD-102032,2021-08-19,2021-08-22,First Class,Consumer,Mexico,LATAM,Office Supplies,Fasteners,Rubber Bands,904.63,6,0.0,1375.75
ORD-102033,2022-11-25,2022-11-26,First Class,Home Office,Australia,APAC,Furniture,Chairs,Stack Chair Set,1488.29,6,0.3,-179.10899999999998
ORD-102034,2022-10-16,2022-10-23,First Class,Consumer,Peru,LATAM,Furniture,Furnishings,Desk Lamp,2166.95,9,0.3,984.4029999999999
ORD-102035,2021-05-11,2021-05-16,Standard Class,Home Office,Israel,MEA,Office Supplies,Paper,Copy Paper A4,3081.47,6,0.0,94.95
ORD-102036,2022-01-30,2022-02-05,Standard Class,Consumer,Thailand,APAC,Office Supplies,Supplies,Hole Punch,3088.68,9,0.0,1500.12
ORD-102037,2022-12-16,2022-12-23,Same Day,Corporate,Sweden,Europe,Furniture,Chairs,Gaming Chair X,494.97,4,0.0,1325.64
ORD-102038,2024-06-14,2024-06-18,Same Day,Consumer,Switzerland,Europe,Furniture,Bookcases,Library Wall Unit,126.52,2,0.15,1002.8809999999999
ORD-102039,2023-05-20,2023-05-27,Standard Class,Consumer,Ireland,Europe,Office Supplies,Fasteners,Stapler Set,1220.36,1,0.15,-248.84599999999998
ORD-102040,2024-11-26,2024-12-02,Same Day,Consumer,Austria,Europe,Furniture,Bookcases,5-Shelf Bookcase,303.51,7,0.2,1265.9440000000002
ORD-102041,2024-04-20,2024-04-21,Standard Class,Corporate,Argentina,LATAM,Technology,Accessories,Keyboard Dual,944.88,6,0.4,-211.464
ORD-102042,2022-08-30,2022-09-03,Standard Class,Corporate,Hungary,Europe,Furniture,Tables,Coffee Table,1516.92,7,0.2,836.2
ORD-102043,2021-10-09,2021-10-12,Standard Class,Consumer,Indonesia,APAC,Furniture,Tables,Coffee Table,3320.56,4,0.4,40.452
ORD-102044,2023-01-12,2023-01-17,Second Class,Consumer,Romania,Europe,Office Supplies,Labels,Shipping Labels,1905.36,3,0.5,-128.36
ORD-102045,2021-08-07,2021-08-08,Standard Class,Consumer,India,APAC,Office Supplies,Storage,File Cart,172.78,7,0.5,600.405
ORD-102046,2021-07-03,2021-07-08,Standard Class,Corporate,Romania,Europe,Office Supplies,Fasteners,Stapler Set,1753.47,2,0.5,636.945
ORD-102047,2023-02-10,2023-02-16,First Class,Home Office,China,APAC,Office Supplies,Labels,Shipping Labels,410.09,4,0.15,-424.43899999999996
ORD-102048,2022-08-01,2022-08-03,Standard Class,Corporate,Hungary,Europe,Technology,Phones,Headset Premium,1622.46,6,0.0,1573.84
ORD-102049,2021-02-28,2021-03-03,First Class,Consumer,China,APAC,Technology,Machines,Shredder Pro,2458.78,5,0.25,167.58749999999998
ORD-102050,2024-01-13,2024-01-14,First Class,Consumer,China,APAC,Technology,Phones,Wireless Phone Pro,1760.22,7,0.2,895.848
ORD-102051,2022-05-01,2022-05-03,Standard Class,Home Office,South Korea,APAC,Technology,Accessories,Keyboard Dual,990.51,7,0.0,360.44
ORD-102052,2024-07-10,2024-07-17,Same Day,Consumer,Germany,Europe,Furniture,Chairs,Ergo Chair Pro,1369.69,2,0.1,640.98
ORD-102053,2024-08-12,2024-08-15,Standard Class,Consumer,Belgium,Europe,Furniture,Bookcases,Corner Bookcase,1373.89,1,0.4,771.3059999999999
ORD-102054,2022-12-09,2022-12-14,First Class,Consumer,Thailand,APAC,Furniture,Bookcases,Library Wall Unit,1150.47,7,0.5,618.645
ORD-102055,2022-10-26,2022-10-28,Same Day,Consumer,Saudi Arabia,MEA,Office Supplies,Art,Canvas Pack,2131.47,2,0.5,-130.08
ORD-102056,2024-02-23,2024-02-27,Same Day,Consumer,Germany,Europe,Furniture,Tables,Folding Table,2168.01,3,0.3,-346.647
ORD-102057,2023-07-08,2023-07-12,Second Class,Corporate,Israel,MEA,Technology,Machines,Laminator Machine,2474.08,5,0.0,-441.49
ORD-102058,2023-12-15,2023-12-20,Standard Class,Consumer,Singapore,APAC,Furniture,Chairs,Stack Chair Set,3435.45,5,0.1,207.342
ORD-102059,2023-01-24,2023-01-29,Same Day,Home Office,Poland,Europe,Furniture,Bookcases,5-Shelf Bookcase,3482.73,7,0.0,82.73
ORD-102060,2023-08-07,2023-08-13,Second Class,Consumer,India,APAC,Technology,Machines,Folding Machine,3394.12,1,0.0,127.27
ORD-102061,2021-12-13,2021-12-14,Second Class,Corporate,Austria,Europe,Technology,Copiers,Color Laser Copier,1709.54,7,0.4,-151.146
ORD-102062,2021-05-06,2021-05-08,Same Day,Consumer,Thailand,APAC,Technology,Accessories,Mouse Wireless,3219.45,4,0.15,1325.303
ORD-102063,2022-06-21,2022-06-23,First Class,Consumer,Germany,Europe,Technology,Phones,Wireless Phone Pro,1084.06,4,0.0,1036.54
ORD-102064,2023-02-19,2023-02-20,Second Class,Consumer,Indonesia,APAC,Technology,Machines,Folding Machine,1203.11,6,0.0,1734.62
ORD-102065,2023-04-25,2023-04-28,Standard Class,Corporate,Sweden,Europe,Office Supplies,Labels,Barcode Labels,1892.42,3,0.0,230.0
ORD-102066,2024-02-26,2024-03-03,Standard Class,Consumer,UAE,MEA,Furniture,Tables,Coffee Table,2883.93,1,0.0,1406.14
ORD-102067,2023-05-24,2023-05-27,Same Day,Consumer,Czech Republic,Europe,Furniture,Chairs,Gaming Chair X,848.67,8,0.0,940.64
ORD-102068,2022-07-11,2022-07-17,Standard Class,Corporate,Malaysia,APAC,Furniture,Bookcases,Library Wall Unit,1940.8,1,0.5,535.13
ORD-102069,2023-08-15,2023-08-18,First Class,Consumer,Mexico,LATAM,Office Supplies,Fasteners,Paper Clips,2123.07,5,0.4,-147.864
ORD-102070,2023-03-08,2023-03-11,Standard Class,Consumer,Venezuela,LATAM,Technology,Copiers,Desktop Scanner,366.38,8,0.3,383.145
ORD-102071,2022-10-06,2022-10-10,Second Class,Corporate,Saudi Arabia,MEA,Furniture,Tables,Coffee Table,1348.47,9,0.0,1321.84
ORD-102072,2022-04-20,2022-04-25,Second Class,Consumer,Vietnam,APAC,Office Supplies,Fasteners,Rubber Bands,1832.63,8,0.2,1125.288
ORD-102073,2024-05-27,2024-05-29,Second Class,Corporate,Saudi Arabia,MEA,Office Supplies,Labels,Shipping Labels,79.1,5,0.15,455.8295
ORD-102074,2023-06-14,2023-06-20,First Class,Corporate,Indonesia,APAC,Furniture,Bookcases,Library Wall Unit,1978.04,3,0.0,-108.51
ORD-102075,2021-06-04,2021-06-09,Standard Class,Consumer,Israel,MEA,Technology,Phones,Office Phone System,1847.55,3,0.2,613.6080000000001
ORD-102076,2021-08-15,2021-08-19,First Class,Consumer,Indonesia,APAC,Office Supplies,Labels,Address Labels,1183.06,8,0.15,798.915
ORD-102077,2022-04-09,2022-04-10,Second Class,Home Office,Argentina,LATAM,Furniture,Bookcases,5-Shelf Bookcase,1042.52,5,0.0,657.06
ORD-102078,2023-04-08,2023-04-10,Second Class,Corporate,Germany,Europe,Office Supplies,Art,Canvas Pack,3323.15,7,0.2,1201.8
ORD-102079,2024-09-29,2024-10-01,Second Class,Home Office,Philippines,APAC,Furniture,Tables,Folding Table,100.48,9,0.4,613.728
ORD-102080,2022-09-07,2022-09-13,First Class,Corporate,China,APAC,Furniture,Chairs,Ergo Chair Pro,1125.65,6,0.4,192.75
ORD-102081,2024-10-27,2024-11-03,Standard Class,Consumer,Canada,North America,Furniture,Bookcases,5-Shelf Bookcase,3489.48,8,0.2,1283.7040000000002
ORD-102082,2022-01-03,2022-01-06,Second Class,Corporate,Turkey,MEA,Furniture,Tables,Folding Table,1735.81,6,0.0,39.05
ORD-102083,2024-08-03,2024-08-07,Standard Class,Corporate,Vietnam,APAC,Office Supplies,Envelopes,Tyvek Envelope,1463.55,6,0.5,439.075
ORD-102084,2021-10-10,2021-10-16,Standard Class,Corporate,Norway,Europe,Furniture,Chairs,Stack Chair Set,2565.1,9,0.0,-111.15
ORD-102085,2022-06-06,2022-06-07,Second Class,Consumer,Colombia,LATAM,Technology,Copiers,Multifunction Copier,2939.52,5,0.25,339.3825
ORD-102086,2021-03-25,2021-03-27,First Class,Consumer,Portugal,Europe,Technology,Copiers,Multifunction Copier,3273.46,9,0.25,1048.0124999999998
ORD-102087,2022-02-12,2022-02-17,Standard Class,Consumer,Egypt,MEA,Furniture,Bookcases,5-Shelf Bookcase,29.66,8,0.15,1459.2459999999999
ORD-102088,2021-03-26,2021-04-02,Standard Class,Corporate,France,Europe,Technology,Phones,Office Phone System,1258.71,1,0.25,100.39500000000001
ORD-102089,2022-12-22,2022-12-24,First Class,Consumer,Ireland,Europe,Office Supplies,Labels,Barcode Labels,2021.32,1,0.0,982.41
ORD-102090,2024-08-28,2024-09-01,Standard Class,Consumer,Peru,LATAM,Office Supplies,Fasteners,Stapler Set,1007.28,5,0.5,803.265
ORD-102091,2022-04-07,2022-04-08,Standard Class,Corporate,Israel,MEA,Furniture,Chairs,Ergo Chair Pro,3140.11,7,0.0,-366.25
ORD-102092,2024-05-27,2024-05-28,Standard Class,Consumer,India,APAC,Furniture,Chairs,Executive Leather Chair,62.1,5,0.5,-205.085
ORD-102093,2024-06-19,2024-06-20,Standard Class,Corporate,Austria,Europe,Furniture,Furnishings,Wall Clock,2037.82,1,0.15,726.7669999999999
ORD-102094,2022-10-14,2022-10-20,First Class,Corporate,Mexico,LATAM,Technology,Copiers,Desktop Scanner,1562.93,5,0.0,235.66
ORD-102095,2022-12-22,2022-12-26,First Class,Corporate,Austria,Europe,Technology,Phones,Wireless Phone Pro,108.53,9,0.0,422.68
ORD-102096,2023-08-19,2023-08-20,Standard Class,Corporate,Vietnam,APAC,Technology,Phones,Office Phone System,1680.73,1,0.25,128.3475
ORD-102097,2022-08-12,2022-08-15,Standard Class,Consumer,Spain,Europe,Office Supplies,Labels,Address Labels,1875.99,2,0.0,153.72
ORD-102098,2022-08-02,2022-08-07,First Class,Corporate,United Kingdom,Europe,Furniture,Furnishings,Desk Lamp,488.31,4,0.4,782.9039999999999
ORD-102099,2024-04-07,2024-04-12,Standard Class,Consumer,Saudi Arabia,MEA,Office Supplies,Fasteners,Rubber Bands,3322.63,9,0.2,1206.7120000000002
ORD-102100,2024-01-01,2024-01-07,First Class,Consumer,United Kingdom,Europe,Office Supplies,Envelopes,Business Envelope,2267.46,4,0.25,9.33
ORD-102101,2021-05-02,2021-05-03,First Class,Consumer,Ireland,Europe,Technology,Copiers,Color Laser Copier,152.65,5,0.2,-254.816
ORD-102102,2021-06-28,2021-07-05,Second Class,Consumer,Sweden,Europe,Technology,Copiers,Desktop Scanner,2142.14,4,0.4,89.25599999999999
ORD-102103,2021-11-15,2021-11-18,Standard Class,Consumer,Venezuela,LATAM,Furniture,Chairs,Stack Chair Set,122.7,9,0.1,-295.416
ORD-102104,2021-01-25,2021-01-28,First Class,Consumer,Japan,APAC,Office Supplies,Fasteners,Paper Clips,2356.12,4,0.0,34.34
ORD-102105,2022-12-21,2022-12-28,Standard Class,Consumer,Portugal,Europe,Furniture,Furnishings,Desk Lamp,1520.45,1,0.25,607.5
ORD-102106,2024-07-06,2024-07-13,Standard Class,Home Office,Portugal,Europe,Furniture,Tables,Coffee Table,587.78,6,0.4,902.688
ORD-102107,2022-11-25,2022-12-02,Second Class,Home Office,Argentina,LATAM,Office Supplies,Envelopes,Tyvek Envelope,1525.69,2,0.2,-388.704
ORD-102108,2024-10-10,2024-10-11,Second Class,Consumer,Nigeria,MEA,Furniture,Bookcases,5-Shelf Bookcase,2401.83,4,0.0,331.58
ORD-102109,2021-10-10,2021-10-17,Second Class,Corporate,Ireland,Europe,Furniture,Chairs,Stack Chair Set,208.99,4,0.0,1511.53
ORD-102110,2021-08-17,2021-08-20,Standard Class,Consumer,South Africa,MEA,Technology,Accessories,Mouse Wireless,394.51,8,0.0,-499.23
ORD-102111,2023-07-24,2023-07-26,Standard Class,Corporate,Netherlands,Europe,Office Supplies,Envelopes,Padded Mailer,2504.78,3,0.2,1218.824
ORD-102112,2021-04-21,2021-04-23,Same Day,Corporate,Ireland,Europe,Office Supplies,Envelopes,Tyvek Envelope,1236.24,2,0.2,-129.784
ORD-102113,2024-10-30,2024-11-01,Standard Class,Consumer,United Kingdom,Europe,Furniture,Bookcases,Corner Bookcase,3394.5,5,0.0,1749.3
ORD-102114,2024-03-29,2024-03-31,Standard Class,Corporate,United States,North America,Office Supplies,Art,Poster Set,372.74,9,0.4,692.0939999999999
ORD-102115,2023-05-06,2023-05-10,Second Class,Consumer,Hungary,Europe,Office Supplies,Paper,Photo Paper,1123.55,5,0.0,-141.78
ORD-102116,2023-09-18,2023-09-19,Standard Class,Consumer,Vietnam,APAC,Furniture,Furnishings,Wall Clock,1514.17,2,0.2,875.848
ORD-102117,2021-05-29,2021-06-05,Standard Class,Corporate,Netherlands,Europe,Technology,Copiers,Multifunction Copier,2358.31,4,0.0,-127.07
ORD-102118,2021-12-10,2021-12-11,Standard Class,Consumer,France,Europe,Technology,Phones,Wireless Phone Pro,1689.32,5,0.4,8.058
ORD-102119,2021-12-17,2021-12-21,First Class,Consumer,Turkey,MEA,Furniture,Furnishings,Filing Cabinet,1021.26,8,0.1,945.6120000000001
ORD-102120,2024-12-21,2024-12-24,Same Day,Corporate,South Africa,MEA,Furniture,Bookcases,Library Wall Unit,1493.15,9,0.5,165.875
ORD-102121,2021-02-03,2021-02-10,Standard Class,Consumer,Portugal,Europe,Furniture,Bookcases,Corner Bookcase,1307.46,1,0.5,-120.97
ORD-102122,2023-11-25,2023-11-27,Standard Class,Consumer,Ireland,Europe,Office Supplies,Paper,Notebook Set,856.7,6,0.15,79.033
ORD-102123,2023-09-16,2023-09-22,First Class,Consumer,Greece,Europe,Technology,Accessories,USB Hub,1312.92,5,0.0,1535.26
ORD-102124,2024-03-16,2024-03-22,First Class,Consumer,Brazil,LATAM,Furniture,Furnishings,Filing Cabinet,2361.91,6,0.1,787.203
ORD-102125,2022-07-18,2022-07-19,Standard Class,Consumer,Hungary,Europe,Furniture,Chairs,Executive Leather Chair,418.0,1,0.0,917.86
ORD-102126,2022-11-02,2022-11-05,Standard Class,Consumer,Saudi Arabia,MEA,Office Supplies,Binders,Presentation Binder,3436.09,7,0.0,-109.13
ORD-102127,2024-07-30,2024-08-04,Same Day,Consumer,United Kingdom,Europe,Furniture,Bookcases,Corner Bookcase,2316.02,7,0.0,1075.2
ORD-102128,2022-10-20,2022-10-21,Same Day,Corporate,Indonesia,APAC,Office Supplies,Binders,Accordion Folder,1377.16,7,0.2,-259.76
ORD-102129,2023-08-31,2023-09-04,Standard Class,Consumer,Norway,Europe,Furniture,Tables,Folding Table,2626.34,4,0.2,441.424
ORD-102130,2022-04-28,2022-05-04,Second Class,Consumer,India,APAC,Technology,Accessories,USB Hub,948.99,4,0.4,-125.442
ORD-102131,2022-07-30,2022-07-31,Second Class,Corporate,Norway,Europe,Office Supplies,Supplies,Ruler Set,1535.21,3,0.1,644.022
ORD-102132,2023-08-18,2023-08-22,Standard Class,Consumer,Chile,LATAM,Furniture,Chairs,Ergo Chair Pro,1592.2,8,0.25,826.2225000000001
ORD-102133,2022-01-26,2022-01-27,Same Day,Consumer,Poland,Europe,Office Supplies,Envelopes,Business Envelope,1157.38,5,0.3,322.34299999999996
ORD-102134,2022-11-24,2022-11-25,Second Class,Consumer,Italy,Europe,Office Supplies,Storage,Shelving Unit,3140.4,2,0.2,283.632
ORD-102135,2024-03-23,2024-03-30,Standard Class,Home Office,UAE,MEA,Furniture,Tables,Coffee Table,2897.43,9,0.25,1091.7825
ORD-102136,2022-04-28,2022-04-29,First Class,Corporate,Australia,APAC,Technology,Accessories,Mouse Wireless,1591.78,3,0.0,-70.17
ORD-102137,2024-08-03,2024-08-07,Standard Class,Home Office,Switzerland,Europe,Furniture,Furnishings,Plant Holder,594.68,9,0.15,-306.918
ORD-102138,2023-11-17,2023-11-22,Standard Class,Corporate,Indonesia,APAC,Technology,Copiers,Multifunction Copier,1205.47,9,0.0,618.28
ORD-102139,2022-05-17,2022-05-24,Second Class,Corporate,Malaysia,APAC,Office Supplies,Paper,Copy Paper A4,2133.21,4,0.2,-39.304
ORD-102140,2021-07-30,2021-08-06,Standard Class,Consumer,Russia,Europe,Furniture,Tables,Conference Table,2716.48,6,0.0,325.31
ORD-102141,2021-02-22,2021-02-26,First Class,Consumer,Czech Republic,Europe,Office Supplies,Paper,Notebook Set,1363.77,2,0.1,-61.245
ORD-102142,2024-07-03,2024-07-06,Second Class,Home Office,Germany,Europe,Furniture,Bookcases,Corner Bookcase,1122.28,3,0.25,506.28
ORD-102143,2021-04-02,2021-04-06,Second Class,Corporate,India,APAC,Technology,Copiers,Color Laser Copier,2456.43,2,0.0,-336.72
ORD-102144,2022-10-29,2022-11-05,Standard Class,Consumer,Indonesia,APAC,Furniture,Tables,Conference Table,719.02,1,0.3,-337.036
ORD-102145,2021-05-18,2021-05-22,Second Class,Corporate,Australia,APAC,Technology,Machines,Folding Machine,739.66,5,0.0,1171.11
ORD-102146,2021-02-16,2021-02-21,Second Class,Corporate,United States,North America,Furniture,Bookcases,Library Wall Unit,1251.21,6,0.5,49.725
ORD-102147,2023-02-07,2023-02-08,Same Day,Consumer,South Africa,MEA,Office Supplies,Art,Canvas Pack,370.0,2,0.0,653.97
ORD-102148,2023-10-12,2023-10-15,Standard Class,Corporate,China,APAC,Office Supplies,Paper,Cardstock Pack,551.28,4,0.0,-273.88
ORD-102149,2022-09-22,2022-09-23,Standard Class,Consumer,South Korea,APAC,Furniture,Bookcases,5-Shelf Bookcase,381.9,2,0.2,-285.512
ORD-102150,2023-11-22,2023-11-28,Standard Class,Consumer,Poland,Europe,Office Supplies,Binders,Accordion Folder,1861.92,3,0.3,234.15699999999998
ORD-102151,2023-01-26,2023-01-27,First Class,Consumer,Venezuela,LATAM,Furniture,Tables,Folding Table,1361.05,7,0.0,-354.76
ORD-102152,2023-06-13,2023-06-18,First Class,Consumer,Ireland,Europe,Technology,Machines,Folding Machine,949.35,7,0.0,-224.39
ORD-102153,2023-03-25,2023-03-31,Second Class,Home Office,Malaysia,APAC,Office Supplies,Labels,Barcode Labels,595.28,2,0.5,411.69
ORD-102154,2023-07-24,2023-07-29,Second Class,Consumer,Greece,Europe,Technology,Machines,Folding Machine,1627.62,7,0.0,1115.46
ORD-102155,2024-04-23,2024-04-28,Second Class,Corporate,Canada,North America,Furniture,Tables,Conference Table,1455.91,6,0.4,-188.694
ORD-102156,2022-01-27,2022-02-01,Standard Class,Home Office,Nigeria,MEA,Office Supplies,Art,Framed Print,3221.44,3,0.0,1473.32
ORD-102157,2024-08-17,2024-08-22,First Class,Consumer,Japan,APAC,Technology,Phones,Headset Premium,324.13,1,0.4,436.662
ORD-102158,2022-07-02,2022-07-06,First Class,Consumer,UAE,MEA,Technology,Copiers,Desktop Scanner,2766.28,8,0.1,1514.016
ORD-102159,2024-11-29,2024-11-30,Standard Class,Consumer,Saudi Arabia,MEA,Furniture,Furnishings,Desk Lamp,3070.86,3,0.5,99.255
ORD-102160,2021-09-26,2021-10-03,Standard Class,Corporate,Italy,Europe,Technology,Accessories,Keyboard Dual,2324.85,6,0.3,839.097
ORD-102161,2024-11-18,2024-11-20,Standard Class,Corporate,Saudi Arabia,MEA,Office Supplies,Storage,File Cart,124.69,3,0.2,-28.056
ORD-102162,2023-05-17,2023-05-18,Second Class,Home Office,New Zealand,APAC,Technology,Machines,Laminator Machine,1153.52,7,0.0,250.94
ORD-102163,2024-04-07,2024-04-10,Standard Class,Consumer,Australia,APAC,Technology,Copiers,Desktop Scanner,385.08,7,0.15,-205.0625
ORD-102164,2023-05-14,2023-05-20,First Class,Consumer,Australia,APAC,Furniture,Chairs,Ergo Chair Pro,832.81,6,0.0,-35.81
ORD-102165,2021-11-02,2021-11-03,Standard Class,Consumer,Thailand,APAC,Office Supplies,Binders,Presentation Binder,1104.8,7,0.3,480.858
ORD-102166,2023-08-13,2023-08-14,Standard Class,Corporate,Germany,Europe,Technology,Phones,Headset Premium,2606.84,3,0.3,1216.7959999999998
ORD-102167,2021-03-19,2021-03-24,Standard Class,Consumer,Peru,LATAM,Technology,Phones,Headset Premium,2499.12,5,0.0,-252.72
ORD-102168,2023-04-04,2023-04-09,Standard Class,Home Office,Netherlands,Europe,Office Supplies,Storage,Shelving Unit,2426.27,7,0.25,2.205
ORD-102169,2021-07-18,2021-07-25,Same Day,Corporate,Sweden,Europe,Technology,Phones,Office Phone System,1171.83,8,0.0,-19.55
ORD-102170,2023-03-21,2023-03-23,Second Class,Consumer,South Africa,MEA,Furniture,Bookcases,Corner Bookcase,2549.99,6,0.2,792.4720000000001
ORD-102171,2022-11-06,2022-11-13,First Class,Consumer,United States,North America,Technology,Phones,Wireless Phone Pro,1086.28,9,0.15,900.983
ORD-102172,2023-06-22,2023-06-25,First Class,Corporate,UAE,MEA,Office Supplies,Paper,Notebook Set,1057.64,8,0.5,591.165
ORD-102173,2023-11-29,2023-12-02,Standard Class,Consumer,Switzerland,Europe,Office Supplies,Art,Framed Print,1751.49,9,0.4,1029.03
ORD-102174,2021-11-07,2021-11-11,Standard Class,Corporate,Nigeria,MEA,Furniture,Bookcases,5-Shelf Bookcase,3329.43,3,0.3,989.31
ORD-102175,2023-10-10,2023-10-15,Standard Class,Consumer,Spain,Europe,Office Supplies,Paper,Copy Paper A4,2712.31,7,0.1,1215.72
ORD-102176,2023-08-28,2023-09-04,Second Class,Corporate,Saudi Arabia,MEA,Furniture,Tables,Standing Desk,807.55,1,0.0,1533.18
ORD-102177,2024-06-29,2024-07-02,Standard Class,Corporate,South Korea,APAC,Technology,Phones,Headset Premium,1296.17,2,0.4,958.1219999999998
ORD-102178,2021-08-01,2021-08-05,Standard Class,Corporate,Hungary,Europe,Office Supplies,Fasteners,Stapler Set,1945.83,2,0.3,384.643
ORD-102179,2022-12-19,2022-12-21,Standard Class,Consumer,Denmark,Europe,Office Supplies,Fasteners,Rubber Bands,1351.45,7,0.0,-416.52
ORD-102180,2022-01-24,2022-01-31,Standard Class,Corporate,Japan,APAC,Technology,Machines,Laminator Machine,3109.68,2,0.4,126.68399999999998
ORD-102181,2022-02-05,2022-02-09,Standard Class,Consumer,Singapore,APAC,Furniture,Chairs,Ergo Chair Pro,2250.78,5,0.25,338.07
ORD-102182,2022-07-25,2022-07-28,Same Day,Consumer,Portugal,Europe,Office Supplies,Supplies,Tape Dispenser,1375.82,6,0.0,963.13
ORD-102183,2022-11-05,2022-11-12,Second Class,Corporate,Greece,Europe,Furniture,Chairs,Stack Chair Set,1499.31,7,0.5,617.815
ORD-102184,2024-05-03,2024-05-05,Standard Class,Consumer,Poland,Europe,Office Supplies,Binders,Accordion Folder,287.93,7,0.25,313.6425
ORD-102185,2022-05-16,2022-05-23,Same Day,Corporate,Russia,Europe,Furniture,Tables,Standing Desk,2932.9,3,0.4,-280.25399999999996
ORD-102186,2023-04-06,2023-04-08,Standard Class,Home Office,Netherlands,Europe,Office Supplies,Supplies,Scissors,3282.7,8,0.0,892.83
ORD-102187,2022-06-24,2022-06-28,Standard Class,Corporate,India,APAC,Furniture,Bookcases,Library Wall Unit,783.03,4,0.0,1462.83
ORD-102188,2024-04-28,2024-04-30,Standard Class,Home Office,New Zealand,APAC,Furniture,Chairs,Executive Leather Chair,3031.51,9,0.5,816.35
ORD-102189,2021-11-21,2021-11-27,Standard Class,Consumer,Vietnam,APAC,Office Supplies,Storage,Storage Box,813.31,7,0.25,648.75
ORD-102190,2022-09-24,2022-09-27,Standard Class,Consumer,Singapore,APAC,Office Supplies,Binders,Accordion Folder,105.23,5,0.4,583.0559999999999
ORD-102191,2024-02-14,2024-02-19,Standard Class,Consumer,United States,North America,Furniture,Bookcases,Library Wall Unit,2931.74,5,0.2,714.864
ORD-102192,2024-07-18,2024-07-22,Standard Class,Home Office,Australia,APAC,Technology,Phones,Wireless Phone Pro,954.89,5,0.3,962.5349999999999
ORD-102193,2022-05-02,2022-05-03,Same Day,Consumer,Philippines,APAC,Office Supplies,Storage,Storage Box,2917.84,2,0.0,80.68
ORD-102194,2024-01-24,2024-01-31,Second Class,Consumer,Chile,LATAM,Technology,Copiers,Color Laser Copier,458.7,6,0.2,365.696
ORD-102195,2024-11-03,2024-11-07,Standard Class,Consumer,South Africa,MEA,Office Supplies,Binders,Presentation Binder,2659.33,1,0.1,458.739
ORD-102196,2024-05-21,2024-05-26,Standard Class,Consumer,Indonesia,APAC,Technology,Accessories,USB Hub,2848.04,7,0.0,1729.91
ORD-102197,2024-04-29,2024-05-06,Second Class,Consumer,Argentina,LATAM,Office Supplies,Art,Poster Set,2098.93,1,0.0,-490.52
ORD-102198,2021-08-22,2021-08-23,First Class,Corporate,Singapore,APAC,Furniture,Tables,Conference Table,1616.73,4,0.15,359.4565
ORD-102199,2024-11-28,2024-12-02,Second Class,Home Office,Germany,Europe,Office Supplies,Supplies,Hole Punch,2974.51,6,0.0,-209.49
ORD-102200,2021-12-18,2021-12-23,Standard Class,Consumer,Brazil,LATAM,Technology,Phones,Office Phone System,2040.1,4,0.15,177.837
ORD-102201,2023-03-04,2023-03-11,Standard Class,Consumer,Denmark,Europe,Office Supplies,Binders,Accordion Folder,815.53,7,0.5,808.02
ORD-102202,2021-09-27,2021-10-01,First Class,Consumer,France,Europe,Technology,Accessories,Keyboard Dual,1532.15,4,0.0,933.06
ORD-102203,2022-05-03,2022-05-09,Second Class,Home Office,Belgium,Europe,Furniture,Tables,Standing Desk,1498.36,9,0.4,275.508
ORD-102204,2023-02-26,2023-03-01,Standard Class,Corporate,Nigeria,MEA,Furniture,Furnishings,Filing Cabinet,487.05,8,0.2,379.872
ORD-102205,2021-04-14,2021-04-17,Standard Class,Corporate,Argentina,LATAM,Office Supplies,Fasteners,Rubber Bands,1880.73,3,0.0,-403.36
ORD-102206,2023-06-09,2023-06-15,Standard Class,Home Office,South Africa,MEA,Office Supplies,Art,Canvas Pack,1359.64,4,0.4,226.85399999999998
ORD-102207,2023-04-20,2023-04-22,Standard Class,Consumer,Thailand,APAC,Office Supplies,Storage,Storage Cabinet,2350.09,4,0.25,792.2325
ORD-102208,2023-09-02,2023-09-04,First Class,Consumer,Vietnam,APAC,Technology,Accessories,Keyboard Dual,2368.59,9,0.4,778.38
ORD-102209,2023-05-11,2023-05-16,Standard Class,Corporate,United Kingdom,Europe,Office Supplies,Binders,Presentation Binder,231.44,4,0.25,888.6600000000001
ORD-102210,2023-03-07,2023-03-13,Standard Class,Consumer,Venezuela,LATAM,Office Supplies,Labels,Address Labels,2961.83,1,0.5,447.295
ORD-102211,2023-05-29,2023-06-02,Standard Class,Home Office,Spain,Europe,Technology,Accessories,Keyboard Dual,824.89,5,0.15,-259.8195
ORD-102212,2024-09-22,2024-09-23,Standard Class,Corporate,Poland,Europe,Furniture,Tables,Coffee Table,3151.05,4,0.4,1012.362
ORD-102213,2024-02-12,2024-02-19,Second Class,Consumer,Finland,Europe,Office Supplies,Storage,Storage Box,656.4,6,0.3,-303.219
ORD-102214,2023-10-14,2023-10-16,Second Class,Home Office,Canada,North America,Office Supplies,Envelopes,Padded Mailer,574.71,9,0.0,642.59
ORD-102215,2024-02-21,2024-02-28,First Class,Corporate,Netherlands,Europe,Office Supplies,Fasteners,Paper Clips,3419.25,9,0.25,1240.8375
ORD-102216,2022-05-23,2022-05-25,Second Class,Consumer,Mexico,LATAM,Furniture,Bookcases,5-Shelf Bookcase,380.31,1,0.25,-344.3025
ORD-102217,2023-07-25,2023-08-01,Standard Class,Corporate,Czech Republic,Europe,Technology,Machines,Postal Scale,2032.22,3,0.25,1188.5625
ORD-102218,2022-05-29,2022-05-31,Standard Class,Consumer,Japan,APAC,Office Supplies,Labels,Address Labels,1438.73,7,0.0,428.93
ORD-102219,2021-02-25,2021-02-27,Standard Class,Consumer,Turkey,MEA,Furniture,Tables,Standing Desk,1039.21,7,0.5,86.545
ORD-102220,2023-05-11,2023-05-18,Standard Class,Corporate,Norway,Europe,Furniture,Furnishings,Desk Lamp,2397.73,9,0.0,557.38
ORD-102221,2021-01-09,2021-01-16,Second Class,Consumer,Nigeria,MEA,Furniture,Bookcases,5-Shelf Bookcase,1795.93,8,0.5,146.99
ORD-102222,2022-08-18,2022-08-22,Standard Class,Consumer,Venezuela,LATAM,Furniture,Chairs,Stack Chair Set,592.18,9,0.1,520.6949999999999
ORD-102223,2024-10-31,2024-11-01,Same Day,Home Office,Colombia,LATAM,Furniture,Chairs,Stack Chair Set,1111.44,9,0.0,403.76
ORD-102224,2024-08-09,2024-08-15,Second Class,Home Office,Greece,Europe,Furniture,Bookcases,Corner Bookcase,1757.33,2,0.0,952.63
ORD-102225,2022-06-27,2022-07-04,Standard Class,Consumer,Saudi Arabia,MEA,Furniture,Chairs,Ergo Chair Pro,2864.8,9,0.0,1336.21
ORD-102226,2022-06-05,2022-06-12,First Class,Consumer,Thailand,APAC,Furniture,Chairs,Gaming Chair X,2855.19,5,0.0,1442.37
ORD-102227,2023-01-16,2023-01-20,Same Day,Consumer,Greece,Europe,Office Supplies,Storage,Storage Box,3038.72,4,0.5,-183.36
ORD-102228,2021-04-05,2021-04-10,Second Class,Consumer,Belgium,Europe,Furniture,Tables,Conference Table,150.99,6,0.0,700.04
ORD-102229,2021-02-04,2021-02-10,Second Class,Corporate,Peru,LATAM,Office Supplies,Envelopes,Business Envelope,77.88,2,0.0,1232.3
ORD-102230,2024-10-10,2024-10-16,Standard Class,Consumer,Poland,Europe,Furniture,Chairs,Gaming Chair X,2971.89,7,0.3,390.621
ORD-102231,2021-12-28,2021-12-31,Second Class,Consumer,Germany,Europe,Office Supplies,Art,Art Supplies Kit,2969.35,4,0.0,344.4
ORD-102232,2023-06-19,2023-06-23,Standard Class,Consumer,Saudi Arabia,MEA,Technology,Accessories,USB Hub,1907.5,5,0.5,335.355
ORD-102233,2021-06-29,2021-07-05,Standard Class,Corporate,Thailand,APAC,Office Supplies,Paper,Cardstock Pack,3454.66,9,0.0,802.31
ORD-102234,2023-08-23,2023-08-29,Standard Class,Home Office,Thailand,APAC,Furniture,Bookcases,Library Wall Unit,2651.46,7,0.0,-421.76
ORD-102235,2022-02-17,2022-02-23,Standard Class,Consumer,Greece,Europe,Office Supplies,Envelopes,Business Envelope,391.65,7,0.2,-397.48800000000006
ORD-102236,2021-06-05,2021-06-11,Standard Class,Home Office,Norway,Europe,Office Supplies,Envelopes,Padded Mailer,2635.19,2,0.5,-46.505
ORD-102237,2022-12-25,2022-12-29,Standard Class,Consumer,Sweden,Europe,Technology,Accessories,Keyboard Dual,1340.51,7,0.0,-9.82
ORD-102238,2022-10-27,2022-11-03,First Class,Home Office,Czech Republic,Europe,Office Supplies,Envelopes,Tyvek Envelope,2400.03,7,0.4,867.954
ORD-102239,2023-07-25,2023-07-27,Second Class,Consumer,Sweden,Europe,Furniture,Bookcases,5-Shelf Bookcase,575.84,6,0.0,-403.66
ORD-102240,2023-08-28,2023-09-04,Standard Class,Home Office,Austria,Europe,Furniture,Chairs,Executive Leather Chair,1267.36,6,0.1,1477.9530000000002
ORD-102241,2024-01-19,2024-01-24,Standard Class,Corporate,Finland,Europe,Technology,Machines,Shredder Pro,3475.45,1,0.2,-175.46400000000003
ORD-102242,2024-02-03,2024-02-08,Second Class,Consumer,New Zealand,APAC,Office Supplies,Fasteners,Stapler Set,474.93,3,0.5,647.935
ORD-102243,2024-02-10,2024-02-17,Second Class,Consumer,Australia,APAC,Technology,Accessories,Mouse Wireless,620.86,9,0.0,627.23
ORD-102244,2021-12-09,2021-12-15,Standard Class,Corporate,Greece,Europe,Furniture,Tables,Folding Table,21.05,2,0.15,627.334
ORD-102245,2023-05-20,2023-05-23,Standard Class,Corporate,Sweden,Europe,Furniture,Furnishings,Plant Holder,1583.59,4,0.0,169.71
ORD-102246,2024-07-03,2024-07-05,Second Class,Consumer,Australia,APAC,Furniture,Furnishings,Filing Cabinet,63.96,4,0.0,74.86
ORD-102247,2023-10-16,2023-10-17,Second Class,Home Office,Belgium,Europe,Technology,Accessories,Keyboard Dual,2960.31,1,0.4,440.13599999999997
ORD-102248,2023-02-06,2023-02-12,Standard Class,Consumer,Colombia,LATAM,Technology,Phones,Office Phone System,1210.61,6,0.0,843.8
ORD-102249,2024-10-20,2024-10-24,Second Class,Corporate,Italy,Europe,Technology,Phones,Wireless Phone Pro,3176.36,9,0.0,725.06
ORD-102250,2024-08-22,2024-08-27,Second Class,Consumer,United States,North America,Technology,Machines,Postal Scale,3492.9,4,0.25,1232.16
ORD-102251,2024-10-07,2024-10-08,Second Class,Consumer,Ireland,Europe,Furniture,Furnishings,Filing Cabinet,2374.7,4,0.0,54.09
ORD-102252,2022-01-23,2022-01-28,Standard Class,Consumer,Canada,North America,Technology,Phones,Headset Premium,446.7,3,0.5,600.26
ORD-102253,2021-03-21,2021-03-27,Standard Class,Consumer,Germany,Europe,Furniture,Bookcases,5-Shelf Bookcase,2668.08,1,0.0,347.22
ORD-102254,2023-09-09,2023-09-13,Standard Class,Home Office,Norway,Europe,Furniture,Furnishings,Desk Lamp,62.28,4,0.2,51.752
ORD-102255,2023-05-27,2023-06-02,Standard Class,Consumer,Mexico,LATAM,Technology,Machines,Folding Machine,3313.32,9,0.2,1183.4959999999999
ORD-102256,2023-09-14,2023-09-20,Second Class,Consumer,Mexico,LATAM,Furniture,Tables,Standing Desk,1607.98,5,0.2,-207.04000000000002
ORD-102257,2024-03-15,2024-03-20,Standard Class,Corporate,Singapore,APAC,Technology,Phones,Wireless Phone Pro,3298.28,4,0.2,1296.344
ORD-102258,2021-08-05,2021-08-10,Second Class,Consumer,Portugal,Europe,Technology,Phones,Headset Premium,2328.73,3,0.0,1399.37
ORD-102259,2021-02-24,2021-03-01,Standard Class,Consumer,South Africa,MEA,Office Supplies,Supplies,Hole Punch,3359.19,7,0.1,1145.034
ORD-102260,2022-06-01,2022-06-07,Standard Class,Corporate,Brazil,LATAM,Technology,Accessories,Keyboard Dual,1018.34,1,0.4,1063.836
ORD-102261,2023-08-19,2023-08-20,Same Day,Corporate,Philippines,APAC,Office Supplies,Paper,Notebook Set,1395.77,6,0.2,1172.696
ORD-102262,2021-10-29,2021-10-31,Same Day,Home Office,Turkey,MEA,Office Supplies,Fasteners,Stapler Set,1597.81,8,0.2,-117.19200000000001
ORD-102263,2021-04-20,2021-04-26,First Class,Consumer,Russia,Europe,Technology,Phones,Headset Premium,1306.9,8,0.0,795.16
ORD-102264,2023-05-29,2023-05-30,Standard Class,Corporate,United Kingdom,Europe,Furniture,Chairs,Ergo Chair Pro,3196.49,6,0.15,997.5005
ORD-102265,2024-01-21,2024-01-25,Standard Class,Corporate,Portugal,Europe,Furniture,Chairs,Executive Leather Chair,1300.42,5,0.2,309.288
ORD-102266,2024-01-29,2024-02-02,Standard Class,Corporate,Netherlands,Europe,Furniture,Bookcases,Library Wall Unit,266.54,5,0.5,384.265
ORD-102267,2024-03-24,2024-03-26,Standard Class,Consumer,Czech Republic,Europe,Furniture,Furnishings,Wall Clock,1402.49,2,0.0,602.77
ORD-102268,2023-02-04,2023-02-10,First Class,Corporate,Greece,Europe,Furniture,Chairs,Executive Leather Chair,3405.61,6,0.0,-414.39
ORD-102269,2024-10-18,2024-10-19,Standard Class,Consumer,Poland,Europe,Furniture,Furnishings,Desk Lamp,2417.58,5,0.4,1055.022
ORD-102270,2022-11-28,2022-12-03,Second Class,Consumer,India,APAC,Technology,Machines,Postal Scale,3473.01,1,0.25,1136.4
ORD-102271,2021-11-08,2021-11-15,Second Class,Home Office,Netherlands,Europe,Furniture,Bookcases,Library Wall Unit,3049.23,9,0.15,-316.0555
ORD-102272,2023-12-20,2023-12-24,Second Class,Corporate,New Zealand,APAC,Technology,Accessories,Keyboard Dual,1524.7,4,0.5,13.14
ORD-102273,2024-03-22,2024-03-27,Standard Class,Consumer,Peru,LATAM,Furniture,Tables,Conference Table,1420.44,1,0.25,850.2450000000001
ORD-102274,2024-01-25,2024-01-29,Standard Class,Home Office,United Kingdom,Europe,Furniture,Tables,Folding Table,2716.66,5,0.25,-207.48
ORD-102275,2024-10-14,2024-10-17,First Class,Corporate,Saudi Arabia,MEA,Furniture,Chairs,Ergo Chair Pro,2118.0,9,0.4,854.562
ORD-102276,2023-03-16,2023-03-22,Second Class,Corporate,Belgium,Europe,Furniture,Bookcases,Library Wall Unit,1648.84,3,0.0,-477.01
ORD-102277,2023-04-20,2023-04-22,Second Class,Corporate,Colombia,LATAM,Technology,Copiers,Desktop Scanner,2047.59,5,0.5,394.835
ORD-102278,2024-12-30,2025-01-01,Standard Class,Home Office,New Zealand,APAC,Office Supplies,Storage,Storage Box,267.04,9,0.0,-153.49
ORD-102279,2023-03-10,2023-03-11,Standard Class,Corporate,Austria,Europe,Technology,Phones,Office Phone System,1804.72,7,0.0,618.42
ORD-102280,2023-03-22,2023-03-27,Standard Class,Consumer,Colombia,LATAM,Furniture,Tables,Standing Desk,3377.48,3,0.0,272.72
ORD-102281,2022-04-17,2022-04-20,Second Class,Home Office,Austria,Europe,Technology,Phones,Headset Premium,81.62,3,0.4,-190.008
ORD-102282,2024-11-17,2024-11-21,Second Class,Corporate,China,APAC,Technology,Phones,Wireless Phone Pro,187.82,9,0.2,760.4960000000001
ORD-102283,2022-06-15,2022-06-17,First Class,Consumer,Peru,LATAM,Technology,Machines,Postal Scale,68.3,1,0.25,16.11
ORD-102284,2021-05-01,2021-05-08,Standard Class,Consumer,United States,North America,Office Supplies,Art,Canvas Pack,1348.19,2,0.0,-3.97
ORD-102285,2022-07-10,2022-07-15,Standard Class,Home Office,Australia,APAC,Office Supplies,Binders,3-Ring Binder,3461.87,4,0.0,1118.7
ORD-102286,2022-09-25,2022-09-28,Standard Class,Corporate,Germany,Europe,Office Supplies,Art,Framed Print,897.94,8,0.0,1759.04
ORD-102287,2023-03-01,2023-03-06,Same Day,Consumer,Sweden,Europe,Technology,Machines,Laminator Machine,2832.39,7,0.3,869.6519999999999
ORD-102288,2021-03-26,2021-03-28,Standard Class,Consumer,India,APAC,Technology,Copiers,Desktop Scanner,1636.16,3,0.3,-283.129
ORD-102289,2024-11-22,2024-11-27,Standard Class,Consumer,United States,North America,Technology,Phones,Headset Premium,2836.71,2,0.5,534.97
ORD-102290,2022-08-09,2022-08-13,Standard Class,Home Office,France,Europe,Office Supplies,Storage,Storage Cabinet,109.36,8,0.0,536.88
ORD-102291,2022-10-26,2022-11-02,Standard Class,Consumer,Mexico,LATAM,Furniture,Chairs,Ergo Chair Pro,2685.03,2,0.0,571.88
ORD-102292,2021-04-20,2021-04-27,First Class,Consumer,Belgium,Europe,Technology,Accessories,Cable Kit,2722.99,9,0.2,1190.696
ORD-102293,2023-04-16,2023-04-22,Standard Class,Consumer,Poland,Europe,Furniture,Bookcases,Corner Bookcase,1189.59,5,0.3,516.117
ORD-102294,2023-04-25,2023-05-01,Standard Class,Consumer,South Africa,MEA,Office Supplies,Fasteners,Paper Clips,3427.53,2,0.4,586.218
ORD-102295,2022-12-19,2022-12-23,Same Day,Corporate,Romania,Europe,Technology,Machines,Postal Scale,1749.73,8,0.15,-247.979
ORD-102296,2022-05-22,2022-05-25,First Class,Consumer,Egypt,MEA,Furniture,Furnishings,Desk Lamp,737.08,2,0.0,1136.96
ORD-102297,2022-01-11,2022-01-15,First Class,Consumer,Czech Republic,Europe,Office Supplies,Envelopes,Tyvek Envelope,3090.71,1,0.0,213.84
ORD-102298,2023-10-13,2023-10-16,Standard Class,Consumer,Canada,North America,Furniture,Furnishings,Wall Clock,1445.58,2,0.25,923.5500000000001
ORD-102299,2024-01-19,2024-01-25,First Class,Consumer,Norway,Europe,Technology,Phones,Headset Premium,2329.55,1,0.2,1420.432
ORD-102300,2022-05-27,2022-05-29,Standard Class,Corporate,Australia,APAC,Office Supplies,Storage,Storage Box,2660.94,9,0.0,290.13
ORD-102301,2022-05-10,2022-05-15,Second Class,Consumer,Mexico,LATAM,Furniture,Furnishings,Desk Lamp,3161.96,9,0.2,1266.448
ORD-102302,2024-04-12,2024-04-17,Second Class,Consumer,Poland,Europe,Office Supplies,Envelopes,Business Envelope,87.91,6,0.25,991.8075000000001
ORD-102303,2023-07-15,2023-07-21,First Class,Consumer,Mexico,LATAM,Technology,Machines,Shredder Pro,3493.27,7,0.4,-33.065999999999995
ORD-102304,2024-03-29,2024-04-05,Standard Class,Consumer,Philippines,APAC,Office Supplies,Envelopes,Business Envelope,2581.16,7,0.4,469.59
ORD-102305,2024-10-13,2024-10-17,First Class,Consumer,Portugal,Europe,Office Supplies,Art,Canvas Pack,2709.58,9,0.4,106.35
ORD-102306,2022-11-22,2022-11-27,Standard Class,Home Office,New Zealand,APAC,Furniture,Bookcases,Library Wall Unit,1625.55,1,0.25,739.8075
ORD-102307,2021-08-02,2021-08-05,Standard Class,Corporate,Austria,Europe,Office Supplies,Fasteners,Rubber Bands,1936.11,2,0.0,696.41
ORD-102308,2021-01-07,2021-01-08,First Class,Consumer,Nigeria,MEA,Technology,Accessories,USB Hub,3197.13,3,0.4,-280.176
ORD-102309,2022-07-25,2022-07-29,Second Class,Corporate,Switzerland,Europe,Technology,Machines,Laminator Machine,2413.66,5,0.1,714.0960000000001
ORD-102310,2021-01-24,2021-01-25,First Class,Consumer,Portugal,Europe,Technology,Machines,Postal Scale,2567.46,6,0.0,-457.8
ORD-102311,2024-05-23,2024-05-30,Standard Class,Home Office,United States,North America,Furniture,Chairs,Stack Chair Set,712.41,1,0.1,807.3810000000001
ORD-102312,2023-01-15,2023-01-22,Standard Class,Consumer,UAE,MEA,Furniture,Tables,Folding Table,1441.99,4,0.5,305.855
ORD-102313,2022-02-16,2022-02-18,First Class,Corporate,South Africa,MEA,Technology,Copiers,Color Laser Copier,1669.44,9,0.1,622.998
ORD-102314,2021-12-01,2021-12-07,Standard Class,Home Office,United Kingdom,Europe,Office Supplies,Labels,Barcode Labels,1324.7,2,0.0,-59.92
ORD-102315,2024-08-21,2024-08-24,Standard Class,Consumer,Venezuela,LATAM,Technology,Machines,Folding Machine,2322.48,2,0.0,1156.56
ORD-102316,2021-07-20,2021-07-25,Standard Class,Home Office,United Kingdom,Europe,Office Supplies,Labels,Address Labels,1289.3,2,0.0,-442.88
ORD-102317,2022-06-01,2022-06-04,Standard Class,Consumer,Canada,North America,Technology,Machines,Folding Machine,3016.73,8,0.0,-83.14
ORD-102318,2021-01-22,2021-01-27,Second Class,Corporate,Saudi Arabia,MEA,Furniture,Furnishings,Desk Lamp,2966.93,5,0.25,902.985
ORD-102319,2021-02-13,2021-02-19,Second Class,Corporate,Peru,LATAM,Office Supplies,Art,Poster Set,2586.13,4,0.25,76.50750000000001
ORD-102320,2021-09-10,2021-09-15,Standard Class,Home Office,Switzerland,Europe,Office Supplies,Envelopes,Business Envelope,2440.78,2,0.25,77.49
ORD-102321,2023-09-30,2023-10-02,Second Class,Consumer,Germany,Europe,Furniture,Tables,Coffee Table,1109.61,4,0.3,616.574
ORD-102322,2023-09-11,2023-09-13,Standard Class,Home Office,Poland,Europe,Furniture,Chairs,Ergo Chair Pro,2023.63,6,0.0,919.22
ORD-102323,2021-06-05,2021-06-10,Standard Class,Consumer,Singapore,APAC,Furniture,Furnishings,Plant Holder,3035.07,2,0.1,-369.153
ORD-102324,2022-10-30,2022-10-31,Standard Class,Corporate,Chile,LATAM,Technology,Phones,Headset Premium,430.07,4,0.25,1085.1075
ORD-102325,2024-09-01,2024-09-06,Standard Class,Corporate,France,Europe,Office Supplies,Supplies,Tape Dispenser,2697.6,2,0.0,-217.36
ORD-102326,2023-01-03,2023-01-04,Standard Class,Consumer,Romania,Europe,Furniture,Bookcases,Library Wall Unit,928.4,8,0.0,-90.3
ORD-102327,2021-03-18,2021-03-20,First Class,Consumer,Canada,North America,Technology,Copiers,Multifunction Copier,77.04,2,0.0,1665.99
ORD-102328,2022-02-28,2022-03-01,Standard Class,Consumer,Denmark,Europe,Technology,Phones,Headset Premium,259.36,9,0.0,793.94
ORD-102329,2023-07-25,2023-07-31,Second Class,Corporate,Philippines,APAC,Technology,Accessories,Mouse Wireless,650.36,9,0.25,675.9375
ORD-102330,2022-05-01,2022-05-05,First Class,Home Office,Venezuela,LATAM,Office Supplies,Supplies,Ruler Set,1874.64,7,0.4,659.1659999999999
ORD-102331,2024-02-28,2024-03-01,First Class,Corporate,UAE,MEA,Furniture,Chairs,Executive Leather Chair,1372.55,9,0.2,563.488
ORD-102332,2022-02-03,2022-02-07,Standard Class,Corporate,Egypt,MEA,Technology,Phones,Office Phone System,52.36,4,0.0,-463.8
ORD-102333,2022-11-23,2022-11-27,First Class,Consumer,France,Europe,Technology,Machines,Laminator Machine,2221.38,9,0.3,735.5459999999999
ORD-102334,2024-05-05,2024-05-08,Standard Class,Corporate,China,APAC,Office Supplies,Binders,Presentation Binder,955.22,9,0.4,-53.466
ORD-102335,2021-09-12,2021-09-13,Second Class,Home Office,Austria,Europe,Office Supplies,Supplies,Ruler Set,1744.99,5,0.15,340.017
ORD-102336,2021-01-22,2021-01-24,Standard Class,Corporate,Czech Republic,Europe,Technology,Accessories,Keyboard Dual,2184.19,1,0.0,1244.43
ORD-102337,2022-01-19,2022-01-26,Same Day,Consumer,China,APAC,Office Supplies,Supplies,Ruler Set,564.39,8,0.1,692.001
ORD-102338,2023-01-04,2023-01-10,First Class,Home Office,Malaysia,APAC,Office Supplies,Binders,3-Ring Binder,2947.5,1,0.0,1128.08
ORD-102339,2021-11-14,2021-11-18,Standard Class,Home Office,Israel,MEA,Technology,Copiers,Multifunction Copier,1879.91,8,0.25,1039.0049999999999
ORD-102340,2022-12-30,2023-01-03,Standard Class,Consumer,Switzerland,Europe,Furniture,Chairs,Ergo Chair Pro,413.66,9,0.0,1795.77
ORD-102341,2021-05-11,2021-05-13,Standard Class,Home Office,Turkey,MEA,Furniture,Bookcases,Library Wall Unit,1219.28,6,0.0,339.44
ORD-102342,2024-12-22,2024-12-26,Second Class,Home Office,Netherlands,Europe,Office Supplies,Envelopes,Business Envelope,1634.66,5,0.0,1290.73
ORD-102343,2023-05-29,2023-06-05,Second Class,Consumer,Israel,MEA,Furniture,Tables,Conference Table,643.11,5,0.3,-335.84599999999995
ORD-102344,2022-01-16,2022-01-17,Standard Class,Corporate,Poland,Europe,Furniture,Chairs,Gaming Chair X,2259.99,4,0.3,351.33
ORD-102345,2024-03-08,2024-03-12,Second Class,Consumer,Nigeria,MEA,Office Supplies,Storage,Storage Box,2517.18,7,0.15,24.3015
ORD-102346,2021-09-28,2021-10-04,Standard Class,Consumer,Canada,North America,Office Supplies,Supplies,Tape Dispenser,1437.4,9,0.0,963.51
ORD-102347,2023-06-20,2023-06-21,Standard Class,Consumer,Australia,APAC,Technology,Copiers,Multifunction Copier,2199.94,1,0.3,1001.63
ORD-102348,2022-10-12,2022-10-13,Same Day,Consumer,China,APAC,Furniture,Chairs,Ergo Chair Pro,1846.47,5,0.2,527.4720000000001
ORD-102349,2022-05-28,2022-05-31,Standard Class,Corporate,United States,North America,Technology,Machines,Shredder Pro,765.48,6,0.1,-391.59000000000003
ORD-102350,2024-07-28,2024-08-04,Standard Class,Corporate,Sweden,Europe,Furniture,Chairs,Executive Leather Chair,1854.44,4,0.15,1423.1975
ORD-102351,2024-10-17,2024-10-23,First Class,Corporate,Netherlands,Europe,Furniture,Furnishings,Desk Lamp,2826.71,1,0.5,631.855
ORD-102352,2023-03-29,2023-03-31,Standard Class,Consumer,Switzerland,Europe,Furniture,Furnishings,Wall Clock,2061.14,5,0.0,86.5
ORD-102353,2023-07-06,2023-07-08,Second Class,Consumer,Czech Republic,Europe,Technology,Phones,Office Phone System,3112.01,3,0.2,1096.768
ORD-102354,2023-12-26,2023-12-30,Second Class,Consumer,Singapore,APAC,Technology,Copiers,Desktop Scanner,58.79,2,0.3,714.707
ORD-102355,2021-10-16,2021-10-20,Standard Class,Consumer,Belgium,Europe,Office Supplies,Envelopes,Tyvek Envelope,2624.2,4,0.0,240.07
ORD-102356,2022-02-23,2022-02-27,Second Class,Home Office,France,Europe,Office Supplies,Binders,Presentation Binder,2428.96,4,0.0,1403.54
ORD-102357,2023-02-02,2023-02-07,Second Class,Corporate,South Africa,MEA,Office Supplies,Envelopes,Business Envelope,2991.93,4,0.2,78.56
ORD-102358,2022-08-16,2022-08-22,Standard Class,Corporate,Germany,Europe,Office Supplies,Envelopes,Tyvek Envelope,1365.97,4,0.0,-84.1
ORD-102359,2021-12-25,2021-12-31,First Class,Corporate,Egypt,MEA,Technology,Machines,Folding Machine,3213.86,2,0.1,-210.186
ORD-102360,2021-09-16,2021-09-21,Second Class,Corporate,Sweden,Europe,Furniture,Furnishings,Wall Clock,2678.55,5,0.0,1703.21
ORD-102361,2023-11-22,2023-11-25,Standard Class,Corporate,Vietnam,APAC,Technology,Copiers,Multifunction Copier,2199.2,1,0.25,163.425
ORD-102362,2024-02-15,2024-02-17,Standard Class,Consumer,Canada,North America,Technology,Copiers,Color Laser Copier,3443.33,9,0.25,763.9725
ORD-102363,2023-05-11,2023-05-12,Standard Class,Consumer,Egypt,MEA,Furniture,Tables,Folding Table,1776.31,7,0.4,29.375999999999998
ORD-102364,2022-10-18,2022-10-21,Standard Class,Consumer,Netherlands,Europe,Office Supplies,Storage,Storage Cabinet,1935.9,1,0.1,737.937
ORD-102365,2024-02-27,2024-03-02,Standard Class,Consumer,Denmark,Europe,Furniture,Bookcases,Library Wall Unit,449.76,9,0.0,762.61
ORD-102366,2023-08-03,2023-08-04,Standard Class,Consumer,South Africa,MEA,Technology,Phones,Wireless Phone Pro,1028.56,2,0.2,488.904
ORD-102367,2021-05-23,2021-05-30,First Class,Consumer,South Korea,APAC,Technology,Phones,Headset Premium,3222.84,9,0.1,-265.176
ORD-102368,2024-10-21,2024-10-26,First Class,Consumer,Belgium,Europe,Office Supplies,Art,Framed Print,1300.86,1,0.0,-182.24
ORD-102369,2023-09-22,2023-09-28,Standard Class,Consumer,Brazil,LATAM,Office Supplies,Supplies,Scissors,2344.17,6,0.0,1082.6
ORD-102370,2024-12-30,2025-01-06,Standard Class,Home Office,Nigeria,MEA,Office Supplies,Labels,Address Labels,1482.54,7,0.2,-185.60000000000002
ORD-102371,2021-04-07,2021-04-10,Second Class,Home Office,Nigeria,MEA,Office Supplies,Art,Framed Print,2131.41,3,0.4,586.458
ORD-102372,2022-05-02,2022-05-08,Standard Class,Home Office,Mexico,LATAM,Furniture,Chairs,Stack Chair Set,1477.71,7,0.0,171.54
ORD-102373,2024-04-01,2024-04-08,Standard Class,Consumer,Malaysia,APAC,Furniture,Bookcases,5-Shelf Bookcase,3109.06,3,0.2,240.39200000000002
ORD-102374,2024-05-19,2024-05-25,Standard Class,Corporate,France,Europe,Office Supplies,Art,Poster Set,3150.83,5,0.3,928.1859999999999
ORD-102375,2024-01-30,2024-02-06,Same Day,Consumer,Australia,APAC,Furniture,Bookcases,Library Wall Unit,1767.38,7,0.3,-299.082
ORD-102376,2022-11-13,2022-11-14,First Class,Corporate,Turkey,MEA,Technology,Phones,Wireless Phone Pro,3360.6,1,0.25,909.375
ORD-102377,2024-05-14,2024-05-20,Standard Class,Corporate,India,APAC,Furniture,Tables,Standing Desk,1825.69,6,0.0,1333.49
ORD-102378,2023-12-30,2024-01-01,Standard Class,Consumer,New Zealand,APAC,Office Supplies,Supplies,Scissors,1831.05,1,0.0,824.3
ORD-102379,2022-02-28,2022-03-04,Second Class,Consumer,Indonesia,APAC,Technology,Machines,Shredder Pro,578.28,2,0.0,-325.12
ORD-102380,2022-06-18,2022-06-20,Standard Class,Consumer,Chile,LATAM,Furniture,Bookcases,Corner Bookcase,1610.95,4,0.0,-138.29
ORD-102381,2023-10-10,2023-10-12,Standard Class,Consumer,Brazil,LATAM,Office Supplies,Art,Framed Print,3222.06,5,0.2,928.816
ORD-102382,2023-02-09,2023-02-10,Standard Class,Consumer,Peru,LATAM,Office Supplies,Storage,Storage Box,2520.44,3,0.1,473.91300000000007
ORD-102383,2023-02-24,2023-03-02,Standard Class,Consumer,Singapore,APAC,Furniture,Tables,Folding Table,1233.2,1,0.5,692.15
ORD-102384,2023-12-08,2023-12-09,Same Day,Home Office,Denmark,Europe,Furniture,Tables,Conference Table,3275.13,6,0.0,872.7
ORD-102385,2022-08-21,2022-08-26,Standard Class,Corporate,South Africa,MEA,Furniture,Bookcases,5-Shelf Bookcase,1354.53,7,0.3,1030.8129999999999
ORD-102386,2021-01-08,2021-01-12,Second Class,Corporate,France,Europe,Furniture,Chairs,Ergo Chair Pro,2810.88,2,0.0,1741.0
ORD-102387,2023-06-17,2023-06-23,First Class,Home Office,Saudi Arabia,MEA,Office Supplies,Binders,Presentation Binder,1624.21,1,0.1,-400.338
ORD-102388,2023-06-04,2023-06-11,Standard Class,Home Office,Mexico,LATAM,Technology,Phones,Wireless Phone Pro,470.41,9,0.0,306.78
ORD-102389,2021-04-21,2021-04-24,Second Class,Consumer,Peru,LATAM,Technology,Accessories,Cable Kit,2503.61,2,0.5,704.665
ORD-102390,2021-12-04,2021-12-08,Second Class,Consumer,Indonesia,APAC,Furniture,Bookcases,Library Wall Unit,2164.26,7,0.1,399.483
ORD-102391,2021-04-19,2021-04-26,Standard Class,Consumer,Turkey,MEA,Furniture,Furnishings,Wall Clock,232.76,7,0.0,-209.95
ORD-102392,2023-07-22,2023-07-27,Standard Class,Home Office,Italy,Europe,Office Supplies,Envelopes,Padded Mailer,550.7,5,0.0,207.57
ORD-102393,2023-02-19,2023-02-21,Second Class,Consumer,Belgium,Europe,Technology,Phones,Office Phone System,1199.18,5,0.2,1192.656
ORD-102394,2023-01-15,2023-01-22,Second Class,Home Office,UAE,MEA,Technology,Accessories,USB Hub,1431.63,2,0.3,48.713
ORD-102395,2024-02-19,2024-02-22,Standard Class,Consumer,Russia,Europe,Furniture,Bookcases,Library Wall Unit,1404.3,1,0.3,118.28599999999999
ORD-102396,2023-02-16,2023-02-22,Second Class,Consumer,Greece,Europe,Furniture,Furnishings,Desk Lamp,1484.9,7,0.15,504.95950000000005
ORD-102397,2022-03-01,2022-03-08,First Class,Corporate,Czech Republic,Europe,Furniture,Chairs,Gaming Chair X,2545.5,5,0.0,1207.01
ORD-102398,2021-12-24,2021-12-28,Standard Class,Corporate,Norway,Europe,Furniture,Chairs,Stack Chair Set,1844.3,8,0.25,247.38
ORD-102399,2023-05-18,2023-05-19,Second Class,Consumer,Mexico,LATAM,Technology,Accessories,USB Hub,3192.77,4,0.0,-94.88
ORD-102400,2023-05-28,2023-06-02,Second Class,Home Office,Argentina,LATAM,Office Supplies,Fasteners,Rubber Bands,306.76,4,0.0,1388.63
ORD-102401,2021-05-13,2021-05-14,Standard Class,Home Office,Malaysia,APAC,Furniture,Furnishings,Desk Lamp,2034.42,5,0.1,624.5550000000001
ORD-102402,2021-08-27,2021-08-31,First Class,Corporate,Portugal,Europe,Furniture,Bookcases,5-Shelf Bookcase,572.72,1,0.3,697.781
ORD-102403,2024-02-05,2024-02-10,First Class,Consumer,South Africa,MEA,Furniture,Furnishings,Wall Clock,2157.38,9,0.3,129.15699999999998
ORD-102404,2023-12-18,2023-12-24,First Class,Consumer,Canada,North America,Furniture,Tables,Conference Table,2884.11,3,0.0,1161.03
ORD-102405,2024-07-14,2024-07-16,First Class,Consumer,UAE,MEA,Office Supplies,Envelopes,Padded Mailer,2582.89,3,0.0,1134.97
ORD-102406,2022-08-02,2022-08-09,First Class,Consumer,Argentina,LATAM,Furniture,Chairs,Gaming Chair X,2563.1,4,0.5,24.42
ORD-102407,2023-04-20,2023-04-25,Standard Class,Corporate,UAE,MEA,Furniture,Furnishings,Plant Holder,1804.04,7,0.5,20.56
ORD-102408,2023-04-11,2023-04-12,Standard Class,Consumer,Thailand,APAC,Office Supplies,Envelopes,Tyvek Envelope,691.55,1,0.0,799.62
ORD-102409,2022-09-19,2022-09-20,First Class,Consumer,Belgium,Europe,Technology,Machines,Laminator Machine,617.85,1,0.15,102.2635
ORD-102410,2023-01-03,2023-01-09,Standard Class,Consumer,Russia,Europe,Furniture,Bookcases,Corner Bookcase,998.79,2,0.5,160.87
ORD-102411,2021-03-26,2021-03-27,Standard Class,Consumer,Nigeria,MEA,Furniture,Bookcases,Corner Bookcase,3211.95,1,0.3,90.01299999999999
ORD-102412,2022-02-02,2022-02-04,Same Day,Consumer,Singapore,APAC,Technology,Accessories,Cable Kit,2052.8,2,0.5,-37.225
ORD-102413,2022-05-24,2022-05-30,Standard Class,Consumer,Poland,Europe,Furniture,Tables,Folding Table,3257.25,5,0.0,1497.76
ORD-102414,2024-01-26,2024-01-31,Standard Class,Consumer,Chile,LATAM,Technology,Machines,Postal Scale,134.36,4,0.3,1196.6919999999998
ORD-102415,2023-03-07,2023-03-08,Standard Class,Corporate,Poland,Europe,Technology,Phones,Office Phone System,466.71,1,0.1,560.286
ORD-102416,2021-05-18,2021-05-21,First Class,Consumer,Philippines,APAC,Technology,Accessories,Mouse Wireless,521.38,6,0.0,-392.45
ORD-102417,2021-12-05,2021-12-10,Standard Class,Consumer,Japan,APAC,Technology,Copiers,Multifunction Copier,1941.82,4,0.0,711.01
ORD-102418,2021-01-18,2021-01-21,Standard Class,Home Office,India,APAC,Furniture,Chairs,Executive Leather Chair,527.01,3,0.3,104.82499999999999
ORD-102419,2022-09-14,2022-09-20,Same Day,Consumer,Sweden,Europe,Technology,Copiers,Desktop Scanner,2430.66,2,0.15,1420.7749999999999
ORD-102420,2024-11-06,2024-11-13,Standard Class,Consumer,Denmark,Europe,Technology,Accessories,Cable Kit,1142.38,8,0.25,876.0074999999999
ORD-102421,2024-09-04,2024-09-05,Second Class,Home Office,Japan,APAC,Office Supplies,Art,Framed Print,2586.99,4,0.0,41.21
ORD-102422,2021-05-28,2021-05-30,Second Class,Home Office,India,APAC,Furniture,Chairs,Ergo Chair Pro,1475.64,6,0.0,333.5
ORD-102423,2021-03-14,2021-03-18,Second Class,Home Office,Poland,Europe,Office Supplies,Storage,File Cart,530.02,7,0.0,275.86
ORD-102424,2021-02-15,2021-02-17,Same Day,Corporate,Hungary,Europe,Furniture,Furnishings,Filing Cabinet,2271.91,5,0.0,1708.4
ORD-102425,2024-11-18,2024-11-24,Standard Class,Home Office,UAE,MEA,Furniture,Bookcases,5-Shelf Bookcase,2844.25,9,0.1,523.827
ORD-102426,2022-02-16,2022-02-22,Second Class,Home Office,Hungary,Europe,Technology,Machines,Shredder Pro,2789.09,3,0.0,1052.62
ORD-102427,2024-10-14,2024-10-19,Standard Class,Corporate,Hungary,Europe,Furniture,Tables,Folding Table,3038.23,4,0.4,753.576
ORD-102428,2023-11-27,2023-11-30,Second Class,Corporate,India,APAC,Technology,Phones,Headset Premium,3293.97,7,0.3,-55.692
ORD-102429,2021-10-15,2021-10-18,Same Day,Consumer,Colombia,LATAM,Office Supplies,Supplies,Tape Dispenser,3078.65,8,0.5,7.225
ORD-102430,2021-03-28,2021-03-29,Standard Class,Consumer,Netherlands,Europe,Technology,Accessories,Mouse Wireless,2625.03,1,0.15,974.8054999999999
ORD-102431,2021-01-30,2021-02-02,Standard Class,Consumer,United Kingdom,Europe,Office Supplies,Art,Art Supplies Kit,2141.64,7,0.25,1342.9575
ORD-102432,2023-03-18,2023-03-24,Standard Class,Corporate,France,Europe,Furniture,Tables,Coffee Table,2984.69,1,0.3,704.305
ORD-102433,2021-04-24,2021-04-25,Same Day,Consumer,Belgium,Europe,Technology,Machines,Folding Machine,1760.03,6,0.0,1214.0
ORD-102434,2024-10-12,2024-10-18,Standard Class,Consumer,Australia,APAC,Furniture,Chairs,Executive Leather Chair,2547.02,3,0.0,771.53
ORD-102435,2024-05-13,2024-05-16,Standard Class,Consumer,Egypt,MEA,Furniture,Furnishings,Filing Cabinet,3445.07,3,0.2,818.848
ORD-102436,2022-08-02,2022-08-09,First Class,Home Office,Czech Republic,Europe,Furniture,Bookcases,Corner Bookcase,2076.09,2,0.0,248.14
ORD-102437,2024-08-25,2024-08-27,Standard Class,Consumer,Romania,Europe,Furniture,Tables,Folding Table,2730.74,6,0.0,-82.23
ORD-102438,2021-01-26,2021-01-31,Standard Class,Corporate,Greece,Europe,Technology,Machines,Folding Machine,779.16,5,0.0,139.39
ORD-102439,2021-01-25,2021-01-27,First Class,Home Office,United Kingdom,Europe,Technology,Phones,Headset Premium,1943.47,2,0.4,647.364
ORD-102440,2024-06-25,2024-07-02,Standard Class,Home Office,Malaysia,APAC,Furniture,Furnishings,Wall Clock,2206.38,4,0.0,416.48
ORD-102441,2023-12-21,2023-12-26,Standard Class,Consumer,Ireland,Europe,Office Supplies,Supplies,Ruler Set,1152.25,9,0.0,-359.62
ORD-102442,2024-06-01,2024-06-04,First Class,Home Office,Netherlands,Europe,Office Supplies,Storage,Storage Cabinet,1403.47,7,0.4,-136.416
ORD-102443,2023-12-11,2023-12-18,Standard Class,Consumer,Venezuela,LATAM,Technology,Copiers,Color Laser Copier,79.82,5,0.2,-290.2
ORD-102444,2022-12-05,2022-12-08,Second Class,Home Office,Spain,Europe,Office Supplies,Storage,Shelving Unit,739.98,5,0.4,330.522
ORD-102445,2022-06-14,2022-06-16,First Class,Corporate,Czech Republic,Europe,Technology,Copiers,Color Laser Copier,3085.93,3,0.1,267.885
ORD-102446,2023-07-04,2023-07-07,Standard Class,Consumer,Australia,APAC,Technology,Phones,Office Phone System,1249.53,5,0.5,157.015
ORD-102447,2023-01-31,2023-02-07,Standard Class,Home Office,Peru,LATAM,Furniture,Furnishings,Wall Clock,3156.04,8,0.25,-35.0625
ORD-102448,2024-04-05,2024-04-07,Same Day,Corporate,Vietnam,APAC,Office Supplies,Envelopes,Padded Mailer,3070.77,5,0.2,-317.824
ORD-102449,2023-06-24,2023-06-27,Standard Class,Consumer,Colombia,LATAM,Technology,Copiers,Multifunction Copier,1272.26,8,0.5,425.18
ORD-102450,2021-12-09,2021-12-12,Standard Class,Consumer,Argentina,LATAM,Technology,Machines,Folding Machine,3172.5,8,0.15,-317.934
ORD-102451,2024-10-11,2024-10-17,Standard Class,Consumer,China,APAC,Furniture,Bookcases,Corner Bookcase,2061.16,6,0.5,374.945
ORD-102452,2024-08-06,2024-08-07,Standard Class,Home Office,Belgium,Europe,Technology,Accessories,Keyboard Dual,1044.19,3,0.2,933.96
ORD-102453,2024-10-15,2024-10-22,Second Class,Corporate,Nigeria,MEA,Technology,Machines,Postal Scale,13.46,8,0.0,1288.32
ORD-102454,2024-09-14,2024-09-18,First Class,Consumer,Saudi Arabia,MEA,Office Supplies,Fasteners,Rubber Bands,1400.1,3,0.2,1286.296
ORD-102455,2022-09-05,2022-09-12,Second Class,Corporate,United Kingdom,Europe,Technology,Copiers,Color Laser Copier,34.4,7,0.5,805.5
ORD-102456,2023-09-30,2023-10-06,Standard Class,Home Office,Argentina,LATAM,Furniture,Furnishings,Desk Lamp,48.58,2,0.5,250.565
ORD-102457,2023-02-04,2023-02-11,First Class,Consumer,Russia,Europe,Office Supplies,Envelopes,Tyvek Envelope,2457.32,3,0.3,178.94099999999997
ORD-102458,2022-06-12,2022-06-18,Standard Class,Consumer,Spain,Europe,Office Supplies,Labels,Barcode Labels,2403.25,1,0.0,-35.55
ORD-102459,2024-11-16,2024-11-20,Standard Class,Home Office,Venezuela,LATAM,Office Supplies,Fasteners,Stapler Set,344.55,4,0.0,539.07
ORD-102460,2024-09-02,2024-09-05,Standard Class,Corporate,Thailand,APAC,Furniture,Bookcases,Library Wall Unit,1075.13,5,0.0,-123.89
ORD-102461,2021-08-01,2021-08-06,Second Class,Consumer,Romania,Europe,Technology,Machines,Postal Scale,510.73,1,0.5,792.81
ORD-102462,2024-09-30,2024-10-01,Second Class,Corporate,Chile,LATAM,Office Supplies,Envelopes,Business Envelope,3296.2,1,0.3,1013.7819999999999
ORD-102463,2022-08-13,2022-08-19,Standard Class,Consumer,Canada,North America,Technology,Phones,Wireless Phone Pro,2884.38,7,0.3,-43.147999999999996
ORD-102464,2022-02-06,2022-02-08,First Class,Home Office,Spain,Europe,Technology,Phones,Wireless Phone Pro,2868.51,6,0.5,726.825
ORD-102465,2021-05-30,2021-06-01,Second Class,Corporate,Peru,LATAM,Office Supplies,Paper,Notebook Set,2824.36,1,0.0,-247.77
ORD-102466,2024-05-06,2024-05-11,Standard Class,Corporate,Sweden,Europe,Technology,Machines,Laminator Machine,1149.05,9,0.4,599.136
ORD-102467,2022-07-15,2022-07-21,Standard Class,Home Office,Chile,LATAM,Technology,Copiers,Desktop Scanner,2136.86,2,0.4,-169.968
ORD-102468,2022-06-15,2022-06-20,Second Class,Home Office,United States,North America,Furniture,Furnishings,Wall Clock,3488.95,6,0.5,-117.5
ORD-102469,2023-04-22,2023-04-29,Second Class,Home Office,Belgium,Europe,Office Supplies,Binders,Accordion Folder,2236.28,8,0.5,536.575
ORD-102470,2024-10-25,2024-10-26,Same Day,Home Office,China,APAC,Office Supplies,Binders,Presentation Binder,616.57,7,0.0,1361.28
ORD-102471,2021-10-11,2021-10-15,Standard Class,Home Office,Philippines,APAC,Technology,Phones,Office Phone System,2349.0,5,0.15,752.76
ORD-102472,2021-04-29,2021-05-02,Second Class,Consumer,Turkey,MEA,Furniture,Tables,Conference Table,247.79,4,0.3,165.571
ORD-102473,2022-01-29,2022-02-02,Standard Class,Home Office,Italy,Europe,Technology,Phones,Wireless Phone Pro,1948.74,8,0.1,416.403
ORD-102474,2022-02-03,2022-02-08,Second Class,Consumer,India,APAC,Office Supplies,Storage,Storage Cabinet,2882.95,8,0.25,635.145
ORD-102475,2022-05-28,2022-06-03,Second Class,Home Office,Ireland,Europe,Furniture,Furnishings,Filing Cabinet,1183.09,2,0.4,233.33999999999997
ORD-102476,2021-04-16,2021-04-19,First Class,Home Office,Israel,MEA,Furniture,Chairs,Ergo Chair Pro,1001.89,6,0.5,99.565
ORD-102477,2024-07-11,2024-07-13,Second Class,Corporate,Belgium,Europe,Technology,Accessories,USB Hub,2852.73,5,0.0,1063.08
ORD-102478,2024-11-12,2024-11-17,Second Class,Corporate,Italy,Europe,Furniture,Tables,Coffee Table,2943.97,8,0.2,942.7120000000001
ORD-102479,2022-08-31,2022-09-06,Standard Class,Consumer,Czech Republic,Europe,Technology,Accessories,USB Hub,1435.47,1,0.3,-146.23
ORD-102480,2024-09-26,2024-10-02,Standard Class,Home Office,Thailand,APAC,Technology,Phones,Office Phone System,3025.61,1,0.15,49.045
ORD-102481,2021-12-14,2021-12-19,Standard Class,Home Office,Israel,MEA,Office Supplies,Labels,Shipping Labels,2316.0,2,0.0,1780.22
ORD-102482,2021-03-20,2021-03-23,Same Day,Corporate,Portugal,Europe,Technology,Phones,Headset Premium,728.38,9,0.5,498.795
ORD-102483,2021-08-06,2021-08-10,Standard Class,Consumer,Mexico,LATAM,Technology,Accessories,Mouse Wireless,1187.58,1,0.25,1345.4775
ORD-102484,2021-07-01,2021-07-02,Standard Class,Consumer,Czech Republic,Europe,Office Supplies,Art,Poster Set,272.38,5,0.25,261.96750000000003
ORD-102485,2021-07-12,2021-07-15,Standard Class,Corporate,Romania,Europe,Technology,Phones,Headset Premium,2186.59,7,0.15,1194.522
ORD-102486,2021-08-10,2021-08-12,First Class,Home Office,United Kingdom,Europe,Furniture,Bookcases,Library Wall Unit,659.59,8,0.4,-106.58399999999999
ORD-102487,2022-10-12,2022-10-17,Standard Class,Consumer,Spain,Europe,Technology,Copiers,Desktop Scanner,111.9,8,0.5,-86.53
ORD-102488,2023-10-27,2023-11-02,Second Class,Consumer,Spain,Europe,Office Supplies,Labels,Address Labels,2247.32,8,0.15,1062.194
ORD-102489,2023-04-04,2023-04-11,Standard Class,Consumer,Denmark,Europe,Furniture,Chairs,Stack Chair Set,311.09,6,0.0,447.71
ORD-102490,2021-10-30,2021-11-05,Standard Class,Consumer,Italy,Europe,Office Supplies,Paper,Copy Paper A4,792.86,4,0.5,248.42
ORD-102491,2022-01-03,2022-01-10,Second Class,Consumer,Argentina,LATAM,Technology,Phones,Office Phone System,544.37,4,0.25,1053.9375
ORD-102492,2022-10-31,2022-11-06,Standard Class,Consumer,Belgium,Europe,Furniture,Furnishings,Wall Clock,3028.27,7,0.1,-292.70700000000005
ORD-102493,2024-12-06,2024-12-08,Second Class,Corporate,Philippines,APAC,Furniture,Tables,Folding Table,882.97,9,0.0,-472.45
ORD-102494,2023-06-19,2023-06-26,Second Class,Consumer,Peru,LATAM,Technology,Machines,Folding Machine,2940.22,9,0.1,1472.598
ORD-102495,2024-04-27,2024-04-30,Second Class,Corporate,Portugal,Europe,Technology,Machines,Laminator Machine,726.56,7,0.4,-207.72
ORD-102496,2021-11-08,2021-11-14,Standard Class,Corporate,Vietnam,APAC,Technology,Accessories,USB Hub,1388.67,7,0.1,209.96099999999998
ORD-102497,2021-10-27,2021-11-01,Standard Class,Home Office,South Africa,MEA,Furniture,Furnishings,Filing Cabinet,1197.6,1,0.4,996.1619999999999
ORD-102498,2022-05-10,2022-05-15,First Class,Corporate,Hungary,Europe,Furniture,Bookcases,Corner Bookcase,3143.85,8,0.3,893.361
ORD-102499,2023-05-29,2023-06-01,Same Day,Consumer,Japan,APAC,Technology,Phones,Wireless Phone Pro,3228.54,5,0.0,564.84
ORD-102500,2023-01-06,2023-01-13,Standard Class,Consumer,Italy,Europe,Furniture,Bookcases,5-Shelf Bookcase,2971.75,3,0.3,413.38499999999993
ORD-102501,2023-07-26,2023-07-27,First Class,Corporate,Spain,Europe,Furniture,Chairs,Stack Chair Set,3240.6,8,0.0,1175.65
ORD-102502,2021-10-09,2021-10-15,Standard Class,Consumer,New Zealand,APAC,Office Supplies,Storage,Shelving Unit,2544.32,9,0.0,827.74
ORD-102503,2023-12-08,2023-12-09,Standard Class,Corporate,Vietnam,APAC,Technology,Copiers,Desktop Scanner,467.6,8,0.2,778.616
ORD-102504,2021-04-24,2021-04-28,Standard Class,Consumer,Austria,Europe,Furniture,Chairs,Ergo Chair Pro,779.09,5,0.0,-383.62
ORD-102505,2024-07-21,2024-07-27,Standard Class,Consumer,China,APAC,Office Supplies,Art,Framed Print,1749.97,1,0.0,1348.92
ORD-102506,2024-09-17,2024-09-19,Standard Class,Corporate,Sweden,Europe,Office Supplies,Art,Canvas Pack,1442.75,5,0.0,1524.08
ORD-102507,2023-05-20,2023-05-25,First Class,Home Office,Canada,North America,Office Supplies,Storage,Storage Box,747.49,8,0.2,-264.312
ORD-102508,2023-07-19,2023-07-25,Standard Class,Consumer,United Kingdom,Europe,Technology,Phones,Office Phone System,1700.64,3,0.5,766.725
ORD-102509,2023-05-27,2023-05-29,First Class,Corporate,Indonesia,APAC,Office Supplies,Paper,Photo Paper,3157.5,6,0.4,473.83799999999997
ORD-102510,2023-05-15,2023-05-16,Second Class,Consumer,Venezuela,LATAM,Technology,Copiers,Multifunction Copier,2240.65,8,0.2,25.232
ORD-102511,2024-10-10,2024-10-12,Same Day,Consumer,Philippines,APAC,Technology,Accessories,Cable Kit,3023.22,4,0.0,-317.11
ORD-102512,2022-11-01,2022-11-03,Second Class,Corporate,Indonesia,APAC,Office Supplies,Art,Canvas Pack,1165.24,4,0.5,9.56
ORD-102513,2022-07-10,2022-07-11,First Class,Consumer,Indonesia,APAC,Technology,Machines,Laminator Machine,3074.42,3,0.0,201.01
ORD-102514,2021-11-20,2021-11-26,Standard Class,Consumer,Greece,Europe,Office Supplies,Fasteners,Stapler Set,2394.49,8,0.15,660.9939999999999
ORD-102515,2023-11-11,2023-11-15,Second Class,Consumer,Canada,North America,Furniture,Bookcases,Corner Bookcase,675.43,3,0.5,509.135
ORD-102516,2024-08-04,2024-08-06,Second Class,Corporate,Malaysia,APAC,Furniture,Chairs,Gaming Chair X,3392.75,3,0.25,1040.5725
ORD-102517,2024-01-21,2024-01-25,Standard Class,Consumer,UAE,MEA,Furniture,Tables,Coffee Table,2714.26,7,0.0,324.43
ORD-102518,2024-02-21,2024-02-26,Standard Class,Corporate,Chile,LATAM,Furniture,Chairs,Executive Leather Chair,1540.37,9,0.0,-280.57
ORD-102519,2021-11-09,2021-11-16,Same Day,Home Office,Hungary,Europe,Furniture,Furnishings,Wall Clock,63.31,1,0.0,1735.19
ORD-102520,2024-10-18,2024-10-20,Standard Class,Consumer,Austria,Europe,Furniture,Bookcases,5-Shelf Bookcase,2145.81,6,0.0,1785.35
ORD-102521,2021-10-21,2021-10-23,Standard Class,Corporate,Portugal,Europe,Technology,Phones,Office Phone System,1382.41,4,0.25,568.605
ORD-102522,2023-08-15,2023-08-16,Same Day,Home Office,UAE,MEA,Office Supplies,Storage,Shelving Unit,841.37,3,0.25,1238.0774999999999
ORD-102523,2021-10-26,2021-10-29,Standard Class,Corporate,Spain,Europe,Office Supplies,Binders,Presentation Binder,2619.44,8,0.0,540.68
ORD-102524,2024-03-01,2024-03-05,Standard Class,Corporate,Mexico,LATAM,Furniture,Tables,Conference Table,2169.06,4,0.5,275.455
ORD-102525,2021-06-27,2021-06-30,First Class,Home Office,Singapore,APAC,Furniture,Chairs,Executive Leather Chair,2461.21,4,0.2,1363.736
ORD-102526,2021-11-11,2021-11-17,Standard Class,Consumer,France,Europe,Furniture,Bookcases,Library Wall Unit,2769.29,7,0.2,1241.976
ORD-102527,2023-06-01,2023-06-07,Second Class,Corporate,Canada,North America,Technology,Accessories,USB Hub,3488.46,7,0.5,525.375
ORD-102528,2023-06-03,2023-06-05,Standard Class,Corporate,Sweden,Europe,Furniture,Furnishings,Filing Cabinet,2710.68,1,0.25,287.4225
ORD-102529,2024-08-28,2024-09-02,Second Class,Corporate,Romania,Europe,Office Supplies,Envelopes,Tyvek Envelope,206.22,8,0.0,-491.31
ORD-102530,2023-11-30,2023-12-02,Second Class,Consumer,Chile,LATAM,Office Supplies,Supplies,Scissors,866.31,6,0.4,446.328
ORD-102531,2024-02-03,2024-02-04,Standard Class,Consumer,Austria,Europe,Technology,Machines,Postal Scale,211.65,7,0.25,1125.1125000000002
ORD-102532,2023-03-25,2023-03-27,Standard Class,Corporate,Argentina,LATAM,Technology,Accessories,Keyboard Dual,1092.76,6,0.0,523.6
ORD-102533,2024-11-25,2024-11-30,Same Day,Corporate,Nigeria,MEA,Technology,Accessories,Keyboard Dual,3182.9,3,0.1,288.81
ORD-102534,2021-11-01,2021-11-04,First Class,Corporate,China,APAC,Furniture,Furnishings,Wall Clock,191.06,4,0.0,1797.52
ORD-102535,2023-02-15,2023-02-19,First Class,Corporate,Singapore,APAC,Furniture,Furnishings,Desk Lamp,2718.57,1,0.15,1479.765
ORD-102536,2021-08-05,2021-08-06,Standard Class,Consumer,United Kingdom,Europe,Office Supplies,Binders,3-Ring Binder,1751.21,5,0.25,-76.3425
ORD-102537,2021-05-05,2021-05-08,Standard Class,Consumer,United Kingdom,Europe,Furniture,Furnishings,Plant Holder,2250.52,3,0.3,687.9669999999999
ORD-102538,2021-06-26,2021-07-03,Standard Class,Consumer,Austria,Europe,Office Supplies,Paper,Photo Paper,17.26,4,0.3,1151.983
ORD-102539,2022-05-02,2022-05-03,Standard Class,Corporate,Malaysia,APAC,Furniture,Furnishings,Plant Holder,2784.16,2,0.15,1494.9545
ORD-102540,2023-05-18,2023-05-21,Standard Class,Home Office,Canada,North America,Technology,Machines,Folding Machine,1579.88,7,0.15,165.3675
ORD-102541,2023-11-20,2023-11-27,Standard Class,Consumer,Italy,Europe,Furniture,Bookcases,Corner Bookcase,394.19,4,0.5,678.36
ORD-102542,2021-04-28,2021-05-01,Standard Class,Corporate,Malaysia,APAC,Technology,Accessories,Cable Kit,1118.92,5,0.25,115.755
ORD-102543,2024-07-27,2024-08-02,Standard Class,Home Office,Italy,Europe,Office Supplies,Storage,Storage Box,3099.23,1,0.3,624.771
ORD-102544,2023-01-24,2023-01-29,Standard Class,Consumer,China,APAC,Office Supplies,Envelopes,Business Envelope,1992.43,6,0.0,1799.48
ORD-102545,2024-04-20,2024-04-24,Standard Class,Consumer,Israel,MEA,Furniture,Tables,Conference Table,1773.99,6,0.0,-486.56
ORD-102546,2023-07-15,2023-07-21,First Class,Consumer,Czech Republic,Europe,Office Supplies,Binders,3-Ring Binder,3044.03,9,0.0,394.63
ORD-102547,2024-05-19,2024-05-26,Standard Class,Consumer,Czech Republic,Europe,Technology,Machines,Postal Scale,2215.42,7,0.25,1203.945
ORD-102548,2022-10-28,2022-11-02,First Class,Consumer,United States,North America,Technology,Phones,Headset Premium,1570.38,7,0.5,-45.665
ORD-102549,2022-03-21,2022-03-26,Second Class,Consumer,Greece,Europe,Furniture,Tables,Standing Desk,535.66,1,0.0,753.12
ORD-102550,2023-12-01,2023-12-06,Standard Class,Home Office,Norway,Europe,Office Supplies,Fasteners,Rubber Bands,1977.57,5,0.5,427.835
ORD-102551,2023-04-30,2023-05-07,Standard Class,Corporate,Norway,Europe,Furniture,Tables,Folding Table,1008.92,6,0.5,277.545
ORD-102552,2023-12-13,2023-12-20,Standard Class,Home Office,Norway,Europe,Technology,Copiers,Multifunction Copier,2774.37,1,0.0,1549.23
ORD-102553,2022-02-04,2022-02-10,First Class,Corporate,Israel,MEA,Furniture,Chairs,Gaming Chair X,60.4,5,0.0,1298.83
ORD-102554,2022-08-15,2022-08-21,Standard Class,Consumer,Finland,Europe,Technology,Accessories,Keyboard Dual,552.24,7,0.0,783.04
ORD-102555,2022-11-12,2022-11-15,Second Class,Corporate,Sweden,Europe,Furniture,Chairs,Gaming Chair X,1775.83,2,0.0,-41.46
ORD-102556,2022-06-18,2022-06-19,Same Day,Consumer,United Kingdom,Europe,Furniture,Chairs,Executive Leather Chair,3122.16,6,0.3,1032.794
ORD-102557,2024-06-18,2024-06-23,First Class,Consumer,Greece,Europe,Furniture,Tables,Standing Desk,517.76,3,0.1,-272.556
ORD-102558,2023-08-18,2023-08-22,Second Class,Home Office,Thailand,APAC,Technology,Phones,Headset Premium,3470.61,3,0.2,-123.456
ORD-102559,2022-05-14,2022-05-17,Standard Class,Consumer,Netherlands,Europe,Office Supplies,Labels,Address Labels,1084.2,5,0.3,220.21299999999997
ORD-102560,2023-10-28,2023-11-01,Standard Class,Home Office,Egypt,MEA,Furniture,Furnishings,Desk Lamp,1333.55,9,0.4,219.03
ORD-102561,2024-01-11,2024-01-16,Second Class,Home Office,Canada,North America,Furniture,Chairs,Gaming Chair X,1067.18,6,0.25,271.125
ORD-102562,2022-03-02,2022-03-05,First Class,Home Office,Chile,LATAM,Furniture,Tables,Standing Desk,1142.72,7,0.5,-157.835
ORD-102563,2021-06-28,2021-06-30,Standard Class,Corporate,Japan,APAC,Furniture,Chairs,Stack Chair Set,2003.74,7,0.4,806.256
ORD-102564,2024-10-13,2024-10-14,Standard Class,Home Office,Thailand,APAC,Office Supplies,Labels,Barcode Labels,820.72,3,0.5,603.125
ORD-102565,2021-03-27,2021-03-30,Standard Class,Corporate,Switzerland,Europe,Furniture,Furnishings,Wall Clock,2018.04,3,0.5,386.28
ORD-102566,2022-04-10,2022-04-13,Standard Class,Corporate,United Kingdom,Europe,Furniture,Tables,Standing Desk,2513.53,6,0.1,-108.91799999999999
ORD-102567,2021-05-04,2021-05-09,First Class,Consumer,Romania,Europe,Technology,Phones,Wireless Phone Pro,1559.52,1,0.25,291.2025
ORD-102568,2023-07-20,2023-07-26,Standard Class,Corporate,Australia,APAC,Office Supplies,Supplies,Scissors,782.85,7,0.4,168.456
ORD-102569,2023-05-31,2023-06-02,Standard Class,Corporate,Italy,Europe,Furniture,Bookcases,Library Wall Unit,141.29,9,0.1,-172.73700000000002
ORD-102570,2024-05-11,2024-05-15,Standard Class,Corporate,Romania,Europe,Furniture,Chairs,Stack Chair Set,489.87,3,0.4,502.36199999999997
ORD-102571,2022-07-01,2022-07-02,Second Class,Consumer,Sweden,Europe,Office Supplies,Envelopes,Tyvek Envelope,1423.74,3,0.0,-355.84
ORD-102572,2023-10-27,2023-11-03,Standard Class,Consumer,India,APAC,Technology,Machines,Laminator Machine,1037.54,9,0.4,-45.425999999999995
ORD-102573,2022-07-07,2022-07-10,Standard Class,Consumer,Argentina,LATAM,Technology,Machines,Postal Scale,2359.81,3,0.0,1356.13
ORD-102574,2022-08-11,2022-08-15,Standard Class,Corporate,Venezuela,LATAM,Technology,Accessories,Cable Kit,2929.46,8,0.0,386.96
ORD-102575,2021-01-23,2021-01-25,Standard Class,Consumer,Austria,Europe,Technology,Machines,Folding Machine,2112.37,1,0.2,106.072
ORD-102576,2021-04-14,2021-04-18,Second Class,Consumer,Greece,Europe,Furniture,Furnishings,Plant Holder,1319.3,5,0.0,606.11
ORD-102577,2022-01-28,2022-01-31,Same Day,Consumer,Poland,Europe,Furniture,Tables,Coffee Table,1010.07,6,0.2,841.04
ORD-102578,2024-05-24,2024-05-30,Same Day,Consumer,New Zealand,APAC,Furniture,Furnishings,Wall Clock,2531.48,1,0.25,-362.235
ORD-102579,2021-12-07,2021-12-08,Standard Class,Home Office,Israel,MEA,Technology,Copiers,Color Laser Copier,122.26,1,0.15,19.261
ORD-102580,2022-03-10,2022-03-12,First Class,Consumer,Sweden,Europe,Office Supplies,Paper,Copy Paper A4,1223.22,2,0.5,626.255
ORD-102581,2022-08-15,2022-08-22,Standard Class,Consumer,Egypt,MEA,Technology,Copiers,Desktop Scanner,282.32,2,0.1,1001.241
ORD-102582,2021-08-13,2021-08-20,First Class,Consumer,Belgium,Europe,Technology,Accessories,USB Hub,1224.66,5,0.0,1246.19
ORD-102583,2022-01-04,2022-01-07,First Class,Corporate,Japan,APAC,Office Supplies,Fasteners,Stapler Set,2761.26,8,0.0,340.4
ORD-102584,2024-01-18,2024-01-24,Second Class,Consumer,Germany,Europe,Furniture,Bookcases,Corner Bookcase,2174.51,5,0.5,-8.27
ORD-102585,2024-04-22,2024-04-27,Second Class,Consumer,South Korea,APAC,Furniture,Chairs,Gaming Chair X,3463.64,8,0.0,164.65
ORD-102586,2024-12-28,2024-12-31,Standard Class,Home Office,Spain,Europe,Furniture,Bookcases,5-Shelf Bookcase,755.17,5,0.0,301.09
ORD-102587,2023-08-06,2023-08-07,Standard Class,Consumer,Vietnam,APAC,Office Supplies,Supplies,Tape Dispenser,2133.35,5,0.2,-40.272000000000006
ORD-102588,2023-04-21,2023-04-23,Standard Class,Home Office,Vietnam,APAC,Office Supplies,Storage,Storage Box,817.31,2,0.0,1006.74
ORD-102589,2024-09-13,2024-09-18,First Class,Corporate,Philippines,APAC,Office Supplies,Art,Framed Print,1133.36,1,0.5,426.25
ORD-102590,2023-08-30,2023-08-31,Standard Class,Consumer,Switzerland,Europe,Office Supplies,Fasteners,Paper Clips,807.33,6,0.0,402.75
ORD-102591,2021-06-05,2021-06-10,Standard Class,Consumer,Argentina,LATAM,Furniture,Tables,Folding Table,2351.21,9,0.25,1276.3874999999998
ORD-102592,2022-05-30,2022-06-03,Standard Class,Consumer,United States,North America,Technology,Phones,Wireless Phone Pro,280.46,3,0.0,36.44
ORD-102593,2024-02-12,2024-02-15,Same Day,Consumer,UAE,MEA,Office Supplies,Binders,Presentation Binder,304.32,9,0.5,339.055
ORD-102594,2024-05-21,2024-05-23,Standard Class,Consumer,Mexico,LATAM,Office Supplies,Envelopes,Padded Mailer,3317.32,5,0.5,-177.035
ORD-102595,2024-10-28,2024-11-02,Second Class,Consumer,Japan,APAC,Technology,Copiers,Multifunction Copier,1441.19,8,0.4,690.12
ORD-102596,2022-02-25,2022-03-01,Standard Class,Home Office,Turkey,MEA,Furniture,Bookcases,5-Shelf Bookcase,2276.72,3,0.4,-57.99
ORD-102597,2021-12-09,2021-12-10,Standard Class,Home Office,South Korea,APAC,Office Supplies,Labels,Shipping Labels,2072.3,1,0.25,-199.53750000000002
ORD-102598,2022-01-23,2022-01-30,First Class,Consumer,France,Europe,Office Supplies,Fasteners,Rubber Bands,1585.83,1,0.3,643.258
ORD-102599,2023-12-27,2024-01-02,Second Class,Corporate,Philippines,APAC,Technology,Phones,Headset Premium,2402.77,1,0.15,668.0575
ORD-102600,2024-01-16,2024-01-22,First Class,Consumer,Singapore,APAC,Office Supplies,Storage,Shelving Unit,2094.93,3,0.15,79.42399999999999
ORD-102601,2024-12-07,2024-12-10,Second Class,Home Office,Indonesia,APAC,Office Supplies,Art,Framed Print,2238.61,8,0.1,-119.988
ORD-102602,2024-03-23,2024-03-25,Standard Class,Consumer,Colombia,LATAM,Furniture,Bookcases,Corner Bookcase,968.8,7,0.0,477.61
ORD-102603,2022-12-05,2022-12-12,Second Class,Home Office,Poland,Europe,Technology,Copiers,Desktop Scanner,326.02,9,0.15,492.813
ORD-102604,2023-05-07,2023-05-09,Same Day,Consumer,Portugal,Europe,Technology,Phones,Headset Premium,3110.84,2,0.4,424.95599999999996
ORD-102605,2022-12-22,2022-12-25,Standard Class,Corporate,Italy,Europe,Furniture,Bookcases,Corner Bookcase,2027.93,2,0.0,1650.94
ORD-102606,2023-08-31,2023-09-05,Second Class,Home Office,Spain,Europe,Technology,Phones,Office Phone System,146.01,8,0.5,-145.395
ORD-102607,2024-05-25,2024-05-27,First Class,Consumer,Turkey,MEA,Technology,Phones,Headset Premium,3359.22,4,0.0,555.85
ORD-102608,2021-12-17,2021-12-18,Standard Class,Corporate,Peru,LATAM,Technology,Phones,Headset Premium,2931.42,4,0.0,1372.03
ORD-102609,2021-12-04,2021-12-11,Second Class,Consumer,Singapore,APAC,Furniture,Tables,Conference Table,1245.37,1,0.0,722.01
ORD-102610,2024-01-21,2024-01-25,Standard Class,Corporate,Hungary,Europe,Technology,Machines,Folding Machine,2821.89,6,0.0,924.49
ORD-102611,2023-06-09,2023-06-10,Standard Class,Consumer,South Africa,MEA,Technology,Machines,Postal Scale,1057.9,3,0.15,1251.948
ORD-102612,2023-10-12,2023-10-15,Standard Class,Corporate,Nigeria,MEA,Furniture,Furnishings,Desk Lamp,3046.13,6,0.3,751.4359999999999
ORD-102613,2022-05-15,2022-05-19,Standard Class,Consumer,Nigeria,MEA,Technology,Accessories,Mouse Wireless,2860.2,5,0.15,116.042
ORD-102614,2024-04-17,2024-04-21,Standard Class,Consumer,Italy,Europe,Technology,Copiers,Desktop Scanner,823.14,8,0.15,607.291
ORD-102615,2021-01-26,2021-01-30,Standard Class,Corporate,Argentina,LATAM,Office Supplies,Supplies,Scissors,1354.64,4,0.0,1387.48
ORD-102616,2023-03-22,2023-03-26,Second Class,Home Office,Singapore,APAC,Furniture,Chairs,Gaming Chair X,1510.18,1,0.0,1771.78
ORD-102617,2022-11-23,2022-11-30,Second Class,Consumer,Poland,Europe,Furniture,Bookcases,5-Shelf Bookcase,95.46,5,0.5,831.955
ORD-102618,2021-11-13,2021-11-14,First Class,Consumer,Russia,Europe,Technology,Copiers,Multifunction Copier,25.84,8,0.0,-357.05
ORD-102619,2024-02-23,2024-02-29,Second Class,Consumer,Singapore,APAC,Furniture,Bookcases,Corner Bookcase,1978.75,2,0.0,1282.59
ORD-102620,2021-03-20,2021-03-27,Standard Class,Corporate,Mexico,LATAM,Furniture,Furnishings,Desk Lamp,2809.99,7,0.15,1284.5285
ORD-102621,2024-11-26,2024-12-02,Standard Class,Consumer,Norway,Europe,Office Supplies,Binders,Accordion Folder,1448.83,9,0.4,539.574
ORD-102622,2024-01-23,2024-01-29,Standard Class,Corporate,UAE,MEA,Furniture,Furnishings,Filing Cabinet,2313.45,2,0.3,-104.56599999999999
ORD-102623,2024-09-28,2024-10-04,Second Class,Home Office,Singapore,APAC,Furniture,Tables,Conference Table,164.92,2,0.0,-49.49
ORD-102624,2021-05-16,2021-05-18,Standard Class,Home Office,Germany,Europe,Technology,Copiers,Desktop Scanner,214.66,5,0.1,-356.238
ORD-102625,2022-11-08,2022-11-15,First Class,Consumer,United Kingdom,Europe,Furniture,Chairs,Gaming Chair X,2794.78,5,0.5,-51.36
ORD-102626,2022-08-27,2022-09-01,Standard Class,Consumer,Germany,Europe,Technology,Copiers,Multifunction Copier,2513.24,3,0.4,515.5079999999999
ORD-102627,2023-12-16,2023-12-19,Standard Class,Home Office,Belgium,Europe,Furniture,Bookcases,Library Wall Unit,2068.0,6,0.5,-24.38
ORD-102628,2024-05-09,2024-05-10,Standard Class,Consumer,Indonesia,APAC,Furniture,Bookcases,Corner Bookcase,3254.61,8,0.4,498.2579999999999
ORD-102629,2024-03-06,2024-03-09,Standard Class,Corporate,Sweden,Europe,Furniture,Furnishings,Wall Clock,1637.61,9,0.5,646.345
ORD-102630,2022-11-13,2022-11-15,Standard Class,Consumer,Colombia,LATAM,Office Supplies,Fasteners,Paper Clips,2325.01,6,0.0,-486.92
ORD-102631,2024-09-17,2024-09-19,First Class,Consumer,Canada,North America,Furniture,Furnishings,Filing Cabinet,259.93,8,0.2,375.072
ORD-102632,2021-07-26,2021-07-27,First Class,Consumer,New Zealand,APAC,Office Supplies,Fasteners,Stapler Set,3433.29,8,0.15,974.9585
ORD-102633,2024-07-06,2024-07-09,Second Class,Consumer,Canada,North America,Office Supplies,Fasteners,Stapler Set,3301.45,7,0.4,810.708
ORD-102634,2021-04-02,2021-04-03,Standard Class,Consumer,Austria,Europe,Office Supplies,Binders,Accordion Folder,680.42,1,0.0,914.71
ORD-102635,2023-12-03,2023-12-10,Same Day,Home Office,Austria,Europe,Furniture,Bookcases,Library Wall Unit,2069.48,4,0.0,424.81
ORD-102636,2024-11-02,2024-11-07,First Class,Home Office,Hungary,Europe,Technology,Machines,Folding Machine,1282.3,9,0.15,-373.4815
ORD-102637,2024-08-05,2024-08-06,Second Class,Consumer,Greece,Europe,Office Supplies,Binders,3-Ring Binder,3195.08,6,0.1,1414.053
ORD-102638,2023-11-14,2023-11-16,Second Class,Consumer,Romania,Europe,Technology,Accessories,Cable Kit,2460.34,4,0.1,972.5850000000002
ORD-102639,2023-02-17,2023-02-23,Standard Class,Home Office,United Kingdom,Europe,Furniture,Furnishings,Filing Cabinet,2535.89,5,0.5,371.635
ORD-102640,2022-11-21,2022-11-27,Same Day,Consumer,China,APAC,Office Supplies,Binders,Accordion Folder,55.24,1,0.25,1115.1750000000002
ORD-102641,2023-09-13,2023-09-14,Standard Class,Consumer,Canada,North America,Office Supplies,Binders,Accordion Folder,276.0,6,0.0,1359.81
ORD-102642,2024-01-16,2024-01-23,Standard Class,Corporate,South Korea,APAC,Technology,Accessories,Keyboard Dual,2415.24,4,0.4,-126.618
ORD-102643,2021-11-03,2021-11-07,Standard Class,Home Office,Argentina,LATAM,Furniture,Furnishings,Filing Cabinet,3428.4,2,0.25,1330.2450000000001
ORD-102644,2024-12-10,2024-12-14,Second Class,Consumer,Sweden,Europe,Furniture,Bookcases,Corner Bookcase,2208.16,8,0.0,945.74
ORD-102645,2021-06-01,2021-06-07,Standard Class,Corporate,Switzerland,Europe,Furniture,Bookcases,Corner Bookcase,523.73,4,0.0,1476.09
ORD-102646,2023-09-26,2023-10-03,Standard Class,Consumer,Vietnam,APAC,Office Supplies,Labels,Shipping Labels,1249.97,2,0.2,270.504
ORD-102647,2023-04-30,2023-05-06,Standard Class,Corporate,Egypt,MEA,Furniture,Furnishings,Desk Lamp,1413.57,7,0.3,317.856
ORD-102648,2021-03-16,2021-03-20,Standard Class,Corporate,Ireland,Europe,Technology,Machines,Shredder Pro,156.36,6,0.1,1481.877
ORD-102649,2022-02-25,2022-03-01,Second Class,Consumer,Norway,Europe,Office Supplies,Binders,Accordion Folder,717.13,5,0.15,377.94399999999996
ORD-102650,2021-01-19,2021-01-23,Standard Class,Corporate,Spain,Europe,Office Supplies,Supplies,Scissors,2774.97,7,0.1,807.5160000000001
ORD-102651,2021-02-27,2021-02-28,Standard Class,Home Office,Sweden,Europe,Furniture,Chairs,Ergo Chair Pro,852.78,7,0.1,175.89600000000002
ORD-102652,2022-05-16,2022-05-23,First Class,Home Office,Spain,Europe,Office Supplies,Fasteners,Stapler Set,686.63,4,0.3,446.17299999999994
ORD-102653,2021-03-22,2021-03-27,Standard Class,Consumer,United Kingdom,Europe,Technology,Phones,Wireless Phone Pro,3132.98,2,0.15,1433.0065
ORD-102654,2021-06-04,2021-06-06,Standard Class,Consumer,Germany,Europe,Technology,Phones,Office Phone System,630.3,3,0.2,734.672
ORD-102655,2023-10-24,2023-10-26,First Class,Consumer,Venezuela,LATAM,Furniture,Furnishings,Filing Cabinet,2482.81,2,0.5,-238.15
ORD-102656,2021-02-04,2021-02-11,Standard Class,Consumer,Czech Republic,Europe,Furniture,Bookcases,5-Shelf Bookcase,2037.14,9,0.5,776.36
ORD-102657,2022-03-23,2022-03-30,Second Class,Consumer,China,APAC,Office Supplies,Supplies,Tape Dispenser,659.87,9,0.25,64.935
ORD-102658,2022-05-20,2022-05-21,Standard Class,Corporate,South Korea,APAC,Furniture,Chairs,Executive Leather Chair,954.56,7,0.15,597.2865
ORD-102659,2021-03-18,2021-03-23,Standard Class,Home Office,Switzerland,Europe,Office Supplies,Fasteners,Rubber Bands,1755.03,6,0.4,207.31199999999998
ORD-102660,2024-07-13,2024-07-18,Second Class,Consumer,Mexico,LATAM,Office Supplies,Supplies,Hole Punch,1654.57,9,0.2,1408.448
ORD-102661,2023-01-21,2023-01-27,Same Day,Consumer,Denmark,Europe,Office Supplies,Supplies,Ruler Set,3349.99,9,0.2,413.47200000000004
ORD-102662,2022-12-05,2022-12-10,Second Class,Consumer,Japan,APAC,Office Supplies,Envelopes,Tyvek Envelope,390.49,9,0.0,491.34
ORD-102663,2022-11-17,2022-11-23,Second Class,Consumer,South Korea,APAC,Furniture,Chairs,Executive Leather Chair,2633.82,1,0.0,470.1
ORD-102664,2023-01-29,2023-02-04,First Class,Corporate,Saudi Arabia,MEA,Office Supplies,Supplies,Hole Punch,1961.15,5,0.0,1581.37
ORD-102665,2024-10-02,2024-10-06,Standard Class,Home Office,Peru,LATAM,Office Supplies,Supplies,Scissors,245.34,5,0.4,1041.798
ORD-102666,2024-02-05,2024-02-09,Second Class,Consumer,Hungary,Europe,Furniture,Bookcases,Corner Bookcase,1551.61,7,0.3,286.58
ORD-102667,2024-12-16,2024-12-20,Standard Class,Home Office,Italy,Europe,Office Supplies,Labels,Shipping Labels,1828.63,5,0.0,966.85
ORD-102668,2024-06-18,2024-06-23,Same Day,Consumer,Spain,Europe,Furniture,Bookcases,Library Wall Unit,2672.27,4,0.4,1030.164
ORD-102669,2024-03-30,2024-04-02,Standard Class,Consumer,Romania,Europe,Office Supplies,Envelopes,Padded Mailer,563.13,9,0.2,1278.0320000000002
ORD-102670,2023-03-01,2023-03-02,Standard Class,Consumer,Austria,Europe,Furniture,Furnishings,Plant Holder,3379.46,5,0.2,248.712
ORD-102671,2023-12-19,2023-12-26,Standard Class,Consumer,Indonesia,APAC,Furniture,Furnishings,Filing Cabinet,3068.04,4,0.4,-16.83
ORD-102672,2024-01-07,2024-01-08,Second Class,Corporate,Argentina,LATAM,Furniture,Tables,Coffee Table,706.71,5,0.0,1389.23
ORD-102673,2022-07-08,2022-07-12,Standard Class,Consumer,France,Europe,Furniture,Furnishings,Wall Clock,1651.49,8,0.0,-295.79
ORD-102674,2022-06-06,2022-06-07,Standard Class,Home Office,Peru,LATAM,Furniture,Tables,Standing Desk,3471.31,7,0.5,119.25
ORD-102675,2022-04-03,2022-04-06,Standard Class,Consumer,Vietnam,APAC,Furniture,Furnishings,Desk Lamp,1309.97,8,0.3,1024.653
ORD-102676,2021-08-28,2021-09-03,Standard Class,Consumer,Thailand,APAC,Office Supplies,Fasteners,Stapler Set,2316.22,9,0.0,491.68
ORD-102677,2021-04-04,2021-04-05,Standard Class,Consumer,Japan,APAC,Furniture,Chairs,Gaming Chair X,1205.39,4,0.15,911.965
ORD-102678,2024-11-07,2024-11-08,First Class,Corporate,Peru,LATAM,Office Supplies,Paper,Photo Paper,855.09,1,0.0,938.42
ORD-102679,2023-04-08,2023-04-10,Standard Class,Home Office,Canada,North America,Office Supplies,Supplies,Ruler Set,3199.86,4,0.4,1020.3719999999998
ORD-102680,2022-11-12,2022-11-16,Standard Class,Corporate,Canada,North America,Technology,Accessories,Mouse Wireless,1823.43,9,0.2,966.192
ORD-102681,2021-12-31,2022-01-07,Standard Class,Consumer,Poland,Europe,Office Supplies,Art,Poster Set,2463.53,8,0.1,641.466
ORD-102682,2022-01-17,2022-01-18,Standard Class,Consumer,Netherlands,Europe,Furniture,Chairs,Gaming Chair X,808.99,5,0.15,-30.8465
ORD-102683,2022-05-02,2022-05-03,First Class,Consumer,Finland,Europe,Technology,Accessories,USB Hub,2878.44,9,0.0,-325.89
ORD-102684,2022-01-14,2022-01-20,Standard Class,Consumer,France,Europe,Office Supplies,Envelopes,Tyvek Envelope,1960.5,6,0.25,1001.955
ORD-102685,2022-03-08,2022-03-15,First Class,Consumer,Saudi Arabia,MEA,Office Supplies,Binders,Presentation Binder,3486.6,9,0.25,466.46250000000003
ORD-102686,2021-07-03,2021-07-06,Standard Class,Home Office,Spain,Europe,Technology,Copiers,Desktop Scanner,477.37,8,0.15,1022.346
ORD-102687,2022-12-20,2022-12-25,Standard Class,Consumer,Romania,Europe,Technology,Machines,Folding Machine,1873.29,8,0.2,775.7840000000001
ORD-102688,2024-12-03,2024-12-09,Standard Class,Corporate,Romania,Europe,Furniture,Tables,Coffee Table,2873.75,8,0.4,314.30400000000003
ORD-102689,2024-01-02,2024-01-09,First Class,Corporate,Romania,Europe,Technology,Accessories,USB Hub,609.81,3,0.1,1468.629
ORD-102690,2023-03-24,2023-03-31,Standard Class,Home Office,Norway,Europe,Technology,Machines,Laminator Machine,1723.39,6,0.0,1035.31
ORD-102691,2021-10-19,2021-10-20,Second Class,Consumer,UAE,MEA,Furniture,Tables,Coffee Table,3250.38,9,0.1,1161.45
ORD-102692,2024-02-03,2024-02-05,Standard Class,Consumer,Philippines,APAC,Furniture,Bookcases,Library Wall Unit,45.64,5,0.25,285.9375
ORD-102693,2021-06-29,2021-07-03,Standard Class,Consumer,Vietnam,APAC,Office Supplies,Art,Canvas Pack,2015.02,1,0.15,557.2004999999999
ORD-102694,2023-05-24,2023-05-26,First Class,Consumer,Saudi Arabia,MEA,Office Supplies,Envelopes,Business Envelope,1883.66,1,0.25,189.915
ORD-102695,2023-07-02,2023-07-09,Standard Class,Home Office,Czech Republic,Europe,Technology,Phones,Headset Premium,3167.41,4,0.5,790.85
ORD-102696,2021-02-01,2021-02-02,Standard Class,Corporate,Chile,LATAM,Furniture,Furnishings,Plant Holder,1212.71,2,0.0,1053.74
ORD-102697,2023-02-10,2023-02-15,Second Class,Home Office,Italy,Europe,Furniture,Chairs,Stack Chair Set,3280.81,8,0.4,789.636
ORD-102698,2022-12-02,2022-12-06,Standard Class,Consumer,Thailand,APAC,Furniture,Bookcases,5-Shelf Bookcase,3187.83,4,0.1,129.042
ORD-102699,2022-09-11,2022-09-16,Same Day,Corporate,Italy,Europe,Office Supplies,Storage,File Cart,188.77,7,0.15,1213.2134999999998
ORD-102700,2022-05-31,2022-06-07,Second Class,Consumer,Canada,North America,Technology,Accessories,Keyboard Dual,1409.01,8,0.0,732.03
ORD-102701,2021-10-30,2021-11-02,Same Day,Consumer,Greece,Europe,Furniture,Bookcases,5-Shelf Bookcase,3286.73,8,0.2,391.92800000000005
ORD-102702,2021-09-05,2021-09-06,Second Class,Consumer,Ireland,Europe,Furniture,Chairs,Gaming Chair X,1366.26,3,0.15,1248.1655
ORD-102703,2023-12-22,2023-12-27,Same Day,Consumer,Spain,Europe,Office Supplies,Supplies,Tape Dispenser,2830.51,4,0.2,-360.16
ORD-102704,2022-04-30,2022-05-01,Second Class,Home Office,South Africa,MEA,Technology,Copiers,Color Laser Copier,42.65,1,0.5,309.01
ORD-102705,2024-01-06,2024-01-08,First Class,Corporate,Colombia,LATAM,Furniture,Bookcases,Library Wall Unit,736.56,3,0.0,1263.15
ORD-102706,2021-11-10,2021-11-14,First Class,Consumer,Canada,North America,Office Supplies,Paper,Photo Paper,2405.91,8,0.0,1559.55
ORD-102707,2022-08-25,2022-08-27,Second Class,Consumer,Argentina,LATAM,Technology,Phones,Headset Premium,1220.99,5,0.3,-265.153
ORD-102708,2022-06-20,2022-06-22,Standard Class,Consumer,Romania,Europe,Office Supplies,Paper,Photo Paper,1538.51,9,0.0,1533.58
ORD-102709,2023-09-10,2023-09-16,Standard Class,Consumer,Philippines,APAC,Furniture,Tables,Standing Desk,1967.57,1,0.5,492.83
ORD-102710,2021-06-13,2021-06-19,Standard Class,Home Office,New Zealand,APAC,Office Supplies,Art,Framed Print,3010.96,9,0.0,1696.18
ORD-102711,2023-08-29,2023-09-05,Standard Class,Corporate,Greece,Europe,Technology,Machines,Postal Scale,1537.71,9,0.0,1169.5
ORD-102712,2024-12-19,2024-12-20,Second Class,Consumer,France,Europe,Furniture,Furnishings,Wall Clock,2519.24,6,0.0,-137.12
ORD-102713,2021-05-15,2021-05-17,Second Class,Corporate,Argentina,LATAM,Furniture,Bookcases,5-Shelf Bookcase,462.76,8,0.0,577.97
ORD-102714,2023-07-30,2023-08-03,Standard Class,Corporate,Singapore,APAC,Office Supplies,Fasteners,Stapler Set,3391.65,6,0.5,-108.49
ORD-102715,2024-08-27,2024-09-02,Standard Class,Consumer,New Zealand,APAC,Furniture,Bookcases,5-Shelf Bookcase,3324.23,4,0.3,948.857
ORD-102716,2022-06-22,2022-06-27,Standard Class,Consumer,Colombia,LATAM,Technology,Phones,Wireless Phone Pro,1845.89,3,0.3,415.65299999999996
ORD-102717,2021-10-31,2021-11-07,Standard Class,Consumer,New Zealand,APAC,Technology,Phones,Wireless Phone Pro,2220.38,4,0.2,-201.936
ORD-102718,2024-03-24,2024-03-31,Same Day,Consumer,Belgium,Europe,Furniture,Bookcases,Corner Bookcase,1083.18,4,0.25,649.5525
ORD-102719,2022-11-21,2022-11-28,Second Class,Corporate,South Africa,MEA,Technology,Phones,Office Phone System,2786.75,5,0.5,238.94
ORD-102720,2023-09-05,2023-09-11,Second Class,Consumer,United States,North America,Technology,Accessories,Cable Kit,3402.25,6,0.15,1053.779
ORD-102721,2023-08-24,2023-08-26,Standard Class,Consumer,Finland,Europe,Office Supplies,Envelopes,Business Envelope,2000.99,2,0.1,840.465
ORD-102722,2024-08-16,2024-08-23,Second Class,Home Office,Canada,North America,Technology,Machines,Folding Machine,888.42,4,0.1,93.23100000000001
ORD-102723,2024-11-23,2024-11-28,Standard Class,Consumer,Vietnam,APAC,Office Supplies,Storage,Storage Box,3159.78,2,0.0,157.14
ORD-102724,2024-06-20,2024-06-25,Standard Class,Corporate,Argentina,LATAM,Furniture,Furnishings,Plant Holder,1785.55,5,0.15,218.40749999999997
ORD-102725,2022-10-24,2022-10-29,Standard Class,Consumer,Brazil,LATAM,Furniture,Chairs,Executive Leather Chair,1819.34,4,0.0,-414.06
ORD-102726,2023-05-24,2023-05-29,Same Day,Consumer,Italy,Europe,Furniture,Bookcases,5-Shelf Bookcase,2632.6,8,0.0,793.52
ORD-102727,2024-08-25,2024-08-30,Standard Class,Consumer,Israel,MEA,Furniture,Chairs,Gaming Chair X,2537.79,9,0.15,-159.069
ORD-102728,2023-08-13,2023-08-14,Standard Class,Corporate,South Africa,MEA,Technology,Accessories,Mouse Wireless,3278.65,6,0.25,1103.0025
ORD-102729,2021-02-25,2021-03-01,Standard Class,Consumer,Canada,North America,Technology,Copiers,Multifunction Copier,174.83,8,0.15,-343.1875
ORD-102730,2022-05-14,2022-05-17,Standard Class,Home Office,Indonesia,APAC,Furniture,Furnishings,Wall Clock,1518.61,7,0.0,1359.62
ORD-102731,2021-08-18,2021-08-25,Second Class,Consumer,Malaysia,APAC,Technology,Copiers,Multifunction Copier,809.75,5,0.0,1061.54
ORD-102732,2021-11-29,2021-12-05,Standard Class,Consumer,Vietnam,APAC,Furniture,Tables,Conference Table,1944.83,6,0.2,457.91200000000003
ORD-102733,2022-03-03,2022-03-10,Second Class,Corporate,Japan,APAC,Furniture,Bookcases,Library Wall Unit,3448.31,2,0.0,378.93
ORD-102734,2024-01-10,2024-01-12,First Class,Corporate,France,Europe,Furniture,Bookcases,Library Wall Unit,1370.42,3,0.25,763.7775
ORD-102735,2022-10-24,2022-10-28,Standard Class,Consumer,China,APAC,Furniture,Tables,Standing Desk,572.17,2,0.15,367.2595
ORD-102736,2024-10-17,2024-10-19,Second Class,Consumer,Greece,Europe,Technology,Copiers,Desktop Scanner,350.19,7,0.5,501.495
ORD-102737,2024-09-21,2024-09-27,Standard Class,Home Office,Nigeria,MEA,Furniture,Furnishings,Filing Cabinet,212.53,6,0.0,1126.56
ORD-102738,2021-06-06,2021-06-13,Standard Class,Home Office,Singapore,APAC,Office Supplies,Paper,Notebook Set,126.32,2,0.4,807.126
ORD-102739,2023-05-14,2023-05-19,First Class,Consumer,South Korea,APAC,Technology,Phones,Wireless Phone Pro,886.61,3,0.0,1039.09
ORD-102740,2022-08-18,2022-08-21,Standard Class,Consumer,Hungary,Europe,Office Supplies,Labels,Address Labels,2176.61,6,0.25,-330.9225
ORD-102741,2021-11-21,2021-11-28,Standard Class,Corporate,Chile,LATAM,Furniture,Chairs,Ergo Chair Pro,1427.1,4,0.1,-448.452
ORD-102742,2021-08-09,2021-08-11,Same Day,Consumer,Norway,Europe,Office Supplies,Paper,Cardstock Pack,2865.03,7,0.25,482.4225
ORD-102743,2021-12-15,2021-12-18,Standard Class,Consumer,Austria,Europe,Technology,Accessories,Keyboard Dual,81.05,2,0.25,1227.7275
ORD-102744,2021-01-18,2021-01-23,Standard Class,Home Office,Canada,North America,Technology,Machines,Postal Scale,2662.28,4,0.4,-169.212
ORD-102745,2021-08-14,2021-08-18,Second Class,Consumer,Venezuela,LATAM,Furniture,Bookcases,5-Shelf Bookcase,2366.0,2,0.0,-294.57
ORD-102746,2023-10-20,2023-10-24,Standard Class,Consumer,Denmark,Europe,Furniture,Furnishings,Desk Lamp,1121.66,4,0.0,915.05
ORD-102747,2024-07-28,2024-08-02,Second Class,Consumer,Switzerland,Europe,Furniture,Furnishings,Desk Lamp,3081.8,9,0.0,988.9
ORD-102748,2022-09-13,2022-09-20,Standard Class,Consumer,Italy,Europe,Technology,Copiers,Color Laser Copier,966.92,1,0.1,189.747
ORD-102749,2023-05-21,2023-05-23,Standard Class,Corporate,Norway,Europe,Technology,Machines,Postal Scale,2459.63,7,0.0,-73.51
ORD-102750,2021-12-14,2021-12-19,First Class,Consumer,Saudi Arabia,MEA,Office Supplies,Storage,Shelving Unit,853.4,1,0.4,-243.33599999999998
ORD-102751,2024-02-05,2024-02-08,First Class,Consumer,Switzerland,Europe,Technology,Machines,Folding Machine,1391.29,3,0.0,1210.21
ORD-102752,2022-10-15,2022-10-16,Second Class,Consumer,United Kingdom,Europe,Technology,Machines,Folding Machine,162.03,3,0.0,404.07
ORD-102753,2022-06-24,2022-06-25,Standard Class,Corporate,Germany,Europe,Technology,Accessories,Cable Kit,3061.62,1,0.0,771.59
ORD-102754,2023-12-17,2023-12-24,Standard Class,Consumer,UAE,MEA,Technology,Accessories,Keyboard Dual,1568.79,7,0.15,1019.9490000000001
ORD-102755,2022-12-11,2022-12-18,Standard Class,Consumer,Austria,Europe,Furniture,Bookcases,Corner Bookcase,1763.65,1,0.0,345.89
ORD-102756,2023-11-30,2023-12-05,Standard Class,Corporate,Chile,LATAM,Office Supplies,Fasteners,Stapler Set,83.87,2,0.0,1372.97
ORD-102757,2023-10-07,2023-10-12,Same Day,Consumer,United Kingdom,Europe,Furniture,Tables,Standing Desk,2653.38,6,0.25,1182.1875
ORD-102758,2023-08-11,2023-08-14,First Class,Consumer,United States,North America,Technology,Copiers,Desktop Scanner,194.07,7,0.1,128.85299999999998
ORD-102759,2022-09-16,2022-09-23,Standard Class,Corporate,United States,North America,Technology,Copiers,Desktop Scanner,2710.0,2,0.5,-141.215
ORD-102760,2024-05-15,2024-05-20,Standard Class,Consumer,New Zealand,APAC,Technology,Machines,Shredder Pro,1047.92,5,0.0,-251.44
ORD-102761,2024-10-19,2024-10-21,Standard Class,Home Office,Egypt,MEA,Office Supplies,Labels,Shipping Labels,2848.13,4,0.2,618.0880000000001
ORD-102762,2022-12-17,2022-12-22,Standard Class,Consumer,Finland,Europe,Furniture,Tables,Coffee Table,1160.12,8,0.5,879.395
ORD-102763,2023-05-22,2023-05-26,Standard Class,Consumer,India,APAC,Office Supplies,Art,Framed Print,1552.2,7,0.0,1046.41
ORD-102764,2021-08-22,2021-08-29,Second Class,Consumer,Colombia,LATAM,Furniture,Bookcases,Corner Bookcase,335.06,3,0.0,1513.1
ORD-102765,2024-08-26,2024-09-01,Standard Class,Consumer,Hungary,Europe,Furniture,Tables,Folding Table,371.4,2,0.2,486.624
ORD-102766,2021-11-18,2021-11-22,Standard Class,Consumer,Sweden,Europe,Office Supplies,Labels,Address Labels,2918.41,5,0.0,1388.65
ORD-102767,2022-08-28,2022-08-31,Standard Class,Consumer,Switzerland,Europe,Technology,Machines,Folding Machine,3422.39,2,0.2,-390.12800000000004
ORD-102768,2022-06-06,2022-06-11,Standard Class,Corporate,UAE,MEA,Technology,Copiers,Multifunction Copier,1749.25,9,0.2,107.656
ORD-102769,2021-01-13,2021-01-16,Same Day,Consumer,Malaysia,APAC,Technology,Copiers,Color Laser Copier,2526.16,5,0.5,538.13
ORD-102770,2023-12-03,2023-12-06,Standard Class,Corporate,France,Europe,Office Supplies,Fasteners,Rubber Bands,1181.2,3,0.5,778.665
ORD-102771,2021-03-04,2021-03-08,Second Class,Consumer,Thailand,APAC,Office Supplies,Supplies,Tape Dispenser,17.79,5,0.5,-122.815
ORD-102772,2021-06-24,2021-06-26,Standard Class,Consumer,United Kingdom,Europe,Furniture,Chairs,Stack Chair Set,1646.18,1,0.2,618.8000000000001
ORD-102773,2021-04-13,2021-04-19,Standard Class,Corporate,Germany,Europe,Technology,Machines,Folding Machine,2984.3,5,0.25,-295.5225
ORD-102774,2023-03-07,2023-03-08,First Class,Consumer,Portugal,Europe,Technology,Machines,Postal Scale,642.49,6,0.4,-57.0
ORD-102775,2024-02-25,2024-03-02,Second Class,Home Office,Portugal,Europe,Technology,Copiers,Desktop Scanner,674.73,9,0.0,887.46
ORD-102776,2022-04-09,2022-04-11,First Class,Consumer,Denmark,Europe,Technology,Accessories,USB Hub,1361.83,2,0.4,-17.927999999999997
ORD-102777,2023-07-10,2023-07-13,Second Class,Home Office,Egypt,MEA,Office Supplies,Art,Art Supplies Kit,2350.53,5,0.0,356.53
ORD-102778,2023-09-11,2023-09-16,First Class,Corporate,Switzerland,Europe,Furniture,Chairs,Stack Chair Set,600.29,7,0.2,1192.9040000000002
ORD-102779,2024-02-16,2024-02-23,First Class,Consumer,Colombia,LATAM,Technology,Phones,Office Phone System,2173.03,5,0.1,1221.831
ORD-102780,2024-05-22,2024-05-23,Second Class,Corporate,Turkey,MEA,Furniture,Tables,Conference Table,2725.44,4,0.2,879.9120000000001
ORD-102781,2024-04-08,2024-04-10,Standard Class,Corporate,Chile,LATAM,Technology,Copiers,Multifunction Copier,1385.46,3,0.4,403.764
ORD-102782,2024-05-02,2024-05-09,Standard Class,Consumer,UAE,MEA,Technology,Machines,Postal Scale,2234.76,2,0.5,836.51
ORD-102783,2022-02-05,2022-02-07,Second Class,Consumer,Spain,Europe,Furniture,Chairs,Stack Chair Set,43.28,6,0.0,529.79
ORD-102784,2021-02-05,2021-02-11,Standard Class,Home Office,UAE,MEA,Technology,Accessories,Keyboard Dual,285.06,7,0.0,880.35
ORD-102785,2024-04-23,2024-04-29,Standard Class,Consumer,Sweden,Europe,Furniture,Chairs,Ergo Chair Pro,1902.13,9,0.3,358.337
ORD-102786,2024-04-27,2024-04-29,Standard Class,Consumer,South Africa,MEA,Office Supplies,Supplies,Hole Punch,443.93,3,0.4,-89.74199999999999
ORD-102787,2022-01-25,2022-01-29,Same Day,Corporate,Greece,Europe,Furniture,Bookcases,Corner Bookcase,1704.87,6,0.3,948.136
ORD-102788,2024-08-18,2024-08-25,Standard Class,Consumer,Spain,Europe,Office Supplies,Fasteners,Rubber Bands,2136.68,8,0.0,-310.41
ORD-102789,2022-06-11,2022-06-12,Standard Class,Consumer,Hungary,Europe,Technology,Copiers,Desktop Scanner,3454.04,7,0.0,722.3
ORD-102790,2022-11-29,2022-11-30,Standard Class,Home Office,Philippines,APAC,Technology,Machines,Shredder Pro,145.93,5,0.1,777.627
ORD-102791,2022-12-12,2022-12-17,Standard Class,Corporate,Vietnam,APAC,Furniture,Bookcases,Library Wall Unit,2727.22,8,0.25,719.505
ORD-102792,2021-08-19,2021-08-22,Same Day,Home Office,Italy,Europe,Office Supplies,Labels,Address Labels,39.27,9,0.5,53.875
ORD-102793,2022-01-09,2022-01-16,Standard Class,Consumer,Nigeria,MEA,Office Supplies,Storage,Shelving Unit,344.52,3,0.0,474.23
ORD-102794,2022-05-23,2022-05-28,Standard Class,Home Office,United States,North America,Furniture,Furnishings,Filing Cabinet,3382.21,8,0.0,1412.28
ORD-102795,2021-12-08,2021-12-11,First Class,Home Office,Brazil,LATAM,Technology,Copiers,Color Laser Copier,3111.83,3,0.0,-190.76
ORD-102796,2021-11-28,2021-11-29,Standard Class,Consumer,Peru,LATAM,Technology,Machines,Postal Scale,922.1,4,0.0,950.33
ORD-102797,2023-11-03,2023-11-07,Standard Class,Home Office,Poland,Europe,Technology,Machines,Laminator Machine,1298.94,2,0.0,-469.79
ORD-102798,2022-06-29,2022-07-05,Standard Class,Corporate,Colombia,LATAM,Office Supplies,Art,Poster Set,1816.33,4,0.0,1308.37
ORD-102799,2022-12-31,2023-01-01,Standard Class,Consumer,Poland,Europe,Technology,Machines,Laminator Machine,3358.28,8,0.15,54.323499999999996
ORD-102800,2023-09-19,2023-09-23,Standard Class,Home Office,Saudi Arabia,MEA,Technology,Phones,Office Phone System,2668.86,4,0.0,1689.66
ORD-102801,2022-11-21,2022-11-26,Same Day,Consumer,Denmark,Europe,Office Supplies,Fasteners,Paper Clips,293.05,1,0.3,908.1309999999999
ORD-102802,2021-04-08,2021-04-14,Standard Class,Consumer,Ireland,Europe,Technology,Accessories,Mouse Wireless,2944.91,1,0.15,659.2855
ORD-102803,2021-02-22,2021-02-27,First Class,Home Office,Finland,Europe,Furniture,Tables,Folding Table,3203.84,7,0.4,-174.97799999999998
ORD-102804,2022-01-29,2022-01-30,Second Class,Consumer,Finland,Europe,Furniture,Tables,Standing Desk,2146.26,3,0.0,565.56
ORD-102805,2024-03-09,2024-03-13,Standard Class,Consumer,Spain,Europe,Technology,Machines,Folding Machine,3428.33,1,0.0,-39.83
ORD-102806,2022-06-26,2022-07-01,Standard Class,Corporate,Austria,Europe,Office Supplies,Supplies,Ruler Set,2008.45,9,0.15,76.568
ORD-102807,2021-01-07,2021-01-13,Same Day,Consumer,Spain,Europe,Furniture,Furnishings,Wall Clock,1617.27,8,0.2,-295.664
ORD-102808,2022-07-15,2022-07-21,Standard Class,Corporate,Japan,APAC,Technology,Copiers,Desktop Scanner,1972.05,9,0.0,510.46
ORD-102809,2021-03-24,2021-03-26,Standard Class,Corporate,Belgium,Europe,Office Supplies,Storage,Shelving Unit,1992.02,9,0.1,657.216
ORD-102810,2022-11-02,2022-11-03,Same Day,Consumer,Ireland,Europe,Office Supplies,Supplies,Hole Punch,469.9,8,0.0,708.45
ORD-102811,2023-06-20,2023-06-23,Standard Class,Corporate,Belgium,Europe,Technology,Phones,Wireless Phone Pro,2047.66,3,0.15,776.9
ORD-102812,2022-07-04,2022-07-08,Standard Class,Consumer,Vietnam,APAC,Office Supplies,Supplies,Hole Punch,989.24,9,0.0,1720.06
ORD-102813,2021-11-12,2021-11-15,Standard Class,Corporate,United Kingdom,Europe,Technology,Copiers,Multifunction Copier,445.54,2,0.0,980.91
ORD-102814,2022-02-21,2022-02-28,Standard Class,Corporate,Sweden,Europe,Office Supplies,Art,Canvas Pack,268.33,1,0.2,-293.83200000000005
ORD-102815,2023-05-23,2023-05-27,Standard Class,Consumer,Venezuela,LATAM,Technology,Machines,Laminator Machine,1134.63,1,0.2,-91.21600000000001
ORD-102816,2023-01-01,2023-01-08,Second Class,Consumer,India,APAC,Office Supplies,Art,Framed Print,2424.24,2,0.0,147.07
ORD-102817,2022-04-05,2022-04-06,Standard Class,Consumer,Belgium,Europe,Technology,Accessories,Mouse Wireless,1741.73,2,0.0,-116.36
ORD-102818,2021-07-08,2021-07-15,Standard Class,Corporate,China,APAC,Office Supplies,Art,Canvas Pack,1834.18,3,0.0,322.4
ORD-102819,2022-07-03,2022-07-08,Standard Class,Consumer,Chile,LATAM,Technology,Phones,Headset Premium,1025.55,9,0.0,305.79
ORD-102820,2021-05-27,2021-06-02,Standard Class,Corporate,Indonesia,APAC,Office Supplies,Binders,Accordion Folder,1153.43,4,0.5,-168.03
ORD-102821,2023-12-09,2023-12-12,First Class,Consumer,Romania,Europe,Technology,Machines,Shredder Pro,2005.83,9,0.4,935.538
ORD-102822,2023-07-12,2023-07-16,Standard Class,Consumer,Austria,Europe,Office Supplies,Fasteners,Paper Clips,2282.91,6,0.2,1321.1360000000002
ORD-102823,2023-11-23,2023-11-25,Standard Class,Consumer,Portugal,Europe,Furniture,Furnishings,Plant Holder,278.24,5,0.0,1116.19
ORD-102824,2023-11-24,2023-11-27,Standard Class,Consumer,Indonesia,APAC,Furniture,Bookcases,Library Wall Unit,627.15,8,0.2,845.3120000000001
ORD-102825,2023-12-17,2023-12-24,Standard Class,Consumer,Saudi Arabia,MEA,Office Supplies,Storage,Storage Cabinet,2864.38,9,0.0,1450.13
ORD-102826,2023-09-12,2023-09-18,Standard Class,Corporate,United Kingdom,Europe,Office Supplies,Fasteners,Rubber Bands,987.81,3,0.5,318.005
ORD-102827,2023-08-05,2023-08-12,Second Class,Corporate,Israel,MEA,Technology,Accessories,Keyboard Dual,1416.58,9,0.0,1049.05
ORD-102828,2024-09-28,2024-10-03,Standard Class,Consumer,Malaysia,APAC,Office Supplies,Binders,3-Ring Binder,791.94,2,0.25,315.78000000000003
ORD-102829,2024-05-08,2024-05-14,Standard Class,Corporate,United Kingdom,Europe,Office Supplies,Binders,Accordion Folder,2904.46,2,0.1,-131.21099999999998
ORD-102830,2023-01-25,2023-01-27,Standard Class,Consumer,Turkey,MEA,Technology,Copiers,Color Laser Copier,1670.19,3,0.1,1313.487
ORD-102831,2022-02-20,2022-02-21,Standard Class,Home Office,Saudi Arabia,MEA,Furniture,Tables,Folding Table,2332.18,2,0.25,891.045
ORD-102832,2023-09-28,2023-09-29,Standard Class,Corporate,Denmark,Europe,Office Supplies,Paper,Photo Paper,2466.52,5,0.4,528.828
ORD-102833,2024-03-02,2024-03-05,Standard Class,Corporate,United States,North America,Furniture,Chairs,Stack Chair Set,3011.4,4,0.3,-154.539
ORD-102834,2024-06-15,2024-06-17,Standard Class,Home Office,Germany,Europe,Technology,Accessories,Cable Kit,869.19,7,0.3,119.86099999999999
ORD-102835,2023-06-06,2023-06-12,Standard Class,Corporate,Germany,Europe,Furniture,Tables,Standing Desk,2958.52,7,0.25,405.5925
ORD-102836,2022-11-24,2022-12-01,First Class,Home Office,Czech Republic,Europe,Technology,Phones,Headset Premium,775.71,9,0.3,487.6619999999999
ORD-102837,2024-07-21,2024-07-23,Standard Class,Consumer,Thailand,APAC,Furniture,Chairs,Executive Leather Chair,2981.31,6,0.25,-359.445
ORD-102838,2024-06-22,2024-06-23,Standard Class,Home Office,Singapore,APAC,Furniture,Furnishings,Plant Holder,639.74,8,0.1,1429.272
ORD-102839,2023-12-20,2023-12-23,Standard Class,Corporate,Netherlands,Europe,Office Supplies,Art,Art Supplies Kit,430.08,1,0.1,695.304
ORD-102840,2023-02-20,2023-02-25,Second Class,Consumer,Hungary,Europe,Technology,Accessories,Keyboard Dual,1355.33,6,0.2,179.0
ORD-102841,2024-06-15,2024-06-18,Standard Class,Consumer,Switzerland,Europe,Technology,Copiers,Desktop Scanner,637.9,2,0.5,617.7
ORD-102842,2023-03-14,2023-03-19,Second Class,Consumer,Canada,North America,Office Supplies,Storage,Storage Box,311.99,1,0.5,72.55
ORD-102843,2021-03-11,2021-03-14,Second Class,Consumer,Colombia,LATAM,Office Supplies,Storage,Storage Cabinet,238.47,9,0.3,517.587
ORD-102844,2024-05-14,2024-05-17,Standard Class,Corporate,Israel,MEA,Technology,Copiers,Multifunction Copier,1556.6,8,0.1,449.109
ORD-102845,2021-08-19,2021-08-24,Second Class,Corporate,Israel,MEA,Technology,Phones,Headset Premium,1397.04,9,0.2,645.832
ORD-102846,2023-06-21,2023-06-22,Standard Class,Home Office,Philippines,APAC,Furniture,Chairs,Ergo Chair Pro,1966.2,2,0.0,245.02
ORD-102847,2021-08-28,2021-09-02,Standard Class,Consumer,Switzerland,Europe,Furniture,Bookcases,Library Wall Unit,1574.61,1,0.5,-137.155
ORD-102848,2024-10-08,2024-10-11,Second Class,Home Office,Venezuela,LATAM,Office Supplies,Labels,Address Labels,1830.23,8,0.3,1111.901
ORD-102849,2023-07-28,2023-08-03,Second Class,Consumer,New Zealand,APAC,Technology,Phones,Headset Premium,2901.52,5,0.3,609.4759999999999
ORD-102850,2022-06-01,2022-06-02,Standard Class,Consumer,India,APAC,Office Supplies,Fasteners,Stapler Set,1126.96,5,0.0,667.33
ORD-102851,2022-03-29,2022-04-02,Standard Class,Consumer,Saudi Arabia,MEA,Office Supplies,Art,Art Supplies Kit,3382.07,4,0.25,194.84250000000003
ORD-102852,2024-06-21,2024-06-25,Standard Class,Consumer,Vietnam,APAC,Furniture,Tables,Standing Desk,2339.55,2,0.0,264.28
ORD-102853,2024-07-24,2024-07-26,Standard Class,Home Office,Israel,MEA,Technology,Accessories,Keyboard Dual,706.95,9,0.0,1250.36
ORD-102854,2024-12-30,2025-01-05,Same Day,Consumer,Brazil,LATAM,Office Supplies,Envelopes,Padded Mailer,1546.21,2,0.5,747.715
ORD-102855,2023-03-24,2023-03-31,Standard Class,Corporate,Norway,Europe,Technology,Phones,Office Phone System,558.74,1,0.3,265.433
ORD-102856,2021-12-01,2021-12-05,Second Class,Corporate,United Kingdom,Europe,Furniture,Tables,Folding Table,2457.18,2,0.5,75.96
ORD-102857,2021-05-09,2021-05-14,Same Day,Corporate,Russia,Europe,Technology,Copiers,Desktop Scanner,998.73,1,0.5,503.675
ORD-102858,2023-01-09,2023-01-10,Standard Class,Consumer,Malaysia,APAC,Office Supplies,Art,Canvas Pack,3173.69,5,0.0,269.36
ORD-102859,2021-04-05,2021-04-06,Standard Class,Home Office,India,APAC,Office Supplies,Binders,Presentation Binder,1340.96,1,0.3,164.808
ORD-102860,2023-06-03,2023-06-06,Standard Class,Home Office,China,APAC,Office Supplies,Binders,Presentation Binder,810.4,9,0.0,1139.77
ORD-102861,2021-12-14,2021-12-17,Standard Class,Consumer,China,APAC,Office Supplies,Supplies,Hole Punch,3039.72,8,0.2,-360.112
ORD-102862,2021-10-09,2021-10-11,Second Class,Consumer,United Kingdom,Europe,Technology,Copiers,Multifunction Copier,1146.22,3,0.25,251.85750000000002
ORD-102863,2021-01-22,2021-01-29,Second Class,Home Office,New Zealand,APAC,Office Supplies,Labels,Barcode Labels,3434.32,7,0.0,1602.4
ORD-102864,2021-09-23,2021-09-27,Standard Class,Consumer,United Kingdom,Europe,Office Supplies,Labels,Address Labels,1845.6,2,0.0,1097.3
ORD-102865,2023-09-28,2023-10-05,Second Class,Consumer,Israel,MEA,Office Supplies,Art,Framed Print,1525.17,2,0.4,279.64799999999997
ORD-102866,2021-09-05,2021-09-12,Same Day,Consumer,France,Europe,Furniture,Tables,Folding Table,2904.38,6,0.1,-154.611
ORD-102867,2022-12-16,2022-12-22,Standard Class,Consumer,Turkey,MEA,Office Supplies,Fasteners,Rubber Bands,285.11,9,0.25,856.3799999999999
ORD-102868,2023-01-12,2023-01-16,First Class,Corporate,Malaysia,APAC,Furniture,Chairs,Executive Leather Chair,2918.13,7,0.1,385.92900000000003
ORD-102869,2024-06-22,2024-06-29,Standard Class,Consumer,Malaysia,APAC,Technology,Machines,Shredder Pro,771.6,2,0.0,1026.73
ORD-102870,2022-02-05,2022-02-11,Standard Class,Corporate,India,APAC,Office Supplies,Art,Canvas Pack,1800.86,5,0.2,710.144
ORD-102871,2021-09-30,2021-10-02,Standard Class,Home Office,Venezuela,LATAM,Office Supplies,Binders,3-Ring Binder,3323.15,2,0.5,-132.025
ORD-102872,2021-12-29,2022-01-02,First Class,Corporate,China,APAC,Office Supplies,Paper,Notebook Set,2597.6,4,0.1,1596.717
ORD-102873,2021-11-01,2021-11-02,Same Day,Corporate,India,APAC,Furniture,Tables,Conference Table,1744.53,2,0.3,-338.18399999999997
ORD-102874,2024-04-02,2024-04-03,Same Day,Corporate,Hungary,Europe,Office Supplies,Labels,Barcode Labels,516.57,3,0.0,376.19
ORD-102875,2023-10-27,2023-11-03,Second Class,Consumer,Austria,Europe,Technology,Accessories,Cable Kit,2470.48,4,0.0,389.4
ORD-102876,2023-07-19,2023-07-24,Standard Class,Corporate,Vietnam,APAC,Furniture,Bookcases,Library Wall Unit,305.67,2,0.2,-352.73600000000005
ORD-102877,2024-08-16,2024-08-17,Standard Class,Consumer,Brazil,LATAM,Office Supplies,Labels,Barcode Labels,799.13,2,0.0,462.37
ORD-102878,2021-06-12,2021-06-16,Standard Class,Corporate,Poland,Europe,Office Supplies,Art,Canvas Pack,2828.12,3,0.25,-6.862500000000001
ORD-102879,2021-01-22,2021-01-28,Standard Class,Consumer,Poland,Europe,Technology,Accessories,Cable Kit,3212.5,9,0.15,-96.951
ORD-102880,2021-09-09,2021-09-14,Second Class,Consumer,Nigeria,MEA,Technology,Accessories,Mouse Wireless,3397.79,2,0.2,598.784
ORD-102881,2024-07-06,2024-07-12,Second Class,Home Office,Vietnam,APAC,Technology,Accessories,Mouse Wireless,2288.71,6,0.0,-95.57
ORD-102882,2022-06-06,2022-06-11,Standard Class,Corporate,UAE,MEA,Technology,Machines,Folding Machine,2551.42,8,0.2,622.44
ORD-102883,2022-05-27,2022-06-01,Second Class,Consumer,Switzerland,Europe,Furniture,Tables,Conference Table,2665.9,9,0.0,-442.69
ORD-102884,2022-09-21,2022-09-28,Standard Class,Corporate,Norway,Europe,Furniture,Bookcases,Corner Bookcase,12.96,7,0.3,1191.561
ORD-102885,2021-02-20,2021-02-26,First Class,Corporate,Czech Republic,Europe,Technology,Phones,Wireless Phone Pro,267.74,1,0.0,876.92
ORD-102886,2021-11-25,2021-11-29,Standard Class,Corporate,Thailand,APAC,Office Supplies,Storage,Storage Cabinet,493.88,4,0.0,587.4
ORD-102887,2021-01-02,2021-01-07,Standard Class,Consumer,Romania,Europe,Office Supplies,Paper,Cardstock Pack,1643.74,9,0.2,1155.528
ORD-102888,2022-09-30,2022-10-05,Same Day,Home Office,Argentina,LATAM,Office Supplies,Art,Canvas Pack,1683.23,5,0.15,765.4675
ORD-102889,2024-07-31,2024-08-04,Standard Class,Consumer,Malaysia,APAC,Office Supplies,Fasteners,Rubber Bands,1552.28,6,0.0,77.82
ORD-102890,2022-12-10,2022-12-16,First Class,Consumer,Israel,MEA,Office Supplies,Paper,Notebook Set,505.27,2,0.0,1636.66
ORD-102891,2022-11-12,2022-11-16,Standard Class,Consumer,Hungary,Europe,Furniture,Bookcases,5-Shelf Bookcase,2212.36,1,0.5,201.54
ORD-102892,2024-06-07,2024-06-14,Second Class,Corporate,France,Europe,Office Supplies,Paper,Cardstock Pack,3222.76,4,0.25,1186.8375
ORD-102893,2022-10-04,2022-10-06,Second Class,Consumer,Israel,MEA,Technology,Phones,Wireless Phone Pro,2523.85,7,0.0,980.65
ORD-102894,2022-06-21,2022-06-28,Standard Class,Corporate,United Kingdom,Europe,Furniture,Tables,Coffee Table,1179.92,4,0.5,636.765
ORD-102895,2023-03-02,2023-03-07,Standard Class,Corporate,Czech Republic,Europe,Technology,Accessories,Cable Kit,2060.82,9,0.4,-232.56
ORD-102896,2024-09-09,2024-09-16,Second Class,Corporate,Saudi Arabia,MEA,Office Supplies,Labels,Shipping Labels,583.88,9,0.0,-459.31
ORD-102897,2023-09-07,2023-09-10,Standard Class,Home Office,Australia,APAC,Technology,Machines,Folding Machine,1063.68,9,0.0,1042.78
ORD-102898,2021-12-27,2022-01-03,Standard Class,Consumer,Russia,Europe,Office Supplies,Labels,Barcode Labels,1232.4,4,0.0,-109.09
ORD-102899,2022-09-20,2022-09-24,Standard Class,Corporate,Australia,APAC,Office Supplies,Paper,Notebook Set,3021.47,3,0.0,583.65
ORD-102900,2024-02-13,2024-02-14,Standard Class,Home Office,Venezuela,LATAM,Furniture,Bookcases,5-Shelf Bookcase,1147.03,9,0.1,1124.415
ORD-102901,2021-09-01,2021-09-08,Standard Class,Consumer,Russia,Europe,Technology,Machines,Laminator Machine,477.23,9,0.2,87.16000000000001
ORD-102902,2024-06-22,2024-06-23,Standard Class,Corporate,Venezuela,LATAM,Office Supplies,Storage,Shelving Unit,2470.74,6,0.0,1372.16
ORD-102903,2021-07-31,2021-08-06,Second Class,Consumer,United States,North America,Technology,Phones,Wireless Phone Pro,396.15,2,0.2,853.9120000000001
ORD-102904,2024-04-09,2024-04-13,First Class,Consumer,Mexico,LATAM,Technology,Machines,Laminator Machine,1691.71,4,0.2,1092.184
ORD-102905,2021-12-27,2021-12-28,Standard Class,Consumer,Vietnam,APAC,Furniture,Tables,Folding Table,1984.11,4,0.0,434.01
ORD-102906,2021-06-28,2021-07-03,Standard Class,Corporate,Israel,MEA,Office Supplies,Art,Framed Print,2065.71,4,0.0,-372.03
ORD-102907,2024-09-10,2024-09-15,Second Class,Corporate,Greece,Europe,Office Supplies,Labels,Barcode Labels,1219.28,7,0.5,192.9
ORD-102908,2021-04-05,2021-04-09,First Class,Consumer,New Zealand,APAC,Office Supplies,Envelopes,Padded Mailer,110.57,6,0.0,-321.91
ORD-102909,2024-09-16,2024-09-21,Standard Class,Corporate,Denmark,Europe,Technology,Copiers,Multifunction Copier,2184.83,5,0.3,1188.6839999999997
ORD-102910,2021-04-01,2021-04-07,Second Class,Corporate,Italy,Europe,Technology,Accessories,Mouse Wireless,1147.92,3,0.3,868.469
ORD-102911,2023-01-11,2023-01-15,Same Day,Consumer,France,Europe,Technology,Accessories,Cable Kit,2656.06,8,0.25,315.84000000000003
ORD-102912,2023-02-18,2023-02-23,First Class,Home Office,South Korea,APAC,Office Supplies,Labels,Barcode Labels,3172.59,8,0.0,1328.74
ORD-102913,2022-10-05,2022-10-08,Second Class,Home Office,United States,North America,Furniture,Tables,Folding Table,2347.08,7,0.0,624.48
ORD-102914,2021-03-14,2021-03-20,Same Day,Consumer,Russia,Europe,Office Supplies,Binders,3-Ring Binder,1881.37,8,0.3,864.3389999999999
ORD-102915,2022-01-25,2022-01-28,First Class,Corporate,Thailand,APAC,Furniture,Furnishings,Wall Clock,138.78,7,0.3,54.915
ORD-102916,2022-03-17,2022-03-21,Second Class,Consumer,Russia,Europe,Furniture,Chairs,Stack Chair Set,2499.2,2,0.2,250.672
ORD-102917,2022-11-09,2022-11-12,Second Class,Corporate,UAE,MEA,Office Supplies,Storage,File Cart,3237.17,9,0.0,8.86
ORD-102918,2022-12-03,2022-12-08,Standard Class,Consumer,Venezuela,LATAM,Technology,Accessories,Mouse Wireless,3386.14,4,0.0,145.71
ORD-102919,2022-03-29,2022-04-04,Second Class,Consumer,Greece,Europe,Furniture,Tables,Coffee Table,909.34,6,0.4,836.9219999999999
ORD-102920,2021-06-15,2021-06-17,Same Day,Consumer,Venezuela,LATAM,Technology,Copiers,Desktop Scanner,2550.37,7,0.0,-361.32
ORD-102921,2022-03-02,2022-03-07,Second Class,Home Office,New Zealand,APAC,Furniture,Bookcases,Corner Bookcase,397.53,2,0.5,682.86
ORD-102922,2023-08-06,2023-08-09,Standard Class,Consumer,Malaysia,APAC,Office Supplies,Supplies,Hole Punch,478.61,6,0.0,1775.36
ORD-102923,2022-09-30,2022-10-02,Standard Class,Consumer,South Africa,MEA,Furniture,Tables,Coffee Table,759.75,3,0.5,444.435
ORD-102924,2023-02-20,2023-02-21,Standard Class,Home Office,Argentina,LATAM,Furniture,Chairs,Executive Leather Chair,3242.86,9,0.1,60.552
ORD-102925,2023-12-02,2023-12-08,Standard Class,Corporate,Vietnam,APAC,Office Supplies,Art,Poster Set,2445.78,1,0.15,1446.5555
ORD-102926,2022-09-20,2022-09-21,Second Class,Corporate,Belgium,Europe,Technology,Phones,Office Phone System,395.18,3,0.0,1337.26
ORD-102927,2021-12-07,2021-12-11,Standard Class,Home Office,Colombia,LATAM,Office Supplies,Fasteners,Paper Clips,1303.25,9,0.0,1044.47
ORD-102928,2022-01-19,2022-01-25,Standard Class,Consumer,Philippines,APAC,Technology,Machines,Laminator Machine,3395.18,6,0.2,1262.888
ORD-102929,2024-09-01,2024-09-02,Standard Class,Consumer,Portugal,Europe,Technology,Phones,Wireless Phone Pro,30.44,5,0.0,-364.74
ORD-102930,2022-05-07,2022-05-10,Standard Class,Corporate,Israel,MEA,Furniture,Chairs,Executive Leather Chair,1585.15,6,0.2,312.744
ORD-102931,2024-07-14,2024-07-20,Standard Class,Corporate,Ireland,Europe,Technology,Copiers,Color Laser Copier,461.24,6,0.5,553.775
ORD-102932,2021-03-19,2021-03-22,Standard Class,Corporate,Belgium,Europe,Technology,Accessories,Mouse Wireless,2148.17,5,0.3,-171.248
ORD-102933,2024-07-14,2024-07-19,Standard Class,Consumer,Philippines,APAC,Office Supplies,Envelopes,Padded Mailer,250.92,6,0.3,480.47999999999996
ORD-102934,2024-01-03,2024-01-06,Second Class,Consumer,Peru,LATAM,Office Supplies,Envelopes,Padded Mailer,2986.4,4,0.5,337.285
ORD-102935,2021-12-19,2021-12-22,Second Class,Consumer,Romania,Europe,Technology,Accessories,Keyboard Dual,477.63,4,0.2,1329.2
ORD-102936,2024-12-06,2024-12-12,First Class,Corporate,United Kingdom,Europe,Technology,Machines,Folding Machine,126.86,6,0.2,289.136
ORD-102937,2021-06-09,2021-06-10,Second Class,Consumer,Nigeria,MEA,Office Supplies,Storage,Storage Box,2721.18,4,0.2,-175.24800000000002
ORD-102938,2021-02-24,2021-03-02,Standard Class,Consumer,Netherlands,Europe,Technology,Phones,Office Phone System,1425.91,1,0.4,732.564
ORD-102939,2021-11-29,2021-12-05,Second Class,Consumer,Canada,North America,Technology,Copiers,Color Laser Copier,2362.35,7,0.2,1152.872
ORD-102940,2021-05-22,2021-05-25,Standard Class,Consumer,Colombia,LATAM,Office Supplies,Envelopes,Padded Mailer,3223.81,9,0.0,409.73
ORD-102941,2021-10-29,2021-10-31,Standard Class,Consumer,Canada,North America,Furniture,Furnishings,Plant Holder,3073.06,9,0.0,773.95
ORD-102942,2022-10-28,2022-11-01,Standard Class,Corporate,Indonesia,APAC,Technology,Accessories,USB Hub,2473.13,7,0.1,1318.32
ORD-102943,2023-06-05,2023-06-10,Same Day,Corporate,Israel,MEA,Office Supplies,Envelopes,Tyvek Envelope,3362.36,7,0.0,1576.69
ORD-102944,2024-09-07,2024-09-08,Second Class,Corporate,Italy,Europe,Technology,Phones,Office Phone System,471.57,6,0.0,-231.59
ORD-102945,2021-03-07,2021-03-11,First Class,Consumer,Egypt,MEA,Office Supplies,Storage,Storage Cabinet,506.02,6,0.2,1410.4080000000001
ORD-102946,2023-07-30,2023-08-05,Same Day,Consumer,Greece,Europe,Furniture,Furnishings,Wall Clock,1873.69,4,0.0,-168.83
ORD-102947,2023-03-20,2023-03-24,Standard Class,Home Office,India,APAC,Furniture,Chairs,Stack Chair Set,1709.78,5,0.1,1217.6100000000001
ORD-102948,2022-09-24,2022-10-01,Standard Class,Consumer,United States,North America,Office Supplies,Storage,File Cart,1490.93,2,0.0,-121.22
ORD-102949,2024-05-11,2024-05-12,Standard Class,Corporate,Peru,LATAM,Furniture,Chairs,Gaming Chair X,2188.39,7,0.0,196.36
ORD-102950,2024-08-10,2024-08-11,Second Class,Consumer,Ireland,Europe,Furniture,Bookcases,Library Wall Unit,1150.22,2,0.15,1324.5804999999998
ORD-102951,2021-09-06,2021-09-07,Second Class,Home Office,Philippines,APAC,Office Supplies,Labels,Barcode Labels,431.53,9,0.1,908.955
ORD-102952,2023-09-08,2023-09-15,Second Class,Consumer,Canada,North America,Technology,Accessories,USB Hub,1549.23,4,0.0,-264.93
ORD-102953,2024-04-08,2024-04-12,Standard Class,Consumer,Saudi Arabia,MEA,Technology,Machines,Postal Scale,3300.9,5,0.25,322.185
ORD-102954,2021-01-19,2021-01-23,Standard Class,Corporate,Turkey,MEA,Furniture,Chairs,Executive Leather Chair,861.68,1,0.0,-428.28
ORD-102955,2022-05-30,2022-05-31,Standard Class,Corporate,Peru,LATAM,Technology,Accessories,USB Hub,110.82,4,0.0,698.02
ORD-102956,2024-03-15,2024-03-16,Standard Class,Consumer,Czech Republic,Europe,Furniture,Tables,Coffee Table,322.17,6,0.0,-291.49
ORD-102957,2022-01-30,2022-02-04,Second Class,Consumer,Netherlands,Europe,Technology,Accessories,Cable Kit,267.4,2,0.3,946.2879999999999
ORD-102958,2023-07-01,2023-07-03,Same Day,Corporate,New Zealand,APAC,Office Supplies,Binders,3-Ring Binder,588.0,6,0.2,111.67200000000001
ORD-102959,2021-09-12,2021-09-17,Standard Class,Consumer,Canada,North America,Furniture,Furnishings,Plant Holder,2283.84,1,0.3,920.0029999999999
ORD-102960,2022-01-02,2022-01-08,First Class,Consumer,Nigeria,MEA,Furniture,Bookcases,Library Wall Unit,2772.51,3,0.0,-242.9
ORD-102961,2021-07-27,2021-08-03,First Class,Consumer,Norway,Europe,Office Supplies,Fasteners,Paper Clips,2332.35,8,0.25,-147.2175
ORD-102962,2021-08-20,2021-08-25,Standard Class,Corporate,United Kingdom,Europe,Technology,Accessories,USB Hub,769.23,8,0.15,833.5269999999999
ORD-102963,2021-10-22,2021-10-27,Standard Class,Consumer,Indonesia,APAC,Technology,Copiers,Multifunction Copier,441.37,4,0.0,259.11
ORD-102964,2021-04-29,2021-05-06,Standard Class,Consumer,Argentina,LATAM,Technology,Accessories,Keyboard Dual,54.17,3,0.3,469.80499999999995
ORD-102965,2023-11-14,2023-11-21,Second Class,Consumer,Switzerland,Europe,Furniture,Chairs,Gaming Chair X,2893.04,7,0.0,523.68
ORD-102966,2024-02-17,2024-02-23,Standard Class,Corporate,Peru,LATAM,Office Supplies,Binders,Presentation Binder,1025.75,5,0.25,950.3325
ORD-102967,2022-04-06,2022-04-08,Standard Class,Corporate,Mexico,LATAM,Furniture,Tables,Folding Table,589.18,5,0.0,1101.62
ORD-102968,2022-10-12,2022-10-17,Second Class,Corporate,Turkey,MEA,Technology,Machines,Shredder Pro,573.77,7,0.3,422.13499999999993
ORD-102969,2024-03-24,2024-03-30,Standard Class,Home Office,Poland,Europe,Technology,Copiers,Multifunction Copier,1125.07,6,0.3,635.922
ORD-102970,2023-09-25,2023-09-26,Standard Class,Consumer,Finland,Europe,Furniture,Chairs,Executive Leather Chair,2709.75,4,0.0,970.76
ORD-102971,2023-08-10,2023-08-15,Standard Class,Consumer,Saudi Arabia,MEA,Technology,Machines,Laminator Machine,548.24,9,0.4,79.64999999999999
ORD-102972,2022-10-15,2022-10-22,Standard Class,Consumer,Peru,LATAM,Office Supplies,Supplies,Scissors,776.94,9,0.3,695.9259999999999
ORD-102973,2023-06-25,2023-06-26,Standard Class,Home Office,Ireland,Europe,Furniture,Furnishings,Filing Cabinet,1786.22,4,0.5,543.495
ORD-102974,2022-12-12,2022-12-13,First Class,Corporate,Hungary,Europe,Office Supplies,Binders,3-Ring Binder,2568.33,4,0.3,1004.9689999999999
ORD-102975,2021-04-09,2021-04-10,Standard Class,Consumer,Switzerland,Europe,Office Supplies,Storage,Storage Cabinet,2604.31,3,0.15,190.4
ORD-102976,2022-09-21,2022-09-28,First Class,Home Office,Turkey,MEA,Office Supplies,Fasteners,Rubber Bands,1809.13,4,0.1,1188.8190000000002
ORD-102977,2023-03-18,2023-03-20,Standard Class,Corporate,United States,North America,Technology,Accessories,Mouse Wireless,2271.24,1,0.2,-186.048
ORD-102978,2024-03-01,2024-03-05,Standard Class,Home Office,Venezuela,LATAM,Furniture,Chairs,Stack Chair Set,1829.75,8,0.25,1198.5075
ORD-102979,2021-01-24,2021-01-31,Standard Class,Consumer,Turkey,MEA,Office Supplies,Storage,Shelving Unit,1327.48,2,0.4,217.308
ORD-102980,2021-03-31,2021-04-07,Standard Class,Consumer,Austria,Europe,Furniture,Chairs,Gaming Chair X,1799.51,1,0.25,-258.9225
ORD-102981,2024-08-30,2024-09-06,First Class,Consumer,South Korea,APAC,Technology,Copiers,Desktop Scanner,1303.4,9,0.0,1650.0
ORD-102982,2024-04-17,2024-04-20,Standard Class,Corporate,Malaysia,APAC,Technology,Phones,Headset Premium,837.94,5,0.4,-228.408
ORD-102983,2023-11-30,2023-12-01,Second Class,Corporate,Thailand,APAC,Furniture,Chairs,Executive Leather Chair,2402.22,2,0.4,576.2579999999999
ORD-102984,2021-12-11,2021-12-14,Standard Class,Corporate,Thailand,APAC,Technology,Accessories,Keyboard Dual,1019.61,7,0.0,63.91
ORD-102985,2024-03-31,2024-04-03,Standard Class,Consumer,Canada,North America,Office Supplies,Paper,Photo Paper,496.87,9,0.2,682.024
ORD-102986,2021-10-31,2021-11-01,Second Class,Home Office,Philippines,APAC,Office Supplies,Fasteners,Stapler Set,2166.53,2,0.4,830.3159999999999
ORD-102987,2022-12-08,2022-12-15,Standard Class,Consumer,Thailand,APAC,Office Supplies,Envelopes,Business Envelope,525.69,6,0.2,836.768
ORD-102988,2023-08-06,2023-08-12,Second Class,Corporate,Canada,North America,Office Supplies,Supplies,Hole Punch,1355.28,3,0.25,-174.71249999999998
ORD-102989,2024-02-24,2024-02-26,Standard Class,Consumer,Spain,Europe,Technology,Machines,Shredder Pro,248.32,7,0.4,-139.266
ORD-102990,2023-04-26,2023-04-28,Standard Class,Consumer,France,Europe,Technology,Accessories,Keyboard Dual,804.99,9,0.15,-366.34999999999997
ORD-102991,2023-05-01,2023-05-02,First Class,Corporate,Portugal,Europe,Office Supplies,Paper,Cardstock Pack,288.42,7,0.4,-99.54
ORD-102992,2024-09-28,2024-10-05,Standard Class,Corporate,Portugal,Europe,Office Supplies,Art,Canvas Pack,2849.29,7,0.3,-28.846999999999998
ORD-102993,2021-09-18,2021-09-25,First Class,Consumer,Poland,Europe,Office Supplies,Storage,Storage Box,1468.41,4,0.3,7.742
ORD-102994,2023-10-28,2023-11-03,Standard Class,Consumer,Czech Republic,Europe,Office Supplies,Paper,Photo Paper,231.8,7,0.3,350.03499999999997
ORD-102995,2023-10-20,2023-10-25,Standard Class,Consumer,Saudi Arabia,MEA,Furniture,Chairs,Ergo Chair Pro,2021.11,3,0.0,992.47
ORD-102996,2022-08-28,2022-08-31,Second Class,Home Office,Hungary,Europe,Technology,Copiers,Color Laser Copier,207.5,4,0.15,1065.5684999999999
ORD-102997,2024-07-23,2024-07-30,Standard Class,Consumer,Norway,Europe,Office Supplies,Binders,Presentation Binder,2881.74,2,0.25,631.17
ORD-102998,2024-11-27,2024-12-01,Standard Class,Corporate,Singapore,APAC,Office Supplies,Storage,Shelving Unit,3311.35,6,0.4,777.8159999999999
ORD-102999,2022-01-02,2022-01-03,Standard Class,Corporate,United Kingdom,Europe,Furniture,Tables,Standing Desk,602.78,3,0.0,162.15
ORD-103000,2024-04-17,2024-04-20,Standard Class,Consumer,Belgium,Europe,Office Supplies,Envelopes,Padded Mailer,3067.32,3,0.25,1203.795
